Organization ID,Fiscal Year,Special Value Flag,Feed Date,Fiscal Year End Date,ESG SCORE,ESG Combined Score,ESG Controversies Score,Resource Use Score,Emissions Score,Environmental Innovation Score,Workforce Score,Human Rights Score,Community Score,Product Responsibility Score,Management Score,Shareholders Score,CSR Strategy Score,Board of Directors/Board Functions (Inactive),Board of Directors/Board Structure (Inactive),Board of Directors/Compensation Policy (Inactive),Integration/Vision and Strategy (Inactive),Shareholders /Shareholder Rights (Inactive),Margins /Performance (Inactive),Profitability /Shareholder Loyalty (Inactive),Revenue /Client Loyalty (Inactive),Emission Reduction (Inactive),Product Innovation (Inactive),Resource Reduction (Inactive),Customer /Product Responsibility (Inactive),Society /Community (Inactive),Society /Human Rights (Inactive),Workforce /Diversity and Opportunity (Inactive),Workforce /Employment Quality (Inactive),Workforce /Health & Safety (Inactive),Workforce /Training and Development (Inactive),Asset4 Identifier,Organization ID,Refinitiv Business Classification Code,Primary Exchange,Status Flag (1 = Active),Organization Authority Identifier,Ticker,CUSIP,Sedol,ISIN
18227,2010,500,9/25/2022,12/25/2010,0.951623713,0.51528554,0.078947368,0.953333333,0.992753623,0.833333333,0.994623656,0.924242424,0.972527473,0.994047619,0.980558325,0.931704885,0.9743083,0.862253,0.789513,0.775884,0.935423,0.850784,0.933886,0.346338,0.965379,0.863565,0.842521,0.924564,0.976533,0.970973,0.702423,0.927734,0.94964,0.978667,0.789181,A4_00015,Intel Corporation,5710,NSM,1,4295906830,INTC,45814010,246324,US4581401001
18227,2011,500,9/25/2022,12/31/2011,0.905025915,0.640012958,0.375,0.980263158,0.979452055,0.776923077,0.972826087,0.95,0.959770115,0.946428571,0.825100806,0.72328629,0.97637051,0.840115,0.70789,0.769291,0.922727,0.808057,0.974033,0.648185,0.957036,0.94024,0.952111,0.920053,0.880633,0.855467,0.960898,0.926797,0.657112,0.975941,0.766418,A4_00015,Intel Corporation,5710,NSM,1,4295906830,INTC,45814010,246324,US4581401001
18227,2012,500,9/25/2022,12/29/2012,0.913083756,0.913083756,0.958333333,0.98125,0.993333333,0.778571429,0.983870968,0.952830189,0.927777778,0.911764706,0.909693878,0.651530612,0.969202899,0.835171,0.72659,0.667303,0.9138,0.918019,0.961026,0.836719,0.938568,0.934167,0.94153,0.907391,0.650537,0.837342,0.946623,0.915275,0.942864,0.973549,0.742378,A4_00015,Intel Corporation,5710,NSM,1,4295906830,INTC,45814010,246324,US4581401001
18227,2013,500,9/25/2022,12/28/2013,0.856951571,0.653475786,0.45,0.98125,0.993243243,0.787671233,0.983695652,0.983606557,0.927777778,0.889534884,0.554247697,0.679119754,0.970216606,0.867318,0.58019,0.739445,0.914609,0.915912,0.966479,0.756959,0.945143,0.86386,0.944157,0.910804,0.973358,0.94664,0.942784,0.917505,0.600788,0.767058,0.745165,A4_00015,Intel Corporation,5710,NSM,1,4295906830,INTC,45814010,246324,US4581401001
18227,2014,500,9/25/2022,12/27/2014,0.913875277,0.648114109,0.382352941,0.981707317,0.993421053,0.783783784,0.97311828,0.984615385,0.907608696,0.882022472,0.921699079,0.622824974,0.968007313,0.903458,0.755001,0.822437,0.916354,0.851511,0.97038,0.936719,0.960806,0.901638,0.946413,0.912539,0.563651,0.873928,0.939733,0.92328,0.861309,0.897854,0.746246,A4_00015,Intel Corporation,5710,NSM,1,4295906830,INTC,45814010,246324,US4581401001
18227,2015,500,9/25/2022,12/26/2015,0.904158856,0.844936571,0.785714286,0.994186047,0.993670886,0.777777778,0.955,0.972972973,0.955,0.718085106,0.929840686,0.675551471,0.949511401,0.914577,0.730715,0.852972,0.926167,0.885129,0.966371,0.489521,0.962599,0.877443,0.959571,0.920552,0.967551,0.941234,0.946125,0.797309,0.821307,0.935104,0.775825,A4_00015,Intel Corporation,5710,NSM,1,4295906830,INTC,45814010,246324,US4581401001
18227,2016,500,9/25/2022,12/31/2016,0.892499555,0.874821206,0.857142857,0.994897959,0.994565217,0.769736842,0.943478261,0.978494624,0.943478261,0.686363636,0.898677474,0.643984642,0.95612708,0.900475,0.712975,0.696606,0.933262,0.891873,0.956763,0.961803,0.973782,0.897973,0.967663,0.924834,0.554397,0.943411,0.948401,0.949026,0.775909,0.940939,0.827598,A4_00015,Intel Corporation,5710,NSM,1,4295906830,INTC,45814010,246324,US4581401001
18227,2017,500,9/25/2022,12/30/2017,0.870770797,0.810385399,0.75,0.995412844,0.974747475,0.8,0.951492537,0.98989899,0.958955224,0.388,0.871614673,0.694034967,0.968965517,0.887713,0.744568,0.700817,0.937883,0.896914,0.974699,0.944511,0.948199,0.905347,0.974829,0.923183,0.977453,0.871824,0.947409,0.939755,0.958977,0.933577,0.811079,A4_00015,Intel Corporation,5710,NSM,1,4295906830,INTC,45814010,246324,US4581401001
18227,2018,500,9/25/2022,12/29/2018,0.881902806,0.476665689,0.071428571,0.995867769,0.969565217,0.791208791,0.947183099,0.978448276,0.954225352,0.375912409,0.983860233,0.645424293,0.951821387,0.900759,0.834857,0.830543,0.917547,0.818984,0.954489,0.977715,0.504841,0.952271,0.948267,0.917665,0.454747,0.945641,0.908316,0.934676,0.408258,0.739045,0.845238,A4_00015,Intel Corporation,5710,NSM,1,4295906830,INTC,45814010,246324,US4581401001
18227,2019,500,9/25/2022,12/28/2019,0.886789443,0.751087029,0.615384615,0.996503497,0.953900709,0.80733945,0.99132948,0.966911765,0.956647399,0.357594937,0.983301527,0.706583969,0.953580902,0.880607,0.772987,0.86007,0.909649,0.799262,0.380559,0.22274,0.9475,0.938226,0.820442,0.917623,0.887625,0.98625,0.895231,0.520367,0.04052,0.891274,0.831107,A4_00015,Intel Corporation,5710,NSM,1,4295906830,INTC,45814010,246324,US4581401001
18227,2020,500,9/25/2022,12/26/2020,0.884589188,0.567294594,0.25,0.997093023,0.972891566,0.783333333,0.99744898,0.955974843,0.992346939,0.330601093,0.989935823,0.655046674,0.97421671,0.868356,0.879229,0.832652,0.907864,0.848392,0.704774,0.941237,0.580064,0.94613,0.815604,0.921487,0.264164,0.865048,0.889385,0.847297,0.042625,0.846583,0.82312,A4_00015,Intel Corporation,5710,NSM,1,4295906830,INTC,45814010,246324,US4581401001
18227,2021,500,9/25/2022,12/25/2021,0.86029807,0.457926813,0.055555556,0.997382199,0.981578947,0.76171875,0.978773585,0.943181818,0.983490566,0.334158416,0.870227959,0.773551222,0.869066667,0.863687,0.843667,0.52104,0.851562,0.665042,0.090802,0.743938,0.598407,0.941456,0.902531,0.923383,0.342244,0.899972,0.884495,0.808713,0.039697,0.82111,0.814944,A4_00015,Intel Corporation,5710,NSM,1,4295906830,INTC,45814010,246324,US4581401001
18227,2022,510,9/25/2022,,,,,,,,,,,,,,,0.899316,0.853583,0.666605,0.862961,0.655309,0.096513,0.117552,0.593829,0.943308,0.875859,0.924998,0.339932,0.909768,0.886008,0.805357,0.038236,0.828443,0.817203,A4_00015,Intel Corporation,5710,NSM,1,4295906830,INTC,45814010,246324,US4581401001
18254,2010,500,9/25/2022,12/31/2010,0.88881182,0.88881182,0.894736842,0.993333333,0.97826087,0.962121212,0.983870968,0.772727273,0.961538462,0.523809524,0.98554337,0.780159521,0.757905138,0.852277,0.892727,0.822537,0.892764,0.942645,0.973451,0.77818,0.960895,0.948501,0.964033,0.931267,0.886253,0.956028,0.965038,0.947161,0.957086,0.978761,0.929949,A4_00144,Texas Instruments Incorporated,5710,NSM,1,4295905063,TXN,88250810,288540,US8825081040
18254,2011,500,9/25/2022,12/31/2011,0.925424424,0.925424424,1,0.993421053,0.952054795,0.992307692,0.983695652,0.8625,0.948275862,0.958333333,0.989415323,0.498487903,0.72778828,0.861149,0.860976,0.709905,0.912672,0.922499,0.893577,0.556456,0.945293,0.945453,0.968537,0.91459,0.955548,0.960355,0.947926,0.941894,0.956401,0.976192,0.92481,A4_00144,Texas Instruments Incorporated,5710,NSM,1,4295905063,TXN,88250810,288540,US8825081040
18254,2012,500,9/25/2022,12/31/2012,0.890394043,0.890394043,1,0.99375,0.966666667,0.992857143,0.97311828,0.811320755,0.961111111,0.952941176,0.927040816,0.18622449,0.695652174,0.849816,0.882235,0.41808,0.89061,0.526227,0.554056,0.897907,0.933468,0.931762,0.959967,0.912066,0.967866,0.956519,0.926766,0.852712,0.878002,0.97376,0.91854,A4_00144,Texas Instruments Incorporated,5710,NSM,1,4295905063,TXN,88250810,288540,US8825081040
18254,2013,500,9/25/2022,12/31/2013,0.879233845,0.879233845,1,0.99375,0.966216216,0.993150685,0.972826087,0.778688525,0.938888889,0.936046512,0.893039918,0.247185261,0.69765343,0.842503,0.874826,0.481976,0.891075,0.646621,0.75202,0.93476,0.913214,0.935251,0.963372,0.913937,0.968321,0.960858,0.921075,0.858654,0.951006,0.973276,0.921007,A4_00144,Texas Instruments Incorporated,5710,NSM,1,4295905063,TXN,88250810,288540,US8825081040
18254,2014,500,9/25/2022,12/31/2014,0.83595868,0.83595868,1,0.993902439,0.967105263,0.993243243,0.951612903,0.892307692,0.961956522,0.926966292,0.542988741,0.321903787,0.597806216,0.471435,0.74786,0.717398,0.853007,0.749,0.921866,0.959556,0.918684,0.940581,0.964709,0.91497,0.971188,0.961708,0.91644,0.861852,0.900591,0.948581,0.923816,A4_00144,Texas Instruments Incorporated,5710,NSM,1,4295905063,TXN,88250810,288540,US8825081040
18254,2015,500,9/25/2022,12/31/2015,0.847941034,0.847941034,1,0.98255814,0.955696203,0.993055556,0.945,0.844594595,0.965,0.946808511,0.668811275,0.306066176,0.578175896,0.460943,0.752116,0.674937,0.890413,0.776336,0.922102,0.632812,0.943508,0.949846,0.973462,0.916793,0.971842,0.957754,0.923529,0.887324,0.947798,0.972228,0.927979,A4_00144,Texas Instruments Incorporated,5710,NSM,1,4295905063,TXN,88250810,288540,US8825081040
18254,2016,500,9/25/2022,12/31/2016,0.869673221,0.869673221,1,0.964285714,0.940217391,0.993421053,0.934782609,0.88172043,0.952173913,0.945454545,0.789889078,0.313353242,0.578668684,0.486187,0.793905,0.61006,0.904532,0.796962,0.940284,0.970207,0.968899,0.955223,0.979441,0.92759,0.977461,0.964102,0.925592,0.90558,0.956609,0.968455,0.931136,A4_00144,Texas Instruments Incorporated,5710,NSM,1,4295905063,TXN,88250810,288540,US8825081040
18254,2017,500,9/25/2022,12/31/2017,0.844609987,0.844609987,1,0.97706422,0.934343434,0.99375,0.936567164,0.873737374,0.96641791,0.948,0.623414467,0.360815907,0.584827586,0.472839,0.762086,0.607552,0.91211,0.835047,0.957978,0.977896,0.972938,0.959525,0.984233,0.914421,0.979126,0.968199,0.923381,0.921314,0.961375,0.97414,0.93383,A4_00144,Texas Instruments Incorporated,5710,NSM,1,4295905063,TXN,88250810,288540,US8825081040
18254,2018,500,9/25/2022,12/31/2018,0.847724499,0.847724499,1,0.987603306,0.934782609,0.956043956,0.940140845,0.75862069,0.982394366,0.945255474,0.755241265,0.357570715,0.596944771,0.331986,0.434141,0.418912,0.801215,0.804437,0.964813,0.978291,0.91732,0.950211,0.979576,0.913578,0.980338,0.937317,0.87094,0.940592,0.403225,0.93068,0.900568,A4_00144,Texas Instruments Incorporated,5710,NSM,1,4295905063,TXN,88250810,288540,US8825081040
18254,2019,500,9/25/2022,12/31/2019,0.901182363,0.901182363,1,0.98951049,0.996453901,0.958715596,0.898843931,0.871323529,0.968208092,0.930379747,0.935273537,0.435909669,0.622900088,0.494726,0.440868,0.610217,0.695423,0.797132,0.293817,0.899817,0.898288,0.949186,0.931232,0.913647,0.985582,0.779653,0.851779,0.865997,0.897673,0.942732,0.888289,A4_00144,Texas Instruments Incorporated,5710,NSM,1,4295905063,TXN,88250810,288540,US8825081040
18254,2020,500,9/25/2022,12/31/2020,0.857896431,0.857896431,1,0.99127907,0.984939759,0.95,0.905612245,0.84591195,0.99744898,0.931693989,0.646586931,0.460472579,0.855417755,0.363906,0.252347,0.462454,0.914216,0.529546,0.570715,0.929288,0.979734,0.947497,0.931131,0.917186,0.986756,0.983988,0.840629,0.853019,0.85225,0.941261,0.884553,A4_00144,Texas Instruments Incorporated,5710,NSM,1,4295905063,TXN,88250810,288540,US8825081040
18254,2021,500,9/25/2022,12/31/2021,0.825566107,0.825566107,1,0.981675393,0.992105263,0.953125,0.91745283,0.806818182,0.997641509,0.935643564,0.443971436,0.589261192,0.869066667,0.419161,0.172815,0.642841,0.892157,0.680812,0.268487,0.696484,0.981727,0.946632,0.927517,0.917927,0.987092,0.986147,0.831352,0.844377,0.816794,0.945202,0.8839,A4_00144,Texas Instruments Incorporated,5710,NSM,1,4295905063,TXN,88250810,288540,US8825081040
18254,2022,510,9/25/2022,,,,,,,,,,,,,,,0.499875,0.165843,0.657788,0.895225,0.681362,0.262736,0.779757,0.982959,0.948355,0.930585,0.919758,0.988107,0.987697,0.826731,0.84371,0.843477,0.94937,0.886576,A4_00144,Texas Instruments Incorporated,5710,NSM,1,4295905063,TXN,88250810,288540,US8825081040
19775,2010,500,9/25/2022,9/25/2010,0.598853127,0.313315452,0.027777778,0.9375,0.5875,0.4,0.467391304,0.948275862,0.744444444,0.05,0.572781655,0.912761715,0.595849802,0.544375,0.894647,0.379608,0.816883,0.682318,0.450823,0.449765,0.153062,0.78332,0.969478,0.902031,0.250615,0.107221,0.791159,0.197919,0.443358,0.673821,0.431476,A4_00503,Apple Inc,5710,NSM,1,4295905573,AAPL,03783310,204625,US0378331005
19775,2011,500,9/25/2022,9/24/2011,0.526378122,0.27707795,0.027777778,0.9375,0.4625,0.432432432,0.436170213,0.954545455,0.931818182,0.048780488,0.085181452,0.858366935,0.809073724,0.864667,0.787966,0.468253,0.895495,0.405819,0.28011,0.41081,0.151963,0.747637,0.957221,0.922517,0.230218,0.132042,0.852,0.182173,0.431218,0.569805,0.346576,A4_00503,Apple Inc,5710,NSM,1,4295905573,AAPL,03783310,204625,US0378331005
19775,2012,500,9/25/2022,9/29/2012,0.565544716,0.298397358,0.03125,0.858974359,0.448717949,0.418918919,0.366666667,0.944444444,0.837209302,0.040540541,0.399489796,0.984183673,0.772644928,0.823056,0.877257,0.373458,0.869959,0.82596,0.458203,0.934734,0.432233,0.842088,0.933491,0.866204,0.211258,0.090557,0.947412,0.380047,0.517355,0.921064,0.309996,A4_00503,Apple Inc,5710,NSM,1,4295905573,AAPL,03783310,204625,US0378331005
19775,2013,500,9/25/2022,9/28/2013,0.602998167,0.319356226,0.035714286,0.833333333,0.423076923,0.388888889,0.388888889,0.945945946,0.642857143,0.039473684,0.728249744,0.966734903,0.76534296,0.840855,0.868407,0.796357,0.871342,0.792109,0.455884,0.849179,0.24185,0.858396,0.834873,0.86896,0.31787,0.090328,0.702665,0.251747,0.409406,0.92073,0.34273,A4_00503,Apple Inc,5710,NSM,1,4295905573,AAPL,03783310,204625,US0378331005
19775,2014,500,9/25/2022,9/27/2014,0.561742594,0.297537964,0.033333333,0.807692308,0.581081081,0.385714286,0.476744186,0.585714286,0.55,0.041666667,0.829580348,0.923746162,0.778793419,0.888562,0.907555,0.463625,0.873557,0.817934,0.260918,0.757453,0.146214,0.891441,0.863044,0.871782,0.226492,0.095715,0.941508,0.441466,0.419784,0.363532,0.344841,A4_00503,Apple Inc,5710,NSM,1,4295905573,AAPL,03783310,204625,US0378331005
19775,2015,500,9/25/2022,9/26/2015,0.542146681,0.298851118,0.055555556,0.922222222,0.62195122,0.368421053,0.578431373,0.463414634,0.549019608,0.133333333,0.719056373,0.901041667,0.769543974,0.863209,0.8997,0.582026,0.901631,0.851563,0.386329,0.948808,0.231219,0.915741,0.897597,0.924631,0.288124,0.159885,0.946632,0.507862,0.765798,0.935407,0.417131,A4_00503,Apple Inc,5710,NSM,1,4295905573,AAPL,03783310,204625,US0378331005
19775,2016,500,9/25/2022,9/24/2016,0.615580661,0.375972148,0.136363636,0.904255319,0.61627907,0.392857143,0.640350877,0.455555556,0.5,0.555555556,0.854308874,0.884172355,0.762481089,0.866051,0.930638,0.49292,0.916495,0.870738,0.37342,0.909618,0.248358,0.930344,0.917186,0.822212,0.321778,0.197426,0.94889,0.570341,0.596533,0.944447,0.451738,A4_00503,Apple Inc,5710,NSM,1,4295905573,AAPL,03783310,204625,US0378331005
19775,2017,500,9/25/2022,9/30/2017,0.68331667,0.409840153,0.136363636,0.97,0.670212766,0.4,0.8671875,0.522222222,0.671875,0.616666667,0.866472403,0.887041481,0.762758621,0.867844,0.933509,0.499609,0.923825,0.890367,0.358341,0.900911,0.293228,0.94059,0.934827,0.82784,0.354398,0.275235,0.94798,0.870921,0.94827,0.945646,0.472195,A4_00503,Apple Inc,5710,NSM,1,4295905573,AAPL,03783310,204625,US0378331005
19775,2018,500,9/25/2022,9/29/2018,0.718953769,0.380310218,0.041666667,0.991525424,0.728070175,0.4,0.75,0.613207547,0.878571429,0.590909091,0.940266223,0.846422629,0.755581669,0.84379,0.889912,0.329478,0.925814,0.882023,0.418731,0.895288,0.435357,0.894558,0.956817,0.917233,0.389158,0.905948,0.607915,0.938964,0.39816,0.881096,0.178157,A4_00503,Apple Inc,5710,NSM,1,4295905573,AAPL,03783310,204625,US0378331005
19775,2019,500,9/25/2022,9/28/2019,0.704156201,0.374805373,0.045454545,0.992753623,0.875,0.37037037,0.70625,0.6,0.86875,0.590277778,0.891698473,0.805820611,0.765694076,0.85544,0.873194,0.49305,0.905486,0.871996,0.1275,0.063129,0.271167,0.930583,0.846461,0.915878,0.172109,0.62336,0.666331,0.890895,0.084743,0.867729,0.19995,A4_00503,Apple Inc,5710,NSM,1,4295905573,AAPL,03783310,204625,US0378331005
19775,2020,500,9/25/2022,9/26/2020,0.767444042,0.398427903,0.029411765,0.981707317,0.93373494,0.40625,0.838541667,0.816455696,0.880208333,0.559139785,0.889585764,0.824533256,0.855417755,0.693103,0.880739,0.330916,0.938058,0.397414,0.155252,0.065821,0.290757,0.933032,0.843712,0.775182,0.137425,0.609483,0.631463,0.877891,0.040328,0.955659,0.790976,A4_00503,Apple Inc,5710,NSM,1,4295905573,AAPL,03783310,204625,US0378331005
19775,2021,500,9/25/2022,9/25/2021,0.794940938,0.411359358,0.027777778,0.983695652,0.961538462,0.432432432,0.90952381,0.791666667,0.9,0.534313725,0.990249931,0.845784125,0.869066667,0.854521,0.841814,0.790684,0.927694,0.963887,0.226842,0.437764,0.294155,0.926768,0.835908,0.927944,0.134272,0.621757,0.619531,0.910591,0.037339,0.958224,0.742551,A4_00503,Apple Inc,5710,NSM,1,4295905573,AAPL,03783310,204625,US0378331005
19775,2022,510,9/25/2022,,,,,,,,,,,,,,,0.893932,0.861278,0.731534,0.930061,0.857531,0.232125,0.323434,0.296506,0.92708,0.831727,0.922003,0.134072,0.655825,0.42099,0.910692,0.035065,0.958308,0.758389,A4_00503,Apple Inc,5710,NSM,1,4295905573,AAPL,03783310,204625,US0378331005
27602,2010,500,9/25/2022,6/30/2010,0.925964563,0.485041105,0.044117647,0.959770115,0.957831325,0.71875,0.910714286,0.948275862,0.975,0.907079646,0.958624128,0.915752742,0.850790514,0.844313,0.91064,0.893363,0.933245,0.738027,0.944591,0.925458,0.483373,0.912036,0.976656,0.945325,0.954333,0.749293,0.79629,0.908232,0.26437,0.826143,0.831914,A4_00095,Microsoft Corporation,5720,NSM,1,4295907168,MSFT,59491810,258817,US5949181045
27602,2011,500,9/25/2022,6/30/2011,0.925305899,0.545986283,0.166666667,0.948275862,0.994252874,0.701492537,0.924460432,0.921052632,0.952898551,0.885964912,0.986391129,0.898689516,0.84026465,0.85679,0.898966,0.8861,0.921922,0.981575,0.956099,0.943686,0.50131,0.872632,0.830251,0.89749,0.619753,0.709344,0.831733,0.898329,0.49736,0.792456,0.804112,A4_00095,Microsoft Corporation,5720,NSM,1,4295907168,MSFT,59491810,258817,US5949181045
27602,2012,500,9/25/2022,6/30/2012,0.880115112,0.508239374,0.136363636,0.994897959,0.973404255,0.661764706,0.947916667,0.959183673,0.954225352,0.875,0.819897959,0.890306122,0.920289855,0.844312,0.847801,0.859181,0.883879,0.913216,0.960503,0.93969,0.876019,0.93923,0.960023,0.933749,0.696267,0.644828,0.94739,0.949498,0.448827,0.91435,0.900642,A4_00095,Microsoft Corporation,5720,NSM,1,4295907168,MSFT,59491810,258817,US5949181045
27602,2013,500,9/25/2022,6/30/2013,0.922825469,0.49402143,0.065217391,0.984536082,0.856382979,0.6328125,0.95751634,0.933962264,0.963333333,0.87704918,0.983111566,0.865404299,0.916967509,0.861048,0.896603,0.875037,0.884469,0.933556,0.935183,0.936687,0.429092,0.941519,0.962425,0.907342,0.698258,0.716639,0.942784,0.951381,0.454944,0.912159,0.889761,A4_00095,Microsoft Corporation,5720,NSM,1,4295907168,MSFT,59491810,258817,US5949181045
27602,2014,500,9/25/2022,6/30/2014,0.923881732,0.503607533,0.083333333,0.984536082,0.911458333,0.606557377,0.984848485,0.915254237,0.947852761,0.878676471,0.982088025,0.890992835,0.92321755,0.91457,0.911207,0.791072,0.891674,0.940371,0.965391,0.895873,0.940208,0.93821,0.963908,0.93852,0.558696,0.762536,0.939733,0.952139,0.577516,0.916916,0.890993,A4_00095,Microsoft Corporation,5720,NSM,1,4295907168,MSFT,59491810,258817,US5949181045
27602,2015,500,9/25/2022,6/30/2015,0.928375023,0.616361424,0.304347826,0.9875,0.952586207,0.6,0.956967213,0.92,0.99795082,0.914691943,0.983762255,0.835477941,0.890065147,0.88376,0.895444,0.849208,0.917957,0.946882,0.961681,0.962988,0.9122,0.928642,0.973045,0.94014,0.846883,0.687408,0.703055,0.956727,0.438321,0.390124,0.898345,A4_00095,Microsoft Corporation,5720,NSM,1,4295907168,MSFT,59491810,258817,US5949181045
27602,2016,500,9/25/2022,6/30/2016,0.912886149,0.480636623,0.048387097,0.989208633,0.926923077,0.589041096,0.969055375,0.910891089,0.835504886,0.976190476,0.997226962,0.82359215,0.900907716,0.905637,0.896175,0.836971,0.932649,0.949706,0.970698,0.956505,0.637971,0.938221,0.979073,0.943285,0.810833,0.665364,0.78875,0.962393,0.812246,0.945178,0.929973,A4_00095,Microsoft Corporation,5720,NSM,1,4295907168,MSFT,59491810,258817,US5949181045
27602,2017,500,9/25/2022,6/30/2017,0.907909517,0.495621425,0.083333333,0.990131579,0.934027778,0.545454545,0.987935657,0.86259542,0.86461126,0.931888545,0.996057593,0.819163524,0.907586207,0.85511,0.930668,0.846157,0.941048,0.954646,0.968671,0.961336,0.6072,0.946117,0.984002,0.942929,0.699058,0.590663,0.949145,0.966338,0.853602,0.406765,0.930345,A4_00095,Microsoft Corporation,5720,NSM,1,4295907168,MSFT,59491810,258817,US5949181045
27602,2018,500,9/25/2022,6/30/2018,0.932950825,0.498293594,0.063636364,0.992227979,0.942622951,0.53125,0.986935867,0.979651163,0.967933492,0.984042553,0.990848586,0.807154742,0.8960047,0.867209,0.744504,0.6982,0.910834,0.911247,0.921669,0.962672,0.584083,0.954352,0.981161,0.947939,0.811557,0.912961,0.908316,0.846621,0.515895,0.439284,0.885102,A4_00095,Microsoft Corporation,5720,NSM,1,4295907168,MSFT,59491810,258817,US5949181045
27602,2019,500,9/25/2022,6/30/2019,0.930272714,0.547167607,0.1640625,0.994274809,0.933712121,0.542553191,0.989108911,0.979910714,0.967326733,0.985619469,0.991253181,0.767016539,0.898320071,0.852944,0.875141,0.854836,0.842064,0.907704,0.938611,0.91992,0.728965,0.934696,0.936314,0.944606,0.766636,0.867176,0.895231,0.918083,0.159505,0.423913,0.874694,A4_00095,Microsoft Corporation,5720,NSM,1,4295907168,MSFT,59491810,258817,US5949181045
27602,2020,500,9/25/2022,6/30/2020,0.935220826,0.487610413,0.04,0.996073298,0.94625,0.530769231,0.991959064,0.971346705,0.964181287,0.982307692,0.996353559,0.768523921,0.97421671,0.887333,0.865801,0.80359,0.941169,0.927713,0.102055,0.89488,0.663612,0.933051,0.93622,0.946524,0.76318,0.846565,0.889385,0.715447,0.04836,0.405575,0.86777,A4_00095,Microsoft Corporation,5720,NSM,1,4295907168,MSFT,59491810,258817,US5949181045
27602,2021,500,9/25/2022,6/30/2021,0.924906663,0.580732901,0.23655914,0.998927039,0.956740443,0.525641026,0.989003881,0.959810875,0.960543338,0.981233244,0.981735787,0.79167811,0.869066667,0.882117,0.855486,0.820152,0.920065,0.832626,0.154432,0.633682,0.677257,0.926531,0.933204,0.948041,0.98923,0.847386,0.519828,0.771768,0.037555,0.394212,0.865677,A4_00095,Microsoft Corporation,5720,NSM,1,4295907168,MSFT,59491810,258817,US5949181045
27602,2022,510,9/25/2022,,,,,,,,,,,,,,,0.908588,0.867005,0.857767,0.927435,0.832641,0.150437,0.671402,0.516744,0.926956,0.935592,0.948883,0.988107,0.844138,0.597594,0.788747,0.035541,0.394768,0.871219,A4_00095,Microsoft Corporation,5720,NSM,1,4295907168,MSFT,59491810,258817,US5949181045
28727,2010,500,9/25/2022,5/31/2010,0.573648869,0.544177376,0.514705882,0.856321839,0.63253012,0.71875,0.782142857,0,0.846428571,0.247787611,0.544865404,0.566799601,0.595849802,0.836719,0.909945,0.737768,0.581065,0.725912,0.66024,0.950554,0.546694,0.935707,0.769102,0.908042,0.415061,0.711034,0.446923,0.899291,0.578271,0.352227,0.684977,A4_00184,Oracle Corporation,5720,NYS,1,4295907485,ORCL,68389X10,266156,US68389X1054
28727,2011,500,9/25/2022,5/31/2011,0.593512876,0.395241286,0.196969697,0.879310345,0.82183908,0.701492537,0.874100719,0.092105263,0.960144928,0.228070175,0.470262097,0.771673387,0.445179584,0.847803,0.860855,0.523027,0.534264,0.941538,0.686721,0.953653,0.665472,0.894353,0.960995,0.935657,0.40518,0.863941,0.934624,0.596073,0.356922,0.513569,0.907603,A4_00184,Oracle Corporation,5720,NYS,1,4295907485,ORCL,68389X10,266156,US68389X1054
28727,2012,500,9/25/2022,5/31/2012,0.56461145,0.365639058,0.166666667,0.908163265,0.728723404,0.661764706,0.84375,0.071428571,0.830985915,0.2375,0.489285714,0.616836735,0.538949275,0.844145,0.885746,0.498026,0.662856,0.796965,0.620035,0.895333,0.926114,0.905847,0.952247,0.929563,0.211237,0.516437,0.893584,0.883618,0.56429,0.478322,0.880161,A4_00184,Oracle Corporation,5720,NYS,1,4295907485,ORCL,68389X10,266156,US68389X1054
28727,2013,500,9/25/2022,5/31/2013,0.554375304,0.429361565,0.304347826,0.907216495,0.771276596,0.6328125,0.833333333,0.075471698,0.83,0.229508197,0.546059365,0.631013306,0.101083032,0.843825,0.892224,0.369464,0.299335,0.853532,0.701042,0.956883,0.903909,0.915907,0.954757,0.932764,0.22121,0.612518,0.935072,0.463074,0.394247,0.475292,0.888613,A4_00184,Oracle Corporation,5720,NYS,1,4295907485,ORCL,68389X10,266156,US68389X1054
28727,2014,500,9/25/2022,5/31/2014,0.505058491,0.419195912,0.333333333,0.943298969,0.786458333,0.606557377,0.827272727,0.076271186,0.895705521,0.257352941,0.264585466,0.600307062,0.537477148,0.442881,0.768579,0.660678,0.739809,0.776036,0.887004,0.925221,0.481424,0.926546,0.957211,0.937022,0.22681,0.885339,0.930584,0.796723,0.812257,0.488137,0.892068,A4_00184,Oracle Corporation,5720,NYS,1,4295907485,ORCL,68389X10,266156,US68389X1054
28727,2015,500,9/25/2022,5/31/2015,0.444324209,0.374336018,0.304347826,0.945833333,0.857758621,0.6,0.883196721,0.046666667,0.956967213,0.329383886,0.137561275,0.434129902,0.087947883,0.470827,0.631137,0.78901,0.388401,0.863971,0.871491,0.850681,0.576717,0.950046,0.969507,0.939393,0.722217,0.901376,0.938995,0.831903,0.409203,0.512632,0.902519,A4_00184,Oracle Corporation,5720,NYS,1,4295907485,ORCL,68389X10,266156,US68389X1054
28727,2016,500,9/25/2022,5/31/2016,0.462986976,0.360525746,0.258064516,0.974820144,0.996153846,0.589041096,0.897394137,0.227722772,0.975570033,0.347985348,0.114547782,0.482295222,0.075642965,0.359144,0.642076,0.791893,0.461485,0.881524,0.888878,0.969094,0.596084,0.959437,0.977198,0.942765,0.322571,0.919744,0.949475,0.862852,0.920669,0.528752,0.90537,A4_00184,Oracle Corporation,5720,NYS,1,4295907485,ORCL,68389X10,266156,US68389X1054
28727,2017,500,9/25/2022,5/31/2017,0.529294902,0.467028403,0.404761905,0.983552632,0.996527778,0.545454545,0.899463807,0.583969466,0.867292225,0.356037152,0.181522112,0.473603017,0.762758621,0.413205,0.777277,0.79077,0.928499,0.910459,0.869715,0.955967,0.60463,0.962517,0.983151,0.942809,0.355605,0.934245,0.947409,0.722109,0.840079,0.94565,0.912395,A4_00184,Oracle Corporation,5720,NYS,1,4295907485,ORCL,68389X10,266156,US68389X1054
28727,2018,500,9/25/2022,5/31/2018,0.545851607,0.40928944,0.272727273,0.987046632,0.975409836,0.53125,0.901425178,0.927325581,0.972684086,0.357712766,0.158236273,0.341597338,0.755581669,0.321544,0.211785,0.367595,0.920964,0.891245,0.787135,0.950751,0.975706,0.963288,0.979561,0.9475,0.390804,0.887589,0.908316,0.953729,0.488442,0.951579,0.830134,A4_00184,Oracle Corporation,5720,NYS,1,4295907485,ORCL,68389X10,266156,US68389X1054
28727,2019,500,9/25/2022,5/31/2019,0.558600158,0.443362579,0.328125,0.990458015,0.956439394,0.542553191,0.846534653,0.941964286,0.971287129,0.352876106,0.260655216,0.278466921,0.599911583,0.324628,0.189201,0.789495,0.830435,0.891038,0.798987,0.4475,0.940868,0.955768,0.936314,0.944249,0.149939,0.637799,0.895231,0.369435,0.038074,0.952847,0.803924,A4_00184,Oracle Corporation,5720,NYS,1,4295907485,ORCL,68389X10,266156,US68389X1054
28727,2020,500,9/25/2022,5/31/2020,0.562960021,0.526480011,0.49,0.993455497,0.95125,0.530769231,0.78874269,0.971346705,0.96125731,0.350769231,0.233809802,0.346120187,0.78002611,0.450684,0.151404,0.743994,0.908299,0.918789,0.328703,0.190738,0.944231,0.954056,0.93622,0.946039,0.138415,0.824466,0.889385,0.869768,0.741427,0.405323,0.80888,A4_00184,Oracle Corporation,5720,NYS,1,4295907485,ORCL,68389X10,266156,US68389X1054
28727,2021,510,9/25/2022,,0.602923116,0.602923116,0.806451613,0.994635193,0.952716298,0.525641026,0.802716688,0.959810875,0.959249677,0.350536193,0.336583356,0.426119198,0.798666667,0.684055,0.196324,0.860619,0.901191,0.962862,0.336368,0.232604,0.938193,0.952829,0.933204,0.947598,0.135028,0.837777,0.884495,0.808191,0.500809,0.544319,0.792244,A4_00184,Oracle Corporation,5720,NYS,1,4295907485,ORCL,68389X10,266156,US68389X1054
28727,2022,510,9/25/2022,,,,,,,,,,,,,,,0.512193,0.291273,0.869082,0.906236,0.964814,0.334383,0.213637,0.942248,0.954154,0.935592,0.948567,0.134591,0.844351,0.886008,0.821826,0.583607,0.535722,0.798006,A4_00184,Oracle Corporation,5720,NYS,1,4295907485,ORCL,68389X10,266156,US68389X1054
133446,2010,500,9/25/2022,1/31/2010,0.606981498,0.316648644,0.026315789,0.86,0.65942029,0.416666667,0.876344086,0.106060606,0.884615385,0,0.931704885,0.892821535,0.683794466,0.850233,0.667304,0.882707,0.878287,0.849507,0.242611,0.91013,0.551626,0.759783,0.9713,0.944641,0.675114,0.358744,0.958108,0.894887,0.817648,0.542565,0.871488,A4_01355,NVIDIA Corporation,5710,NSM,1,4295914405,NVDA,67066G10,237950,US67066G1040
133446,2011,500,9/25/2022,1/30/2011,0.570155012,0.570155012,1,0.717105263,0.705479452,0.392307692,0.85326087,0.1,0.902298851,0,0.781754032,0.990423387,0.624763705,0.648107,0.693165,0.853717,0.809131,0.459975,0.751515,0.814687,0.616859,0.853029,0.954829,0.892718,0.189341,0.938498,0.929324,0.87879,0.589432,0.513569,0.915366,A4_01355,NVIDIA Corporation,5710,NSM,1,4295914405,NVDA,67066G10,237950,US67066G1040
133446,2012,500,9/25/2022,1/29/2012,0.634779395,0.634779395,1,0.78125,0.793333333,0.342857143,0.865591398,0.103773585,0.905555556,0.170588235,0.970918367,0.964795918,0.851449275,0.859416,0.857708,0.829751,0.910523,0.639435,0.660511,0.393423,0.494753,0.652315,0.692966,0.929713,0.689722,0.849412,0.937563,0.853363,0.578107,0.478322,0.903519,A4_01355,NVIDIA Corporation,5710,NSM,1,4295914405,NVDA,67066G10,237950,US67066G1040
133446,2013,500,9/25/2022,1/27/2013,0.758774459,0.758774459,1,0.85625,0.844594595,0.349315068,0.798913043,0.795081967,0.983333333,0.168604651,0.999488229,0.940122825,0.847472924,0.855748,0.90654,0.828639,0.906355,0.298995,0.649655,0.939037,0.475645,0.850424,0.747096,0.889105,0.67164,0.853157,0.935072,0.862251,0.604973,0.475292,0.909393,A4_01355,NVIDIA Corporation,5710,NSM,1,4295914405,NVDA,67066G10,237950,US67066G1040
133446,2014,500,9/25/2022,1/26/2014,0.782895992,0.782895992,1,0.932926829,0.875,0.358108108,0.876344086,0.669230769,0.777173913,0.769662921,0.996417605,0.761003071,0.859232176,0.927077,0.922372,0.870371,0.909637,0.337177,0.593388,0.864218,0.455191,0.853809,0.758545,0.937154,0.54254,0.865068,0.930584,0.866736,0.731587,0.488137,0.912978,A4_01355,NVIDIA Corporation,5710,NSM,1,4295914405,NVDA,67066G10,237950,US67066G1040
133446,2015,500,9/25/2022,1/25/2015,0.744622534,0.744622534,1,0.970930233,0.930379747,0.347222222,0.785,0.371621622,0.925,0.781914894,0.996629902,0.685968137,0.848534202,0.874009,0.936404,0.892537,0.926819,0.669788,0.736131,0.951528,0.571998,0.904056,0.864502,0.939716,0.664742,0.894942,0.938995,0.895063,0.803363,0.512632,0.565404,A4_01355,NVIDIA Corporation,5710,NSM,1,4295914405,NVDA,67066G10,237950,US67066G1040
133446,2016,500,9/25/2022,1/31/2016,0.73309866,0.73309866,1,0.984693878,0.929347826,0.328947368,0.856521739,0.311827957,0.917391304,0.754545455,0.99253413,0.597056314,0.849470499,0.895794,0.944947,0.757898,0.937022,0.687204,0.935244,0.54524,0.871689,0.924262,0.894008,0.942821,0.312027,0.921438,0.94154,0.913764,0.80522,0.936064,0.695088,A4_01355,NVIDIA Corporation,5710,NSM,1,4295914405,NVDA,67066G10,237950,US67066G1040
133446,2017,500,9/25/2022,1/29/2017,0.765966019,0.765966019,1,0.940366972,0.964646465,0.35,0.921641791,0.45959596,0.929104478,0.776,0.99502914,0.568563593,0.844827586,0.889455,0.948105,0.739834,0.942701,0.726021,0.960811,0.939774,0.881282,0.940678,0.921561,0.942544,0.840324,0.938445,0.93986,0.919437,0.91373,0.930018,0.930452,A4_01355,NVIDIA Corporation,5710,NSM,1,4295914405,NVDA,67066G10,237950,US67066G1040
133446,2018,500,9/25/2022,1/28/2018,0.757604988,0.757604988,0.857142857,0.946280992,0.97826087,0.346153846,0.954225352,0.357758621,0.926056338,0.788321168,0.997836938,0.600166389,0.843125734,0.866926,0.910962,0.470262,0.944689,0.684125,0.969366,0.969927,0.957311,0.955315,0.980329,0.947024,0.306072,0.94613,0.890844,0.907384,0.962648,0.951176,0.876084,A4_01355,NVIDIA Corporation,5710,NSM,1,4295914405,NVDA,67066G10,237950,US67066G1040
133446,2019,500,9/25/2022,1/27/2019,0.741996057,0.544074952,0.346153846,0.968531469,0.960992908,0.357798165,0.985549133,0.275735294,0.904624277,0.743670886,0.963899491,0.67096056,0.84571176,0.884314,0.908188,0.400405,0.934368,0.68231,0.958443,0.910657,0.330828,0.933537,0.930857,0.944068,0.887631,0.504394,0.870764,0.827178,0.899617,0.951307,0.862559,A4_01355,NVIDIA Corporation,5710,NSM,1,4295914405,NVDA,67066G10,237950,US67066G1040
133446,2020,500,9/25/2022,1/26/2020,0.791148168,0.478907418,0.166666667,0.898255814,0.960843373,0.341666667,0.992346939,0.726415094,0.915816327,0.704918033,0.851662777,0.832409568,0.855417755,0.903212,0.899705,0.468662,0.933653,0.782512,0.091353,0.939533,0.298577,0.926641,0.930911,0.945132,0.86887,0.571054,0.862181,0.911098,0.579127,0.942639,0.884183,A4_01355,NVIDIA Corporation,5710,NSM,1,4295914405,NVDA,67066G10,237950,US67066G1040
133446,2021,500,9/25/2022,1/31/2021,0.791530742,0.590209816,0.388888889,0.876963351,0.955263158,0.328125,0.997641509,0.681818182,0.926886792,0.79950495,0.93065092,0.630458665,0.817066667,0.910754,0.90743,0.512131,0.889218,0.341622,0.958174,0.88288,0.954054,0.917193,0.927326,0.946518,0.255207,0.83693,0.853642,0.900887,0.916426,0.493792,0.881994,A4_01355,NVIDIA Corporation,5710,NSM,1,4295914405,NVDA,67066G10,237950,US67066G1040
133446,2022,510,9/25/2022,,0.797973581,0.565653457,0.333333333,0.871052632,0.94973545,0.328125,0.997619048,0.681034483,0.926190476,0.7975,0.970810056,0.645949721,0.820871436,0.925471,0.917189,0.567634,0.906244,0.342303,0.954859,0.333364,0.400863,0.919504,0.930396,0.947821,0.339932,0.495968,0.858346,0.904587,0.910056,0.641546,0.884632,A4_01355,NVIDIA Corporation,5710,NSM,1,4295914405,NVDA,67066G10,237950,US67066G1040
114888980,2010,500,9/25/2022,12/31/2010,0.436201652,0.225453767,0.014705882,0.459770115,0.753012048,0.71875,0.760714286,0,0.582142857,0.247787611,0.536889332,0.040378863,0.119565217,0.822396,0.893114,0.431711,0.146663,0.544754,0.282315,0.940543,0.182022,0.66274,0.87983,0.690647,0.250656,0.306745,0.222746,0.745109,0.501804,0.656625,0.464014,A4_00281,Alphabet Inc,5720,NSM,1,5030853586,GOOG,02079K30,BYVY8G,US02079K3059
114888980,2011,500,9/25/2022,12/31/2011,0.475564416,0.290812511,0.106060606,0.408045977,0.844827586,0.701492537,0.802158273,0,0.938405797,0.228070175,0.494455645,0.016633065,0.11436673,0.855884,0.879669,0.838108,0.147107,0.400869,0.513967,0.415994,0.406399,0.782045,0.585623,0.743391,0.230124,0.77234,0.204645,0.787406,0.485208,0.628999,0.408755,A4_00281,Alphabet Inc,5720,NSM,1,5030853586,GOOG,02079K30,BYVY8G,US02079K3059
114888980,2012,500,9/25/2022,12/31/2012,0.492675601,0.253913558,0.015151515,0.576530612,0.845744681,0.661764706,0.795138889,0,0.830985915,0.2375,0.588265306,0.012755102,0.100543478,0.788631,0.896563,0.376675,0.157483,0.422598,0.725654,0.264083,0.222159,0.765,0.625809,0.754521,0.213381,0.540789,0.187294,0.753048,0.244585,0.604192,0.359123,A4_00281,Alphabet Inc,5720,NSM,1,5030853586,GOOG,02079K30,BYVY8G,US02079K3059
114888980,2013,500,9/25/2022,12/31/2013,0.43580426,0.228771695,0.02173913,0.664948454,0.835106383,0.6328125,0.81372549,0,0.453333333,0.229508197,0.584953941,0.012794268,0.101083032,0.818978,0.878084,0.460958,0.136049,0.428122,0.6565,0.8616,0.515675,0.775622,0.654091,0.766316,0.25364,0.374619,0.178797,0.760718,0.368357,0.071248,0.375327,A4_00281,Alphabet Inc,5720,NSM,1,5030853586,GOOG,02079K30,BYVY8G,US02079K3059
114888980,2014,500,9/25/2022,12/31/2014,0.518395481,0.267531074,0.016666667,0.788659794,0.828125,0.606557377,0.803030303,0,0.687116564,0.257352941,0.719037871,0.007676561,0.090493601,0.877008,0.889261,0.814575,0.140964,0.445134,0.779077,0.908949,0.199979,0.791274,0.66948,0.790766,0.226381,0.250883,0.171131,0.772735,0.603821,0.61202,0.383852,A4_00281,Alphabet Inc,5720,NSM,1,5030853586,GOOG,02079K30,BYVY8G,US02079K3059
114888980,2015,500,9/25/2022,12/31/2015,0.621599457,0.321669294,0.02173913,0.829166667,0.926724138,0.6,0.903688525,0,0.672131148,0.329383886,0.925551471,0.037683824,0.404723127,0.871082,0.876018,0.754652,0.575588,0.614625,0.752591,0.961295,0.358041,0.919377,0.757923,0.939738,0.400578,0.354125,0.173005,0.754488,0.646805,0.083101,0.796905,A4_00281,Alphabet Inc,5720,NSM,1,5030853586,GOOG,02079K30,BYVY8G,US02079K3059
114888980,2016,500,9/25/2022,12/31/2016,0.622739149,0.319434091,0.016129032,0.931654676,0.865384615,0.589041096,0.926710098,0.608910891,0.674267101,0.347985348,0.768984642,0.103455631,0.397881997,0.831995,0.51647,0.554445,0.488331,0.954707,0.846525,0.962739,0.810846,0.930284,0.811551,0.943276,0.32308,0.375472,0.913737,0.866642,0.465259,0.391831,0.854609,A4_00281,Alphabet Inc,5720,NSM,1,5030853586,GOOG,02079K30,BYVY8G,US02079K3059
114888980,2017,500,9/25/2022,12/31/2017,0.635047194,0.323475978,0.011904762,0.950657895,0.836805556,0.545454545,0.974530831,0.583969466,0.920911528,0.356037152,0.708433322,0.019369215,0.409655172,0.742754,0.668365,0.442124,0.521658,0.582442,0.829957,0.972533,0.365102,0.883047,0.859947,0.94293,0.354422,0.837026,0.910925,0.844174,0.939762,0.394055,0.862994,A4_00281,Alphabet Inc,5720,NSM,1,5030853586,GOOG,02079K30,BYVY8G,US02079K3059
114888980,2018,500,9/25/2022,12/31/2018,0.663089068,0.345180897,0.027272727,0.940414508,0.855191257,0.53125,0.979809976,0.630813953,0.909738717,0.9375,0.528951747,0.099334443,0.563454759,0.415431,0.421929,0.489233,0.863207,0.457728,0.929058,0.975924,0.433193,0.917185,0.983833,0.947898,0.422072,0.887528,0.908302,0.488225,0.402625,0.201175,0.873385,A4_00281,Alphabet Inc,5720,NSM,1,5030853586,GOOG,02079K30,BYVY8G,US02079K3059
114888980,2019,500,9/25/2022,12/31/2019,0.691586819,0.357512159,0.0234375,0.952290076,0.918560606,0.542553191,0.969306931,0.834821429,0.903960396,0.940265487,0.55009542,0.15601145,0.599911583,0.501295,0.897133,0.328127,0.856106,0.459672,0.109112,0.210244,0.269052,0.937235,0.94423,0.944577,0.148921,0.566177,0.568534,0.461617,0.03888,0.667358,0.860684,A4_00281,Alphabet Inc,5720,NSM,1,5030853586,GOOG,02079K30,BYVY8G,US02079K3059
114888980,2020,500,9/25/2022,12/31/2020,0.777818859,0.391409429,0.005,0.972513089,0.93875,0.530769231,0.939327485,0.898280802,0.703947368,0.933076923,0.903296383,0.224474912,0.598890339,0.646882,0.87882,0.329061,0.785947,0.355471,0.118334,0.935809,0.288656,0.932212,0.944061,0.921247,0.137463,0.247843,0.626831,0.43379,0.067386,0.333238,0.848731,A4_00281,Alphabet Inc,5720,NSM,1,5030853586,GOOG,02079K30,BYVY8G,US02079K3059
114888980,2021,500,9/25/2022,12/31/2021,0.818658665,0.412017505,0.005376344,0.966738197,0.940643863,0.525641026,0.942432083,0.88179669,0.672703752,0.93230563,0.963608899,0.351963746,0.869066667,0.625271,0.874213,0.879726,0.932371,0.340307,0.157297,0.910074,0.66777,0.925934,0.941913,0.948114,0.151296,0.181075,0.889158,0.849532,0.891414,0.300713,0.882949,A4_00281,Alphabet Inc,5720,NSM,1,5030853586,GOOG,02079K30,BYVY8G,US02079K3059
114888980,2022,510,9/25/2022,,,,,,,,,,,,,,,0.706926,0.874473,0.81745,0.928654,0.340339,0.159437,0.91956,0.400331,0.926374,0.942927,0.948847,0.134076,0.201358,0.515271,0.81866,0.722491,0.29509,0.884449,A4_00281,Alphabet Inc,5720,NSM,1,5030853586,GOOG,02079K30,BYVY8G,US02079K3059
119895127,2010,500,9/25/2022,7/31/2010,0.85171899,0.717526161,0.583333333,0.90625,0.966666667,0.533333333,0.886363636,0.642857143,0.977272727,0.925,0.867896311,0.813060818,0.938735178,0.853132,0.873105,0.803901,0.933741,0.830976,0.941232,0.924045,0.938924,0.950049,0.975124,0.939972,0.964465,0.91785,0.973386,0.941343,0.941703,0.942999,0.912758,A4_00069,Cisco Systems Inc,5710,NSM,1,5080018615,CSCO,17275R10,219816,US17275R1023
119895127,2011,500,9/25/2022,7/30/2011,0.818806019,0.437180787,0.055555556,0.833333333,0.966666667,0.466666667,0.833333333,0.9,0.928571429,0.921052632,0.835181452,0.615423387,0.933837429,0.86771,0.81351,0.779159,0.92308,0.955211,0.760018,0.833577,0.649148,0.941419,0.961108,0.932319,0.961761,0.717092,0.960885,0.948424,0.852467,0.933491,0.938937,A4_00069,Cisco Systems Inc,5710,NSM,1,5080018615,CSCO,17275R10,219816,US17275R1023
119895127,2012,500,9/25/2022,7/28/2012,0.806382568,0.806382568,0.8125,0.911764706,0.96875,0.40625,0.886363636,0.892857143,0.977272727,0.925,0.753571429,0.591326531,0.969202899,0.838101,0.818736,0.747394,0.930012,0.896216,0.975958,0.873665,0.949739,0.940899,0.952853,0.926602,0.655071,0.965039,0.711043,0.934574,0.617234,0.924021,0.938081,A4_00069,Cisco Systems Inc,5710,NSM,1,5080018615,CSCO,17275R10,219816,US17275R1023
119895127,2013,500,9/25/2022,7/27/2013,0.82477204,0.53738602,0.25,0.852941176,0.970588235,0.34375,0.979166667,0.833333333,0.979166667,0.931818182,0.851074719,0.578812692,0.970216606,0.85223,0.822043,0.698021,0.930137,0.921368,0.976289,0.946322,0.920572,0.944421,0.955103,0.929716,0.961027,0.673663,0.944032,0.938307,0.726948,0.924483,0.939894,A4_00069,Cisco Systems Inc,5710,NSM,1,5080018615,CSCO,17275R10,219816,US17275R1023
119895127,2014,500,9/25/2022,7/26/2014,0.850627943,0.775313972,0.7,0.921052632,0.972222222,0.323529412,0.94,0.861111111,0.98,0.934782609,0.953428864,0.546059365,0.968007313,0.893425,0.895852,0.824777,0.932366,0.902237,0.974861,0.88024,0.924964,0.949135,0.957608,0.931506,0.963959,0.930233,0.682577,0.939187,0.921739,0.928819,0.941408,A4_00069,Cisco Systems Inc,5710,NSM,1,5080018615,CSCO,17275R10,219816,US17275R1023
119895127,2015,500,9/25/2022,7/25/2015,0.846713074,0.846713074,1,0.98,0.979166667,0.333333333,0.930555556,0.807692308,0.958333333,0.887096774,0.956801471,0.594669118,0.949511401,0.904503,0.876398,0.843803,0.940925,0.938212,0.96897,0.930414,0.936453,0.951608,0.96976,0.936005,0.968464,0.898015,0.947648,0.946773,0.823374,0.903553,0.945654,A4_00069,Cisco Systems Inc,5710,NSM,1,5080018615,CSCO,17275R10,219816,US17275R1023
119895127,2016,500,9/25/2022,7/30/2016,0.866650898,0.719039735,0.571428571,0.984375,0.982142857,0.38,0.965909091,0.810344828,0.965909091,0.9125,0.986561433,0.588950512,0.95612708,0.892122,0.799772,0.850561,0.947116,0.950061,0.974336,0.891053,0.953759,0.955991,0.977353,0.938441,0.761427,0.931232,0.948401,0.953284,0.960261,0.925473,0.941987,A4_00069,Cisco Systems Inc,5710,NSM,1,5080018615,CSCO,17275R10,219816,US17275R1023
119895127,2017,500,9/25/2022,7/29/2017,0.87384955,0.464702553,0.055555556,0.9625,0.986486486,0.424242424,0.928571429,0.814285714,0.96031746,0.936363636,0.987487144,0.621014741,0.968965517,0.895032,0.89793,0.860242,0.950986,0.96292,0.973912,0.975562,0.956528,0.959809,0.983247,0.93832,0.887667,0.934599,0.947409,0.946047,0.905683,0.940224,0.928168,A4_00069,Cisco Systems Inc,5710,NSM,1,5080018615,CSCO,17275R10,219816,US17275R1023
119895127,2018,500,9/25/2022,7/28/2018,0.882781529,0.649724098,0.416666667,0.989130435,0.988636364,0.426470588,0.935714286,0.880952381,0.964285714,0.943548387,0.982529118,0.66672213,0.951821387,0.863935,0.798582,0.822326,0.942689,0.96698,0.946518,0.977781,0.904065,0.949989,0.981199,0.93657,0.887248,0.947999,0.908316,0.941635,0.440146,0.879444,0.809837,A4_00069,Cisco Systems Inc,5710,NSM,1,5080018615,CSCO,17275R10,219816,US17275R1023
119895127,2019,500,9/25/2022,7/27/2019,0.879063461,0.879063461,0.882352941,0.991803279,0.973214286,0.372093023,0.915730337,0.881818182,0.971910112,0.967532468,0.988390585,0.639790076,0.953580902,0.865011,0.676053,0.868793,0.934919,0.96884,0.941634,0.940142,0.89292,0.933807,0.938027,0.935741,0.88996,0.987953,0.895231,0.862293,0.552791,0.85827,0.805491,A4_00069,Cisco Systems Inc,5710,NSM,1,5080018615,CSCO,17275R10,219816,US17275R1023
119895127,2020,500,9/25/2022,7/25/2020,0.892640314,0.543542379,0.194444444,0.993421053,0.97826087,0.392156863,0.868932039,0.866197183,0.95631068,0.956521739,0.973599767,0.912339557,0.97421671,0.906448,0.792997,0.835598,0.934272,0.971009,0.489894,0.931819,0.343827,0.92665,0.937629,0.937643,0.989224,0.906685,0.889385,0.526267,0.489495,0.840432,0.785769,A4_00069,Cisco Systems Inc,5710,NSM,1,5080018615,CSCO,17275R10,219816,US17275R1023
119895127,2021,500,9/25/2022,7/31/2021,0.87677175,0.534539721,0.192307692,0.993506494,0.993333333,0.396551724,0.9375,0.856164384,0.966346154,0.974226804,0.901263389,0.846608075,0.9584,0.862787,0.801085,0.855119,0.935397,0.960461,0.5414,0.92432,0.342978,0.868566,0.934608,0.940252,0.98924,0.590463,0.884495,0.538761,0.545356,0.501111,0.772342,A4_00069,Cisco Systems Inc,5710,NSM,1,5080018615,CSCO,17275R10,219816,US17275R1023
119895127,2022,510,9/25/2022,,,,,,,,,,,,,,,0.904504,0.775445,0.866138,0.937067,0.964073,0.550278,0.925519,0.350729,0.878546,0.935768,0.942295,0.989433,0.625074,0.886008,0.525483,0.616718,0.641546,0.780061,A4_00069,Cisco Systems Inc,5710,NSM,1,5080018615,CSCO,17275R10,219816,US17275R1023
