Ticker ,Date,Close
ORCL,1/4/2010 16:00,24.85
ORCL,1/5/2010 16:00,24.82
ORCL,1/6/2010 16:00,24.46
ORCL,1/7/2010 16:00,24.38
ORCL,1/8/2010 16:00,24.68
ORCL,1/11/2010 16:00,24.69
ORCL,1/12/2010 16:00,24.56
ORCL,1/13/2010 16:00,24.8
ORCL,1/14/2010 16:00,25.34
ORCL,1/15/2010 16:00,25.24
ORCL,1/19/2010 16:00,25.33
ORCL,1/20/2010 16:00,25.06
ORCL,1/21/2010 16:00,24.83
ORCL,1/22/2010 16:00,24.15
ORCL,1/25/2010 16:00,24.03
ORCL,1/26/2010 16:00,23.88
ORCL,1/27/2010 16:00,23.86
ORCL,1/28/2010 16:00,23.47
ORCL,1/29/2010 16:00,23.06
ORCL,2/1/2010 16:00,23.22
ORCL,2/2/2010 16:00,23.76
ORCL,2/3/2010 16:00,23.75
ORCL,2/4/2010 16:00,23.11
ORCL,2/5/2010 16:00,23.55
ORCL,2/8/2010 16:00,23.12
ORCL,2/9/2010 16:00,23.51
ORCL,2/10/2010 16:00,23.11
ORCL,2/11/2010 16:00,23.35
ORCL,2/12/2010 16:00,23.41
ORCL,2/16/2010 16:00,23.81
ORCL,2/17/2010 16:00,24.18
ORCL,2/18/2010 16:00,24.52
ORCL,2/19/2010 16:00,24.32
ORCL,2/22/2010 16:00,24.81
ORCL,2/23/2010 16:00,24.48
ORCL,2/24/2010 16:00,24.77
ORCL,2/25/2010 16:00,24.87
ORCL,2/26/2010 16:00,24.65
ORCL,3/1/2010 16:00,24.74
ORCL,3/2/2010 16:00,24.58
ORCL,3/3/2010 16:00,24.5
ORCL,3/4/2010 16:00,24.76
ORCL,3/5/2010 16:00,24.95
ORCL,3/8/2010 16:00,24.7
ORCL,3/9/2010 16:00,24.88
ORCL,3/10/2010 16:00,24.87
ORCL,3/11/2010 16:00,25.14
ORCL,3/12/2010 16:00,25.05
ORCL,3/15/2010 16:00,25.28
ORCL,3/16/2010 16:00,25.21
ORCL,3/17/2010 16:00,25.47
ORCL,3/18/2010 16:00,25.38
ORCL,3/19/2010 16:00,25.19
ORCL,3/22/2010 16:00,25.56
ORCL,3/23/2010 16:00,25.99
ORCL,3/24/2010 16:00,25.76
ORCL,3/25/2010 16:00,26.04
ORCL,3/26/2010 16:00,25.69
ORCL,3/29/2010 16:00,25.57
ORCL,3/30/2010 16:00,25.54
ORCL,3/31/2010 16:00,25.71
ORCL,4/1/2010 16:00,25.46
ORCL,4/5/2010 16:00,25.58
ORCL,4/6/2010 16:00,25.83
ORCL,4/7/2010 16:00,25.91
ORCL,4/8/2010 16:00,25.83
ORCL,4/9/2010 16:00,26.13
ORCL,4/12/2010 16:00,26.2
ORCL,4/13/2010 16:00,26.35
ORCL,4/14/2010 16:00,26.38
ORCL,4/15/2010 16:00,26.2
ORCL,4/16/2010 16:00,25.95
ORCL,4/19/2010 16:00,26.19
ORCL,4/20/2010 16:00,26.15
ORCL,4/21/2010 16:00,26.29
ORCL,4/22/2010 16:00,26.24
ORCL,4/23/2010 16:00,26.48
ORCL,4/26/2010 16:00,26.47
ORCL,4/27/2010 16:00,25.98
ORCL,4/28/2010 16:00,25.86
ORCL,4/29/2010 16:00,25.97
ORCL,4/30/2010 16:00,25.87
ORCL,5/3/2010 16:00,26.01
ORCL,5/4/2010 16:00,24.97
ORCL,5/5/2010 16:00,24.94
ORCL,5/6/2010 16:00,23.91
ORCL,5/7/2010 16:00,23.41
ORCL,5/10/2010 16:00,24.39
ORCL,5/11/2010 16:00,24.19
ORCL,5/12/2010 16:00,24.6
ORCL,5/13/2010 16:00,24.24
ORCL,5/14/2010 16:00,23.78
ORCL,5/17/2010 16:00,23.74
ORCL,5/18/2010 16:00,23.43
ORCL,5/19/2010 16:00,23.19
ORCL,5/20/2010 16:00,22.35
ORCL,5/21/2010 16:00,22.16
ORCL,5/24/2010 16:00,22.28
ORCL,5/25/2010 16:00,22.2
ORCL,5/26/2010 16:00,21.91
ORCL,5/27/2010 16:00,22.58
ORCL,5/28/2010 16:00,22.57
ORCL,6/1/2010 16:00,22.2
ORCL,6/2/2010 16:00,22.64
ORCL,6/3/2010 16:00,22.84
ORCL,6/4/2010 16:00,22.13
ORCL,6/7/2010 16:00,21.7
ORCL,6/8/2010 16:00,21.76
ORCL,6/9/2010 16:00,21.54
ORCL,6/10/2010 16:00,22.21
ORCL,6/11/2010 16:00,22.69
ORCL,6/14/2010 16:00,22.69
ORCL,6/15/2010 16:00,23.2
ORCL,6/16/2010 16:00,23.18
ORCL,6/17/2010 16:00,23.07
ORCL,6/18/2010 16:00,23.2
ORCL,6/21/2010 16:00,23.09
ORCL,6/22/2010 16:00,22.89
ORCL,6/23/2010 16:00,22.68
ORCL,6/24/2010 16:00,22.22
ORCL,6/25/2010 16:00,22.66
ORCL,6/28/2010 16:00,22.45
ORCL,6/29/2010 16:00,21.75
ORCL,6/30/2010 16:00,21.46
ORCL,7/1/2010 16:00,21.55
ORCL,7/2/2010 16:00,21.83
ORCL,7/6/2010 16:00,22.32
ORCL,7/7/2010 16:00,23.09
ORCL,7/8/2010 16:00,23.22
ORCL,7/9/2010 16:00,23.37
ORCL,7/12/2010 16:00,23.38
ORCL,7/13/2010 16:00,23.71
ORCL,7/14/2010 16:00,23.94
ORCL,7/15/2010 16:00,23.83
ORCL,7/16/2010 16:00,23.27
ORCL,7/19/2010 16:00,23.59
ORCL,7/20/2010 16:00,23.92
ORCL,7/21/2010 16:00,23.56
ORCL,7/22/2010 16:00,24.31
ORCL,7/23/2010 16:00,24.5
ORCL,7/26/2010 16:00,24.64
ORCL,7/27/2010 16:00,24.57
ORCL,7/28/2010 16:00,24.28
ORCL,7/29/2010 16:00,23.7
ORCL,7/30/2010 16:00,23.64
ORCL,8/2/2010 16:00,24.29
ORCL,8/3/2010 16:00,24.21
ORCL,8/4/2010 16:00,24.49
ORCL,8/5/2010 16:00,24.29
ORCL,8/6/2010 16:00,24.38
ORCL,8/9/2010 16:00,24.26
ORCL,8/10/2010 16:00,24.29
ORCL,8/11/2010 16:00,23.66
ORCL,8/12/2010 16:00,22.94
ORCL,8/13/2010 16:00,22.66
ORCL,8/16/2010 16:00,22.72
ORCL,8/17/2010 16:00,23.05
ORCL,8/18/2010 16:00,23.09
ORCL,8/19/2010 16:00,23
ORCL,8/20/2010 16:00,23.02
ORCL,8/23/2010 16:00,22.84
ORCL,8/24/2010 16:00,22.41
ORCL,8/25/2010 16:00,22.42
ORCL,8/26/2010 16:00,22.25
ORCL,8/27/2010 16:00,22.51
ORCL,8/30/2010 16:00,22.02
ORCL,8/31/2010 16:00,21.85
ORCL,9/1/2010 16:00,22.62
ORCL,9/2/2010 16:00,22.48
ORCL,9/3/2010 16:00,22.92
ORCL,9/7/2010 16:00,24.27
ORCL,9/8/2010 16:00,24.14
ORCL,9/9/2010 16:00,24.33
ORCL,9/10/2010 16:00,25.05
ORCL,9/13/2010 16:00,25.11
ORCL,9/14/2010 16:00,25.38
ORCL,9/15/2010 16:00,25.74
ORCL,9/16/2010 16:00,25.36
ORCL,9/17/2010 16:00,27.48
ORCL,9/20/2010 16:00,27.49
ORCL,9/21/2010 16:00,26.82
ORCL,9/22/2010 16:00,27.2
ORCL,9/23/2010 16:00,27.12
ORCL,9/24/2010 16:00,26.96
ORCL,9/27/2010 16:00,26.95
ORCL,9/28/2010 16:00,27.19
ORCL,9/29/2010 16:00,27.17
ORCL,9/30/2010 16:00,26.85
ORCL,10/1/2010 16:00,27.24
ORCL,10/4/2010 16:00,26.9
ORCL,10/5/2010 16:00,27.3
ORCL,10/6/2010 16:00,27.6
ORCL,10/7/2010 16:00,27.69
ORCL,10/8/2010 16:00,28
ORCL,10/11/2010 16:00,27.85
ORCL,10/12/2010 16:00,27.95
ORCL,10/13/2010 16:00,28.6
ORCL,10/14/2010 16:00,28.33
ORCL,10/15/2010 16:00,28.9
ORCL,10/18/2010 16:00,29.23
ORCL,10/19/2010 16:00,29.13
ORCL,10/20/2010 16:00,28.64
ORCL,10/21/2010 16:00,28.82
ORCL,10/22/2010 16:00,28.99
ORCL,10/25/2010 16:00,28.84
ORCL,10/26/2010 16:00,28.63
ORCL,10/27/2010 16:00,28.7
ORCL,10/28/2010 16:00,29.36
ORCL,10/29/2010 16:00,29.38
ORCL,11/1/2010 16:00,29.13
ORCL,11/2/2010 16:00,29.53
ORCL,11/3/2010 16:00,29.2
ORCL,11/4/2010 16:00,29.47
ORCL,11/5/2010 16:00,29.25
ORCL,11/8/2010 16:00,29.04
ORCL,11/9/2010 16:00,28.74
ORCL,11/10/2010 16:00,28.69
ORCL,11/11/2010 16:00,28.57
ORCL,11/12/2010 16:00,28.32
ORCL,11/15/2010 16:00,28.4
ORCL,11/16/2010 16:00,27.58
ORCL,11/17/2010 16:00,27.91
ORCL,11/18/2010 16:00,28.31
ORCL,11/19/2010 16:00,28.15
ORCL,11/22/2010 16:00,28.05
ORCL,11/23/2010 16:00,27.19
ORCL,11/24/2010 16:00,27.74
ORCL,11/26/2010 16:00,27.49
ORCL,11/29/2010 16:00,27.22
ORCL,11/30/2010 16:00,27.05
ORCL,12/1/2010 16:00,27.65
ORCL,12/2/2010 16:00,28.1
ORCL,12/3/2010 16:00,28.81
ORCL,12/6/2010 16:00,28.73
ORCL,12/7/2010 16:00,29.05
ORCL,12/8/2010 16:00,29.23
ORCL,12/9/2010 16:00,29.26
ORCL,12/10/2010 16:00,29.95
ORCL,12/13/2010 16:00,30.42
ORCL,12/14/2010 16:00,30.51
ORCL,12/15/2010 16:00,30.49
ORCL,12/16/2010 16:00,30.27
ORCL,12/17/2010 16:00,31.46
ORCL,12/20/2010 16:00,31.68
ORCL,12/21/2010 16:00,31.76
ORCL,12/22/2010 16:00,31.66
ORCL,12/23/2010 16:00,31.54
ORCL,12/27/2010 16:00,31.66
ORCL,12/28/2010 16:00,31.57
ORCL,12/29/2010 16:00,31.5
ORCL,12/30/2010 16:00,31.29
ORCL,12/31/2010 16:00,31.3
ORCL,1/3/2011 16:00,31.62
ORCL,1/4/2011 16:00,31.48
ORCL,1/5/2011 16:00,31.04
ORCL,1/6/2011 16:00,31.17
ORCL,1/7/2011 16:00,31.03
ORCL,1/10/2011 16:00,31.04
ORCL,1/11/2011 16:00,30.99
ORCL,1/12/2011 16:00,30.95
ORCL,1/13/2011 16:00,31.18
ORCL,1/14/2011 16:00,31.25
ORCL,1/18/2011 16:00,31.53
ORCL,1/19/2011 16:00,31.6
ORCL,1/20/2011 16:00,32.31
ORCL,1/21/2011 16:00,32.51
ORCL,1/24/2011 16:00,32.4
ORCL,1/25/2011 16:00,32.29
ORCL,1/26/2011 16:00,32.56
ORCL,1/27/2011 16:00,32.92
ORCL,1/28/2011 16:00,32
ORCL,1/31/2011 16:00,32.03
ORCL,2/1/2011 16:00,33.24
ORCL,2/2/2011 16:00,33.14
ORCL,2/3/2011 16:00,32.99
ORCL,2/4/2011 16:00,32.62
ORCL,2/7/2011 16:00,32.98
ORCL,2/8/2011 16:00,33.03
ORCL,2/9/2011 16:00,32.89
ORCL,2/10/2011 16:00,33.26
ORCL,2/11/2011 16:00,33.47
ORCL,2/14/2011 16:00,33.29
ORCL,2/15/2011 16:00,32.76
ORCL,2/16/2011 16:00,33.11
ORCL,2/17/2011 16:00,33.01
ORCL,2/18/2011 16:00,33.68
ORCL,2/22/2011 16:00,32.53
ORCL,2/23/2011 16:00,32.18
ORCL,2/24/2011 16:00,32.25
ORCL,2/25/2011 16:00,32.95
ORCL,2/28/2011 16:00,32.9
ORCL,3/1/2011 16:00,31.67
ORCL,3/2/2011 16:00,32.12
ORCL,3/3/2011 16:00,33.03
ORCL,3/4/2011 16:00,32.77
ORCL,3/7/2011 16:00,32.1
ORCL,3/8/2011 16:00,32.74
ORCL,3/9/2011 16:00,32.79
ORCL,3/10/2011 16:00,31.8
ORCL,3/11/2011 16:00,31.91
ORCL,3/14/2011 16:00,31.59
ORCL,3/15/2011 16:00,31.17
ORCL,3/16/2011 16:00,30.2
ORCL,3/17/2011 16:00,30.55
ORCL,3/18/2011 16:00,30.76
ORCL,3/21/2011 16:00,31.42
ORCL,3/22/2011 16:00,31.13
ORCL,3/23/2011 16:00,31.41
ORCL,3/24/2011 16:00,32.14
ORCL,3/25/2011 16:00,32.64
ORCL,3/28/2011 16:00,32.56
ORCL,3/29/2011 16:00,33.16
ORCL,3/30/2011 16:00,33.05
ORCL,3/31/2011 16:00,33.43
ORCL,4/1/2011 16:00,34.02
ORCL,4/4/2011 16:00,34.14
ORCL,4/5/2011 16:00,33.92
ORCL,4/6/2011 16:00,33.58
ORCL,4/7/2011 16:00,33.72
ORCL,4/8/2011 16:00,33.54
ORCL,4/11/2011 16:00,33.78
ORCL,4/12/2011 16:00,33.4
ORCL,4/13/2011 16:00,33.7
ORCL,4/14/2011 16:00,33.8
ORCL,4/15/2011 16:00,34.18
ORCL,4/18/2011 16:00,33.63
ORCL,4/19/2011 16:00,33.67
ORCL,4/20/2011 16:00,34.11
ORCL,4/21/2011 16:00,34.75
ORCL,4/25/2011 16:00,34.83
ORCL,4/26/2011 16:00,34.97
ORCL,4/27/2011 16:00,35.25
ORCL,4/28/2011 16:00,35.29
ORCL,4/29/2011 16:00,35.96
ORCL,5/2/2011 16:00,36.37
ORCL,5/3/2011 16:00,36.14
ORCL,5/4/2011 16:00,35.25
ORCL,5/5/2011 16:00,34.67
ORCL,5/6/2011 16:00,34.87
ORCL,5/9/2011 16:00,35.2
ORCL,5/10/2011 16:00,35.62
ORCL,5/11/2011 16:00,34.98
ORCL,5/12/2011 16:00,35.73
ORCL,5/13/2011 16:00,35.19
ORCL,5/16/2011 16:00,34.18
ORCL,5/17/2011 16:00,33.94
ORCL,5/18/2011 16:00,33.91
ORCL,5/19/2011 16:00,34.5
ORCL,5/20/2011 16:00,34.27
ORCL,5/23/2011 16:00,33.16
ORCL,5/24/2011 16:00,33.04
ORCL,5/25/2011 16:00,32.99
ORCL,5/26/2011 16:00,33.4
ORCL,5/27/2011 16:00,33.7
ORCL,5/31/2011 16:00,34.22
ORCL,6/1/2011 16:00,32.88
ORCL,6/2/2011 16:00,32.72
ORCL,6/3/2011 16:00,32.33
ORCL,6/6/2011 16:00,32.19
ORCL,6/7/2011 16:00,31.84
ORCL,6/8/2011 16:00,31.25
ORCL,6/9/2011 16:00,31.63
ORCL,6/10/2011 16:00,31.18
ORCL,6/13/2011 16:00,31.63
ORCL,6/14/2011 16:00,32.08
ORCL,6/15/2011 16:00,31.16
ORCL,6/16/2011 16:00,30.8
ORCL,6/17/2011 16:00,31.19
ORCL,6/20/2011 16:00,31.91
ORCL,6/21/2011 16:00,32.65
ORCL,6/22/2011 16:00,32.2
ORCL,6/23/2011 16:00,32.46
ORCL,6/24/2011 16:00,31.14
ORCL,6/27/2011 16:00,31.58
ORCL,6/28/2011 16:00,32.34
ORCL,6/29/2011 16:00,32.43
ORCL,6/30/2011 16:00,32.91
ORCL,7/1/2011 16:00,33.05
ORCL,7/5/2011 16:00,33.06
ORCL,7/6/2011 16:00,33.21
ORCL,7/7/2011 16:00,34.09
ORCL,7/8/2011 16:00,33.94
ORCL,7/11/2011 16:00,33.14
ORCL,7/12/2011 16:00,32.6
ORCL,7/13/2011 16:00,32.69
ORCL,7/14/2011 16:00,32.05
ORCL,7/15/2011 16:00,32.09
ORCL,7/18/2011 16:00,31.49
ORCL,7/19/2011 16:00,32.64
ORCL,7/20/2011 16:00,32.08
ORCL,7/21/2011 16:00,32.47
ORCL,7/22/2011 16:00,32.55
ORCL,7/25/2011 16:00,32.21
ORCL,7/26/2011 16:00,32.15
ORCL,7/27/2011 16:00,30.71
ORCL,7/28/2011 16:00,30.67
ORCL,7/29/2011 16:00,30.58
ORCL,8/1/2011 16:00,30.11
ORCL,8/2/2011 16:00,29.55
ORCL,8/3/2011 16:00,30.19
ORCL,8/4/2011 16:00,28.88
ORCL,8/5/2011 16:00,28.35
ORCL,8/8/2011 16:00,26.02
ORCL,8/9/2011 16:00,27.6
ORCL,8/10/2011 16:00,26.48
ORCL,8/11/2011 16:00,27.7
ORCL,8/12/2011 16:00,27.39
ORCL,8/15/2011 16:00,27.64
ORCL,8/16/2011 16:00,27.57
ORCL,8/17/2011 16:00,27.47
ORCL,8/18/2011 16:00,25.19
ORCL,8/19/2011 16:00,24.78
ORCL,8/22/2011 16:00,25.06
ORCL,8/23/2011 16:00,26.2
ORCL,8/24/2011 16:00,26.68
ORCL,8/25/2011 16:00,25.9
ORCL,8/26/2011 16:00,26.65
ORCL,8/29/2011 16:00,27.91
ORCL,8/30/2011 16:00,27.87
ORCL,8/31/2011 16:00,28.07
ORCL,9/1/2011 16:00,27.85
ORCL,9/2/2011 16:00,26.97
ORCL,9/6/2011 16:00,26.49
ORCL,9/7/2011 16:00,27.63
ORCL,9/8/2011 16:00,26.72
ORCL,9/9/2011 16:00,26
ORCL,9/12/2011 16:00,26.75
ORCL,9/13/2011 16:00,27.72
ORCL,9/14/2011 16:00,28.15
ORCL,9/15/2011 16:00,28.95
ORCL,9/16/2011 16:00,29.23
ORCL,9/19/2011 16:00,29.02
ORCL,9/20/2011 16:00,28.35
ORCL,9/21/2011 16:00,29.54
ORCL,9/22/2011 16:00,28.34
ORCL,9/23/2011 16:00,28.9
ORCL,9/26/2011 16:00,29.71
ORCL,9/27/2011 16:00,30.13
ORCL,9/28/2011 16:00,29.46
ORCL,9/29/2011 16:00,29.65
ORCL,9/30/2011 16:00,28.74
ORCL,10/3/2011 16:00,27.94
ORCL,10/4/2011 16:00,28.69
ORCL,10/5/2011 16:00,29.51
ORCL,10/6/2011 16:00,30.07
ORCL,10/7/2011 16:00,29.91
ORCL,10/10/2011 16:00,30.97
ORCL,10/11/2011 16:00,30.93
ORCL,10/12/2011 16:00,31.11
ORCL,10/13/2011 16:00,31.14
ORCL,10/14/2011 16:00,31.85
ORCL,10/17/2011 16:00,31.23
ORCL,10/18/2011 16:00,31.88
ORCL,10/19/2011 16:00,31.49
ORCL,10/20/2011 16:00,31.53
ORCL,10/21/2011 16:00,32.12
ORCL,10/24/2011 16:00,32.87
ORCL,10/25/2011 16:00,32.37
ORCL,10/26/2011 16:00,32.4
ORCL,10/27/2011 16:00,33.66
ORCL,10/28/2011 16:00,33.69
ORCL,10/31/2011 16:00,32.77
ORCL,11/1/2011 16:00,31.69
ORCL,11/2/2011 16:00,32.28
ORCL,11/3/2011 16:00,33.11
ORCL,11/4/2011 16:00,32.55
ORCL,11/7/2011 16:00,32.87
ORCL,11/8/2011 16:00,33.61
ORCL,11/9/2011 16:00,31.59
ORCL,11/10/2011 16:00,31.73
ORCL,11/11/2011 16:00,32.37
ORCL,11/14/2011 16:00,32.3
ORCL,11/15/2011 16:00,32.96
ORCL,11/16/2011 16:00,31.99
ORCL,11/17/2011 16:00,30.82
ORCL,11/18/2011 16:00,30.6
ORCL,11/21/2011 16:00,29.91
ORCL,11/22/2011 16:00,29.81
ORCL,11/23/2011 16:00,29
ORCL,11/25/2011 16:00,28.74
ORCL,11/28/2011 16:00,29.87
ORCL,11/29/2011 16:00,29.74
ORCL,11/30/2011 16:00,31.35
ORCL,12/1/2011 16:00,31.67
ORCL,12/2/2011 16:00,31.2
ORCL,12/5/2011 16:00,31.9
ORCL,12/6/2011 16:00,31.73
ORCL,12/7/2011 16:00,31.54
ORCL,12/8/2011 16:00,30.74
ORCL,12/9/2011 16:00,31.69
ORCL,12/12/2011 16:00,31.32
ORCL,12/13/2011 16:00,30.83
ORCL,12/14/2011 16:00,29.87
ORCL,12/15/2011 16:00,29.03
ORCL,12/16/2011 16:00,29.21
ORCL,12/19/2011 16:00,28.62
ORCL,12/20/2011 16:00,29.17
ORCL,12/21/2011 16:00,25.77
ORCL,12/22/2011 16:00,25.69
ORCL,12/23/2011 16:00,26.06
ORCL,12/27/2011 16:00,25.63
ORCL,12/28/2011 16:00,25.51
ORCL,12/29/2011 16:00,25.8
ORCL,12/30/2011 16:00,25.65
ORCL,1/3/2012 16:00,25.87
ORCL,1/4/2012 16:00,26.01
ORCL,1/5/2012 16:00,26.59
ORCL,1/6/2012 16:00,26.93
ORCL,1/9/2012 16:00,27.03
ORCL,1/10/2012 16:00,26.97
ORCL,1/11/2012 16:00,26.89
ORCL,1/12/2012 16:00,27.17
ORCL,1/13/2012 16:00,27.34
ORCL,1/17/2012 16:00,27.66
ORCL,1/18/2012 16:00,28.34
ORCL,1/19/2012 16:00,28.56
ORCL,1/20/2012 16:00,28.71
ORCL,1/23/2012 16:00,28.39
ORCL,1/24/2012 16:00,28.51
ORCL,1/25/2012 16:00,28.51
ORCL,1/26/2012 16:00,28.29
ORCL,1/27/2012 16:00,28.42
ORCL,1/30/2012 16:00,28.6
ORCL,1/31/2012 16:00,28.21
ORCL,2/1/2012 16:00,28.88
ORCL,2/2/2012 16:00,28.81
ORCL,2/3/2012 16:00,29.11
ORCL,2/6/2012 16:00,29
ORCL,2/7/2012 16:00,28.95
ORCL,2/8/2012 16:00,28.73
ORCL,2/9/2012 16:00,28.89
ORCL,2/10/2012 16:00,28.5
ORCL,2/13/2012 16:00,28.43
ORCL,2/14/2012 16:00,28.24
ORCL,2/15/2012 16:00,27.98
ORCL,2/16/2012 16:00,28.95
ORCL,2/17/2012 16:00,28.79
ORCL,2/21/2012 16:00,28.74
ORCL,2/22/2012 16:00,28.55
ORCL,2/23/2012 16:00,28.81
ORCL,2/24/2012 16:00,29.25
ORCL,2/27/2012 16:00,29.26
ORCL,2/28/2012 16:00,29.39
ORCL,2/29/2012 16:00,29.26
ORCL,3/1/2012 16:00,29.83
ORCL,3/2/2012 16:00,29.96
ORCL,3/5/2012 16:00,30.24
ORCL,3/6/2012 16:00,29.95
ORCL,3/7/2012 16:00,30.22
ORCL,3/8/2012 16:00,30.07
ORCL,3/9/2012 16:00,30.13
ORCL,3/12/2012 16:00,29.71
ORCL,3/13/2012 16:00,30.13
ORCL,3/14/2012 16:00,29.84
ORCL,3/15/2012 16:00,30.06
ORCL,3/16/2012 16:00,29.74
ORCL,3/19/2012 16:00,29.76
ORCL,3/20/2012 16:00,30.1
ORCL,3/21/2012 16:00,29.41
ORCL,3/22/2012 16:00,28.63
ORCL,3/23/2012 16:00,28.55
ORCL,3/26/2012 16:00,29.16
ORCL,3/27/2012 16:00,29.35
ORCL,3/28/2012 16:00,29.36
ORCL,3/29/2012 16:00,29.3
ORCL,3/30/2012 16:00,29.16
ORCL,4/2/2012 16:00,29.53
ORCL,4/3/2012 16:00,29.39
ORCL,4/4/2012 16:00,29.16
ORCL,4/5/2012 16:00,29.56
ORCL,4/9/2012 16:00,29.01
ORCL,4/10/2012 16:00,28.35
ORCL,4/11/2012 16:00,28.14
ORCL,4/12/2012 16:00,28.7
ORCL,4/13/2012 16:00,28.5
ORCL,4/16/2012 16:00,28.64
ORCL,4/17/2012 16:00,29.28
ORCL,4/18/2012 16:00,29.13
ORCL,4/19/2012 16:00,29.01
ORCL,4/20/2012 16:00,28.88
ORCL,4/23/2012 16:00,28.48
ORCL,4/24/2012 16:00,28.69
ORCL,4/25/2012 16:00,28.87
ORCL,4/26/2012 16:00,29.02
ORCL,4/27/2012 16:00,29.24
ORCL,4/30/2012 16:00,29.4
ORCL,5/1/2012 16:00,29.57
ORCL,5/2/2012 16:00,29.71
ORCL,5/3/2012 16:00,29.38
ORCL,5/4/2012 16:00,28.41
ORCL,5/7/2012 16:00,27.92
ORCL,5/8/2012 16:00,27.93
ORCL,5/9/2012 16:00,27.78
ORCL,5/10/2012 16:00,27.02
ORCL,5/11/2012 16:00,27
ORCL,5/14/2012 16:00,26.96
ORCL,5/15/2012 16:00,27.06
ORCL,5/16/2012 16:00,26.72
ORCL,5/17/2012 16:00,26.25
ORCL,5/18/2012 16:00,25.61
ORCL,5/21/2012 16:00,26.26
ORCL,5/22/2012 16:00,26.36
ORCL,5/23/2012 16:00,26.68
ORCL,5/24/2012 16:00,26.12
ORCL,5/25/2012 16:00,26.14
ORCL,5/29/2012 16:00,26.46
ORCL,5/30/2012 16:00,26.17
ORCL,5/31/2012 16:00,26.47
ORCL,6/1/2012 16:00,26
ORCL,6/4/2012 16:00,26.2
ORCL,6/5/2012 16:00,26.71
ORCL,6/6/2012 16:00,27.53
ORCL,6/7/2012 16:00,27.18
ORCL,6/8/2012 16:00,27.16
ORCL,6/11/2012 16:00,26.81
ORCL,6/12/2012 16:00,27.03
ORCL,6/13/2012 16:00,27.02
ORCL,6/14/2012 16:00,26.91
ORCL,6/15/2012 16:00,27.7
ORCL,6/18/2012 16:00,27.12
ORCL,6/19/2012 16:00,27.96
ORCL,6/20/2012 16:00,28.49
ORCL,6/21/2012 16:00,27.81
ORCL,6/22/2012 16:00,28
ORCL,6/25/2012 16:00,27.62
ORCL,6/26/2012 16:00,27.83
ORCL,6/27/2012 16:00,28.17
ORCL,6/28/2012 16:00,28.17
ORCL,6/29/2012 16:00,29.7
ORCL,7/2/2012 16:00,29.8
ORCL,7/3/2012 16:00,29.97
ORCL,7/5/2012 16:00,29.72
ORCL,7/6/2012 16:00,29.18
ORCL,7/9/2012 16:00,29.1
ORCL,7/10/2012 16:00,29.05
ORCL,7/11/2012 16:00,29.23
ORCL,7/12/2012 16:00,28.82
ORCL,7/13/2012 16:00,29.58
ORCL,7/16/2012 16:00,29.52
ORCL,7/17/2012 16:00,29.92
ORCL,7/18/2012 16:00,30.5
ORCL,7/19/2012 16:00,30.87
ORCL,7/20/2012 16:00,30.12
ORCL,7/23/2012 16:00,29.65
ORCL,7/24/2012 16:00,29.32
ORCL,7/25/2012 16:00,29.26
ORCL,7/26/2012 16:00,30
ORCL,7/27/2012 16:00,30.77
ORCL,7/30/2012 16:00,30.58
ORCL,7/31/2012 16:00,30.2
ORCL,8/1/2012 16:00,30.32
ORCL,8/2/2012 16:00,29.92
ORCL,8/3/2012 16:00,30.72
ORCL,8/6/2012 16:00,31
ORCL,8/7/2012 16:00,31.5
ORCL,8/8/2012 16:00,31.16
ORCL,8/9/2012 16:00,31.37
ORCL,8/10/2012 16:00,31.61
ORCL,8/13/2012 16:00,31.36
ORCL,8/14/2012 16:00,31.35
ORCL,8/15/2012 16:00,31.55
ORCL,8/16/2012 16:00,32.03
ORCL,8/17/2012 16:00,32.2
ORCL,8/20/2012 16:00,32.04
ORCL,8/21/2012 16:00,31.75
ORCL,8/22/2012 16:00,31.7
ORCL,8/23/2012 16:00,31.59
ORCL,8/24/2012 16:00,31.95
ORCL,8/27/2012 16:00,31.83
ORCL,8/28/2012 16:00,31.58
ORCL,8/29/2012 16:00,31.49
ORCL,8/30/2012 16:00,31.17
ORCL,8/31/2012 16:00,31.65
ORCL,9/4/2012 16:00,31.57
ORCL,9/5/2012 16:00,32.07
ORCL,9/6/2012 16:00,32.63
ORCL,9/7/2012 16:00,32.6
ORCL,9/10/2012 16:00,32.31
ORCL,9/11/2012 16:00,32.32
ORCL,9/12/2012 16:00,32.26
ORCL,9/13/2012 16:00,32.62
ORCL,9/14/2012 16:00,32.95
ORCL,9/17/2012 16:00,33.1
ORCL,9/18/2012 16:00,33.02
ORCL,9/19/2012 16:00,32.78
ORCL,9/20/2012 16:00,32.26
ORCL,9/21/2012 16:00,32.47
ORCL,9/24/2012 16:00,32.22
ORCL,9/25/2012 16:00,31.3
ORCL,9/26/2012 16:00,30.73
ORCL,9/27/2012 16:00,31.22
ORCL,9/28/2012 16:00,31.46
ORCL,10/1/2012 16:00,31.67
ORCL,10/2/2012 16:00,31.65
ORCL,10/3/2012 16:00,31.82
ORCL,10/4/2012 16:00,31.9
ORCL,10/5/2012 16:00,31.39
ORCL,10/8/2012 16:00,31.18
ORCL,10/9/2012 16:00,30.65
ORCL,10/10/2012 16:00,30.58
ORCL,10/11/2012 16:00,30.72
ORCL,10/12/2012 16:00,31
ORCL,10/15/2012 16:00,31.3
ORCL,10/16/2012 16:00,31.87
ORCL,10/17/2012 16:00,31.23
ORCL,10/18/2012 16:00,31.12
ORCL,10/19/2012 16:00,30.48
ORCL,10/22/2012 16:00,30.8
ORCL,10/23/2012 16:00,30.59
ORCL,10/24/2012 16:00,30.6
ORCL,10/25/2012 16:00,30.86
ORCL,10/26/2012 16:00,30.99
ORCL,10/31/2012 16:00,31.08
ORCL,11/1/2012 16:00,31.48
ORCL,11/2/2012 16:00,31.21
ORCL,11/5/2012 16:00,31.25
ORCL,11/6/2012 16:00,31.63
ORCL,11/7/2012 16:00,30.79
ORCL,11/8/2012 16:00,30.42
ORCL,11/9/2012 16:00,30.35
ORCL,11/12/2012 16:00,30.3
ORCL,11/13/2012 16:00,30.02
ORCL,11/14/2012 16:00,29.58
ORCL,11/15/2012 16:00,29.95
ORCL,11/16/2012 16:00,30
ORCL,11/19/2012 16:00,30.14
ORCL,11/20/2012 16:00,30.2
ORCL,11/21/2012 16:00,30.4
ORCL,11/23/2012 16:00,30.92
ORCL,11/26/2012 16:00,30.96
ORCL,11/27/2012 16:00,31.22
ORCL,11/28/2012 16:00,31.8
ORCL,11/29/2012 16:00,31.84
ORCL,11/30/2012 16:00,32.17
ORCL,12/3/2012 16:00,32.31
ORCL,12/4/2012 16:00,32.38
ORCL,12/5/2012 16:00,32
ORCL,12/6/2012 16:00,32.03
ORCL,12/7/2012 16:00,31.92
ORCL,12/10/2012 16:00,32.07
ORCL,12/11/2012 16:00,32.34
ORCL,12/12/2012 16:00,31.94
ORCL,12/13/2012 16:00,31.61
ORCL,12/14/2012 16:00,31.96
ORCL,12/17/2012 16:00,32.32
ORCL,12/18/2012 16:00,32.88
ORCL,12/19/2012 16:00,34.09
ORCL,12/20/2012 16:00,33.94
ORCL,12/21/2012 16:00,33.76
ORCL,12/24/2012 16:00,33.61
ORCL,12/26/2012 16:00,33.61
ORCL,12/27/2012 16:00,33.27
ORCL,12/28/2012 16:00,33.02
ORCL,12/31/2012 16:00,33.32
ORCL,1/2/2013 16:00,34.69
ORCL,1/3/2013 16:00,34.31
ORCL,1/4/2013 16:00,34.61
ORCL,1/7/2013 16:00,34.43
ORCL,1/8/2013 16:00,34.44
ORCL,1/9/2013 16:00,34.46
ORCL,1/10/2013 16:00,34.91
ORCL,1/11/2013 16:00,34.86
ORCL,1/14/2013 16:00,34.96
ORCL,1/15/2013 16:00,34.7
ORCL,1/16/2013 16:00,34.64
ORCL,1/17/2013 16:00,34.62
ORCL,1/18/2013 16:00,35.11
ORCL,1/22/2013 16:00,34.93
ORCL,1/23/2013 16:00,34.69
ORCL,1/24/2013 16:00,34.94
ORCL,1/25/2013 16:00,35.38
ORCL,1/28/2013 16:00,35.54
ORCL,1/29/2013 16:00,35.78
ORCL,1/30/2013 16:00,35.38
ORCL,1/31/2013 16:00,35.51
ORCL,2/1/2013 16:00,36.21
ORCL,2/4/2013 16:00,35.13
ORCL,2/5/2013 16:00,35.48
ORCL,2/6/2013 16:00,35.1
ORCL,2/7/2013 16:00,34.56
ORCL,2/8/2013 16:00,34.9
ORCL,2/11/2013 16:00,34.96
ORCL,2/12/2013 16:00,35.11
ORCL,2/13/2013 16:00,34.99
ORCL,2/14/2013 16:00,34.9
ORCL,2/15/2013 16:00,34.81
ORCL,2/19/2013 16:00,35.4
ORCL,2/20/2013 16:00,35.01
ORCL,2/21/2013 16:00,34.28
ORCL,2/22/2013 16:00,34.75
ORCL,2/25/2013 16:00,34.28
ORCL,2/26/2013 16:00,34.32
ORCL,2/27/2013 16:00,34.68
ORCL,2/28/2013 16:00,34.24
ORCL,3/1/2013 16:00,34.63
ORCL,3/4/2013 16:00,35.05
ORCL,3/5/2013 16:00,35.46
ORCL,3/6/2013 16:00,35.86
ORCL,3/7/2013 16:00,35.94
ORCL,3/8/2013 16:00,35.71
ORCL,3/11/2013 16:00,35.88
ORCL,3/12/2013 16:00,35.43
ORCL,3/13/2013 16:00,35.58
ORCL,3/14/2013 16:00,36.3
ORCL,3/15/2013 16:00,36.34
ORCL,3/18/2013 16:00,36.04
ORCL,3/19/2013 16:00,35.69
ORCL,3/20/2013 16:00,35.77
ORCL,3/21/2013 16:00,32.3
ORCL,3/22/2013 16:00,31.98
ORCL,3/25/2013 16:00,31.25
ORCL,3/26/2013 16:00,31.54
ORCL,3/27/2013 16:00,31.95
ORCL,3/28/2013 16:00,32.33
ORCL,4/1/2013 16:00,32.41
ORCL,4/2/2013 16:00,32.74
ORCL,4/3/2013 16:00,32.4
ORCL,4/4/2013 16:00,32.37
ORCL,4/5/2013 16:00,32.03
ORCL,4/8/2013 16:00,32.36
ORCL,4/9/2013 16:00,33.04
ORCL,4/10/2013 16:00,33.73
ORCL,4/11/2013 16:00,33.62
ORCL,4/12/2013 16:00,33.46
ORCL,4/15/2013 16:00,32.8
ORCL,4/16/2013 16:00,33.42
ORCL,4/17/2013 16:00,32.49
ORCL,4/18/2013 16:00,32.12
ORCL,4/19/2013 16:00,32.37
ORCL,4/22/2013 16:00,32.52
ORCL,4/23/2013 16:00,32.46
ORCL,4/24/2013 16:00,32.51
ORCL,4/25/2013 16:00,32.27
ORCL,4/26/2013 16:00,32.36
ORCL,4/29/2013 16:00,32.24
ORCL,4/30/2013 16:00,32.78
ORCL,5/1/2013 16:00,33.16
ORCL,5/2/2013 16:00,33.69
ORCL,5/3/2013 16:00,33.38
ORCL,5/6/2013 16:00,33.51
ORCL,5/7/2013 16:00,33.26
ORCL,5/8/2013 16:00,33.46
ORCL,5/9/2013 16:00,33.7
ORCL,5/10/2013 16:00,34.02
ORCL,5/13/2013 16:00,33.78
ORCL,5/14/2013 16:00,33.67
ORCL,5/15/2013 16:00,33.99
ORCL,5/16/2013 16:00,34.37
ORCL,5/17/2013 16:00,35.03
ORCL,5/20/2013 16:00,34.9
ORCL,5/21/2013 16:00,35.1
ORCL,5/22/2013 16:00,34.12
ORCL,5/23/2013 16:00,34.23
ORCL,5/24/2013 16:00,34.05
ORCL,5/28/2013 16:00,34.53
ORCL,5/29/2013 16:00,34.4
ORCL,5/30/2013 16:00,34.34
ORCL,5/31/2013 16:00,33.78
ORCL,6/3/2013 16:00,34.39
ORCL,6/4/2013 16:00,34.16
ORCL,6/5/2013 16:00,34.12
ORCL,6/6/2013 16:00,33.35
ORCL,6/7/2013 16:00,33.82
ORCL,6/10/2013 16:00,34.05
ORCL,6/11/2013 16:00,33.57
ORCL,6/12/2013 16:00,33.52
ORCL,6/13/2013 16:00,34.25
ORCL,6/14/2013 16:00,33.77
ORCL,6/17/2013 16:00,34.27
ORCL,6/18/2013 16:00,34.4
ORCL,6/19/2013 16:00,34.09
ORCL,6/20/2013 16:00,33.21
ORCL,6/21/2013 16:00,30.14
ORCL,6/24/2013 16:00,30.17
ORCL,6/25/2013 16:00,29.96
ORCL,6/26/2013 16:00,30.14
ORCL,6/27/2013 16:00,30.45
ORCL,6/28/2013 16:00,30.71
ORCL,7/1/2013 16:00,30.11
ORCL,7/2/2013 16:00,30.1
ORCL,7/3/2013 16:00,30.7
ORCL,7/5/2013 16:00,31.19
ORCL,7/8/2013 16:00,31.65
ORCL,7/9/2013 16:00,31.52
ORCL,7/10/2013 16:00,31.23
ORCL,7/11/2013 16:00,31.86
ORCL,7/12/2013 16:00,31.25
ORCL,7/15/2013 16:00,32.01
ORCL,7/16/2013 16:00,32
ORCL,7/17/2013 16:00,32.16
ORCL,7/18/2013 16:00,32.01
ORCL,7/19/2013 16:00,31.86
ORCL,7/22/2013 16:00,31.87
ORCL,7/23/2013 16:00,32.07
ORCL,7/24/2013 16:00,32.39
ORCL,7/25/2013 16:00,32.37
ORCL,7/26/2013 16:00,32.54
ORCL,7/29/2013 16:00,32.48
ORCL,7/30/2013 16:00,32.55
ORCL,7/31/2013 16:00,32.35
ORCL,8/1/2013 16:00,32.75
ORCL,8/2/2013 16:00,32.57
ORCL,8/5/2013 16:00,32.78
ORCL,8/6/2013 16:00,33
ORCL,8/7/2013 16:00,32.82
ORCL,8/8/2013 16:00,33.02
ORCL,8/9/2013 16:00,32.92
ORCL,8/12/2013 16:00,33.25
ORCL,8/13/2013 16:00,33.25
ORCL,8/14/2013 16:00,33.57
ORCL,8/15/2013 16:00,32.73
ORCL,8/16/2013 16:00,32.41
ORCL,8/19/2013 16:00,32.06
ORCL,8/20/2013 16:00,32.2
ORCL,8/21/2013 16:00,32.3
ORCL,8/22/2013 16:00,32.4
ORCL,8/23/2013 16:00,31.77
ORCL,8/26/2013 16:00,32.34
ORCL,8/27/2013 16:00,31.78
ORCL,8/28/2013 16:00,31.66
ORCL,8/29/2013 16:00,31.7
ORCL,8/30/2013 16:00,31.86
ORCL,9/3/2013 16:00,32.02
ORCL,9/4/2013 16:00,32.32
ORCL,9/5/2013 16:00,32.26
ORCL,9/6/2013 16:00,32.2
ORCL,9/9/2013 16:00,32.75
ORCL,9/10/2013 16:00,32.86
ORCL,9/11/2013 16:00,33.02
ORCL,9/12/2013 16:00,32.79
ORCL,9/13/2013 16:00,32.46
ORCL,9/16/2013 16:00,32.97
ORCL,9/17/2013 16:00,33.26
ORCL,9/18/2013 16:00,33.87
ORCL,9/19/2013 16:00,33.89
ORCL,9/20/2013 16:00,34.05
ORCL,9/23/2013 16:00,33.94
ORCL,9/24/2013 16:00,33.64
ORCL,9/25/2013 16:00,33.87
ORCL,9/26/2013 16:00,33.81
ORCL,9/27/2013 16:00,33.78
ORCL,9/30/2013 16:00,33.17
ORCL,10/1/2013 16:00,33.5
ORCL,10/2/2013 16:00,33.68
ORCL,10/3/2013 16:00,33.24
ORCL,10/4/2013 16:00,33.21
ORCL,10/7/2013 16:00,32.84
ORCL,10/8/2013 16:00,32.37
ORCL,10/9/2013 16:00,32.19
ORCL,10/10/2013 16:00,32.99
ORCL,10/11/2013 16:00,33.26
ORCL,10/14/2013 16:00,33.28
ORCL,10/15/2013 16:00,32.75
ORCL,10/16/2013 16:00,33.02
ORCL,10/17/2013 16:00,32.87
ORCL,10/18/2013 16:00,32.9
ORCL,10/21/2013 16:00,32.95
ORCL,10/22/2013 16:00,32.9
ORCL,10/23/2013 16:00,32.7
ORCL,10/24/2013 16:00,33.07
ORCL,10/25/2013 16:00,33.15
ORCL,10/28/2013 16:00,33.14
ORCL,10/29/2013 16:00,33.71
ORCL,10/30/2013 16:00,33.53
ORCL,10/31/2013 16:00,33.5
ORCL,11/1/2013 16:00,33.53
ORCL,11/4/2013 16:00,33.71
ORCL,11/5/2013 16:00,33.5
ORCL,11/6/2013 16:00,34.07
ORCL,11/7/2013 16:00,34
ORCL,11/8/2013 16:00,34.35
ORCL,11/11/2013 16:00,34.37
ORCL,11/12/2013 16:00,34.7
ORCL,11/13/2013 16:00,35
ORCL,11/14/2013 16:00,34.38
ORCL,11/15/2013 16:00,34.92
ORCL,11/18/2013 16:00,34.93
ORCL,11/19/2013 16:00,34.76
ORCL,11/20/2013 16:00,34.75
ORCL,11/21/2013 16:00,34.94
ORCL,11/22/2013 16:00,34.83
ORCL,11/25/2013 16:00,34.78
ORCL,11/26/2013 16:00,34.93
ORCL,11/27/2013 16:00,35.29
ORCL,11/29/2013 16:00,35.29
ORCL,12/2/2013 16:00,35.08
ORCL,12/3/2013 16:00,35.07
ORCL,12/4/2013 16:00,35.07
ORCL,12/5/2013 16:00,34.85
ORCL,12/6/2013 16:00,35.48
ORCL,12/9/2013 16:00,35.6
ORCL,12/10/2013 16:00,34.8
ORCL,12/11/2013 16:00,34.56
ORCL,12/12/2013 16:00,33.6
ORCL,12/13/2013 16:00,33.23
ORCL,12/16/2013 16:00,33.54
ORCL,12/17/2013 16:00,33.63
ORCL,12/18/2013 16:00,34.6
ORCL,12/19/2013 16:00,36.6
ORCL,12/20/2013 16:00,36.37
ORCL,12/23/2013 16:00,36.93
ORCL,12/24/2013 16:00,37.32
ORCL,12/26/2013 16:00,37.69
ORCL,12/27/2013 16:00,37.98
ORCL,12/30/2013 16:00,37.99
ORCL,12/31/2013 16:00,38.26
ORCL,1/2/2014 16:00,37.84
ORCL,1/3/2014 16:00,37.62
ORCL,1/6/2014 16:00,37.47
ORCL,1/7/2014 16:00,37.85
ORCL,1/8/2014 16:00,37.72
ORCL,1/9/2014 16:00,37.65
ORCL,1/10/2014 16:00,38.11
ORCL,1/13/2014 16:00,37.75
ORCL,1/14/2014 16:00,38.21
ORCL,1/15/2014 16:00,38.41
ORCL,1/16/2014 16:00,38.29
ORCL,1/17/2014 16:00,38.21
ORCL,1/21/2014 16:00,38.11
ORCL,1/22/2014 16:00,37.98
ORCL,1/23/2014 16:00,38.15
ORCL,1/24/2014 16:00,37.11
ORCL,1/27/2014 16:00,36.49
ORCL,1/28/2014 16:00,37.1
ORCL,1/29/2014 16:00,36.97
ORCL,1/30/2014 16:00,37.4
ORCL,1/31/2014 16:00,36.9
ORCL,2/3/2014 16:00,35.84
ORCL,2/4/2014 16:00,35.96
ORCL,2/5/2014 16:00,35.95
ORCL,2/6/2014 16:00,36.72
ORCL,2/7/2014 16:00,37.19
ORCL,2/10/2014 16:00,37.3
ORCL,2/11/2014 16:00,37.84
ORCL,2/12/2014 16:00,38.07
ORCL,2/13/2014 16:00,38.42
ORCL,2/14/2014 16:00,37.98
ORCL,2/18/2014 16:00,37.97
ORCL,2/19/2014 16:00,37.87
ORCL,2/20/2014 16:00,38.27
ORCL,2/21/2014 16:00,38.1
ORCL,2/24/2014 16:00,38.14
ORCL,2/25/2014 16:00,38.25
ORCL,2/26/2014 16:00,38.5
ORCL,2/27/2014 16:00,38.95
ORCL,2/28/2014 16:00,39.11
ORCL,3/3/2014 16:00,38.51
ORCL,3/4/2014 16:00,39.41
ORCL,3/5/2014 16:00,39.5
ORCL,3/6/2014 16:00,39.46
ORCL,3/7/2014 16:00,38.83
ORCL,3/10/2014 16:00,38.86
ORCL,3/11/2014 16:00,38.9
ORCL,3/12/2014 16:00,38.52
ORCL,3/13/2014 16:00,37.65
ORCL,3/14/2014 16:00,37.6
ORCL,3/17/2014 16:00,38.22
ORCL,3/18/2014 16:00,38.84
ORCL,3/19/2014 16:00,38.55
ORCL,3/20/2014 16:00,38.37
ORCL,3/21/2014 16:00,37.5
ORCL,3/24/2014 16:00,38.18
ORCL,3/25/2014 16:00,38.4
ORCL,3/26/2014 16:00,39.08
ORCL,3/27/2014 16:00,39.24
ORCL,3/28/2014 16:00,39.57
ORCL,3/31/2014 16:00,40.91
ORCL,4/1/2014 16:00,41.49
ORCL,4/2/2014 16:00,41.13
ORCL,4/3/2014 16:00,40.37
ORCL,4/4/2014 16:00,39.98
ORCL,4/7/2014 16:00,39.47
ORCL,4/8/2014 16:00,40.24
ORCL,4/9/2014 16:00,40.88
ORCL,4/10/2014 16:00,39.79
ORCL,4/11/2014 16:00,38.98
ORCL,4/14/2014 16:00,39.57
ORCL,4/15/2014 16:00,39.73
ORCL,4/16/2014 16:00,40.13
ORCL,4/17/2014 16:00,40.08
ORCL,4/21/2014 16:00,40.24
ORCL,4/22/2014 16:00,40.46
ORCL,4/23/2014 16:00,39.79
ORCL,4/24/2014 16:00,39.75
ORCL,4/25/2014 16:00,39.45
ORCL,4/28/2014 16:00,40.13
ORCL,4/29/2014 16:00,40.11
ORCL,4/30/2014 16:00,40.88
ORCL,5/1/2014 16:00,40.97
ORCL,5/2/2014 16:00,40.81
ORCL,5/5/2014 16:00,41.21
ORCL,5/6/2014 16:00,41.01
ORCL,5/7/2014 16:00,41.06
ORCL,5/8/2014 16:00,40.87
ORCL,5/9/2014 16:00,41.04
ORCL,5/12/2014 16:00,41.95
ORCL,5/13/2014 16:00,41.89
ORCL,5/14/2014 16:00,41.88
ORCL,5/15/2014 16:00,41.93
ORCL,5/16/2014 16:00,41.69
ORCL,5/19/2014 16:00,42.16
ORCL,5/20/2014 16:00,41.56
ORCL,5/21/2014 16:00,41.68
ORCL,5/22/2014 16:00,41.52
ORCL,5/23/2014 16:00,42.15
ORCL,5/27/2014 16:00,41.91
ORCL,5/28/2014 16:00,41.57
ORCL,5/29/2014 16:00,42.2
ORCL,5/30/2014 16:00,42.02
ORCL,6/2/2014 16:00,41.97
ORCL,6/3/2014 16:00,41.81
ORCL,6/4/2014 16:00,41.7
ORCL,6/5/2014 16:00,42.1
ORCL,6/6/2014 16:00,42.63
ORCL,6/9/2014 16:00,42.7
ORCL,6/10/2014 16:00,42.66
ORCL,6/11/2014 16:00,42.56
ORCL,6/12/2014 16:00,42
ORCL,6/13/2014 16:00,42.14
ORCL,6/16/2014 16:00,42.15
ORCL,6/17/2014 16:00,42.32
ORCL,6/18/2014 16:00,42.81
ORCL,6/19/2014 16:00,42.51
ORCL,6/20/2014 16:00,40.82
ORCL,6/23/2014 16:00,41.1
ORCL,6/24/2014 16:00,40.76
ORCL,6/25/2014 16:00,40.46
ORCL,6/26/2014 16:00,40.15
ORCL,6/27/2014 16:00,40.53
ORCL,6/30/2014 16:00,40.53
ORCL,7/1/2014 16:00,40.77
ORCL,7/2/2014 16:00,40.95
ORCL,7/3/2014 16:00,41.34
ORCL,7/7/2014 16:00,40.89
ORCL,7/8/2014 16:00,40.56
ORCL,7/9/2014 16:00,40.26
ORCL,7/10/2014 16:00,40.32
ORCL,7/11/2014 16:00,40.13
ORCL,7/14/2014 16:00,40.49
ORCL,7/15/2014 16:00,40.54
ORCL,7/16/2014 16:00,40.26
ORCL,7/17/2014 16:00,39.91
ORCL,7/18/2014 16:00,40
ORCL,7/21/2014 16:00,40.01
ORCL,7/22/2014 16:00,40.43
ORCL,7/23/2014 16:00,40.31
ORCL,7/24/2014 16:00,40.47
ORCL,7/25/2014 16:00,40.33
ORCL,7/28/2014 16:00,40.55
ORCL,7/29/2014 16:00,40.63
ORCL,7/30/2014 16:00,40.96
ORCL,7/31/2014 16:00,40.39
ORCL,8/1/2014 16:00,39.61
ORCL,8/4/2014 16:00,40.1
ORCL,8/5/2014 16:00,39.96
ORCL,8/6/2014 16:00,40.16
ORCL,8/7/2014 16:00,39.67
ORCL,8/8/2014 16:00,39.94
ORCL,8/11/2014 16:00,39.92
ORCL,8/12/2014 16:00,39.9
ORCL,8/13/2014 16:00,40.24
ORCL,8/14/2014 16:00,40.22
ORCL,8/15/2014 16:00,40.28
ORCL,8/18/2014 16:00,40.64
ORCL,8/19/2014 16:00,41.41
ORCL,8/20/2014 16:00,41.25
ORCL,8/21/2014 16:00,41.58
ORCL,8/22/2014 16:00,41.63
ORCL,8/25/2014 16:00,41.74
ORCL,8/26/2014 16:00,41.84
ORCL,8/27/2014 16:00,41.64
ORCL,8/28/2014 16:00,41.27
ORCL,8/29/2014 16:00,41.53
ORCL,9/2/2014 16:00,41.66
ORCL,9/3/2014 16:00,41.9
ORCL,9/4/2014 16:00,41.55
ORCL,9/5/2014 16:00,41.27
ORCL,9/8/2014 16:00,40.64
ORCL,9/9/2014 16:00,40.71
ORCL,9/10/2014 16:00,40.71
ORCL,9/11/2014 16:00,40.68
ORCL,9/12/2014 16:00,40.5
ORCL,9/15/2014 16:00,40.66
ORCL,9/16/2014 16:00,41.19
ORCL,9/17/2014 16:00,41.14
ORCL,9/18/2014 16:00,41.55
ORCL,9/19/2014 16:00,39.8
ORCL,9/22/2014 16:00,39.58
ORCL,9/23/2014 16:00,38.83
ORCL,9/24/2014 16:00,39.42
ORCL,9/25/2014 16:00,38.76
ORCL,9/26/2014 16:00,38.95
ORCL,9/29/2014 16:00,38.44
ORCL,9/30/2014 16:00,38.28
ORCL,10/1/2014 16:00,38.09
ORCL,10/2/2014 16:00,38.27
ORCL,10/3/2014 16:00,38.89
ORCL,10/6/2014 16:00,39.08
ORCL,10/7/2014 16:00,38.46
ORCL,10/8/2014 16:00,39.02
ORCL,10/9/2014 16:00,38.74
ORCL,10/10/2014 16:00,38.1
ORCL,10/13/2014 16:00,38.23
ORCL,10/14/2014 16:00,38.46
ORCL,10/15/2014 16:00,38.3
ORCL,10/16/2014 16:00,37.56
ORCL,10/17/2014 16:00,37.87
ORCL,10/20/2014 16:00,37.8
ORCL,10/21/2014 16:00,38.35
ORCL,10/22/2014 16:00,37.64
ORCL,10/23/2014 16:00,38.23
ORCL,10/24/2014 16:00,38.73
ORCL,10/27/2014 16:00,38.43
ORCL,10/28/2014 16:00,38.65
ORCL,10/29/2014 16:00,38.58
ORCL,10/30/2014 16:00,38.5
ORCL,10/31/2014 16:00,39.05
ORCL,11/3/2014 16:00,38.99
ORCL,11/4/2014 16:00,39.13
ORCL,11/5/2014 16:00,39.29
ORCL,11/6/2014 16:00,39.81
ORCL,11/7/2014 16:00,39.94
ORCL,11/10/2014 16:00,40.45
ORCL,11/11/2014 16:00,40.47
ORCL,11/12/2014 16:00,40.14
ORCL,11/13/2014 16:00,40.72
ORCL,11/14/2014 16:00,40.84
ORCL,11/17/2014 16:00,41.16
ORCL,11/18/2014 16:00,41.26
ORCL,11/19/2014 16:00,40.92
ORCL,11/20/2014 16:00,40.92
ORCL,11/21/2014 16:00,41.44
ORCL,11/24/2014 16:00,41.43
ORCL,11/25/2014 16:00,41.15
ORCL,11/26/2014 16:00,41.87
ORCL,11/28/2014 16:00,42.41
ORCL,12/1/2014 16:00,42.08
ORCL,12/2/2014 16:00,42.18
ORCL,12/3/2014 16:00,42.06
ORCL,12/4/2014 16:00,41.89
ORCL,12/5/2014 16:00,41.93
ORCL,12/8/2014 16:00,41.37
ORCL,12/9/2014 16:00,41.87
ORCL,12/10/2014 16:00,40.92
ORCL,12/11/2014 16:00,40.76
ORCL,12/12/2014 16:00,39.95
ORCL,12/15/2014 16:00,41.11
ORCL,12/16/2014 16:00,40.63
ORCL,12/17/2014 16:00,41.16
ORCL,12/18/2014 16:00,45.35
ORCL,12/19/2014 16:00,46
ORCL,12/22/2014 16:00,45.65
ORCL,12/23/2014 16:00,46.01
ORCL,12/24/2014 16:00,46.23
ORCL,12/26/2014 16:00,46.1
ORCL,12/29/2014 16:00,45.61
ORCL,12/30/2014 16:00,45.34
ORCL,12/31/2014 16:00,44.97
ORCL,1/2/2015 16:00,44.33
ORCL,1/5/2015 16:00,43.59
ORCL,1/6/2015 16:00,43.14
ORCL,1/7/2015 16:00,43.15
ORCL,1/8/2015 16:00,43.41
ORCL,1/9/2015 16:00,43.39
ORCL,1/12/2015 16:00,43.27
ORCL,1/13/2015 16:00,42.93
ORCL,1/14/2015 16:00,43.06
ORCL,1/15/2015 16:00,42.63
ORCL,1/16/2015 16:00,43.51
ORCL,1/20/2015 16:00,43.9
ORCL,1/21/2015 16:00,43.49
ORCL,1/22/2015 16:00,44.05
ORCL,1/23/2015 16:00,44.19
ORCL,1/26/2015 16:00,43.9
ORCL,1/27/2015 16:00,43.4
ORCL,1/28/2015 16:00,42.69
ORCL,1/29/2015 16:00,42.86
ORCL,1/30/2015 16:00,41.89
ORCL,2/2/2015 16:00,42.68
ORCL,2/3/2015 16:00,43.04
ORCL,2/4/2015 16:00,42.42
ORCL,2/5/2015 16:00,43.16
ORCL,2/6/2015 16:00,42.98
ORCL,2/9/2015 16:00,43.4
ORCL,2/10/2015 16:00,43.99
ORCL,2/11/2015 16:00,43.36
ORCL,2/12/2015 16:00,43.89
ORCL,2/13/2015 16:00,43.93
ORCL,2/17/2015 16:00,43.84
ORCL,2/18/2015 16:00,44.1
ORCL,2/19/2015 16:00,44.11
ORCL,2/20/2015 16:00,43.77
ORCL,2/23/2015 16:00,43.78
ORCL,2/24/2015 16:00,43.88
ORCL,2/25/2015 16:00,43.73
ORCL,2/26/2015 16:00,43.89
ORCL,2/27/2015 16:00,43.82
ORCL,3/2/2015 16:00,44.03
ORCL,3/3/2015 16:00,43.38
ORCL,3/4/2015 16:00,43.61
ORCL,3/5/2015 16:00,43.8
ORCL,3/6/2015 16:00,42.38
ORCL,3/9/2015 16:00,42.69
ORCL,3/10/2015 16:00,41.82
ORCL,3/11/2015 16:00,41.47
ORCL,3/12/2015 16:00,41.62
ORCL,3/13/2015 16:00,42.38
ORCL,3/16/2015 16:00,43.41
ORCL,3/17/2015 16:00,42.87
ORCL,3/18/2015 16:00,44.13
ORCL,3/19/2015 16:00,44.16
ORCL,3/20/2015 16:00,44.41
ORCL,3/23/2015 16:00,44.25
ORCL,3/24/2015 16:00,43.71
ORCL,3/25/2015 16:00,42.93
ORCL,3/26/2015 16:00,42.99
ORCL,3/27/2015 16:00,42.64
ORCL,3/30/2015 16:00,43.44
ORCL,3/31/2015 16:00,43.15
ORCL,4/1/2015 16:00,42.94
ORCL,4/2/2015 16:00,42.62
ORCL,4/6/2015 16:00,42.96
ORCL,4/7/2015 16:00,42.96
ORCL,4/8/2015 16:00,43.11
ORCL,4/9/2015 16:00,43.2
ORCL,4/10/2015 16:00,43.51
ORCL,4/13/2015 16:00,43.08
ORCL,4/14/2015 16:00,42.73
ORCL,4/15/2015 16:00,43.99
ORCL,4/16/2015 16:00,43.46
ORCL,4/17/2015 16:00,43
ORCL,4/20/2015 16:00,43.32
ORCL,4/21/2015 16:00,43.42
ORCL,4/22/2015 16:00,43.55
ORCL,4/23/2015 16:00,43.39
ORCL,4/24/2015 16:00,43.08
ORCL,4/27/2015 16:00,43.61
ORCL,4/28/2015 16:00,44.5
ORCL,4/29/2015 16:00,44.73
ORCL,4/30/2015 16:00,43.62
ORCL,5/1/2015 16:00,44.37
ORCL,5/4/2015 16:00,44.59
ORCL,5/5/2015 16:00,43.92
ORCL,5/6/2015 16:00,43.26
ORCL,5/7/2015 16:00,43.48
ORCL,5/8/2015 16:00,44.01
ORCL,5/11/2015 16:00,43.84
ORCL,5/12/2015 16:00,43.57
ORCL,5/13/2015 16:00,43.79
ORCL,5/14/2015 16:00,44.38
ORCL,5/15/2015 16:00,44.15
ORCL,5/18/2015 16:00,44.24
ORCL,5/19/2015 16:00,44.32
ORCL,5/20/2015 16:00,44.29
ORCL,5/21/2015 16:00,44.28
ORCL,5/22/2015 16:00,43.93
ORCL,5/26/2015 16:00,43.33
ORCL,5/27/2015 16:00,44.14
ORCL,5/28/2015 16:00,43.86
ORCL,5/29/2015 16:00,43.49
ORCL,6/1/2015 16:00,43.79
ORCL,6/2/2015 16:00,43.7
ORCL,6/3/2015 16:00,43.97
ORCL,6/4/2015 16:00,43.77
ORCL,6/5/2015 16:00,43.81
ORCL,6/8/2015 16:00,43.1
ORCL,6/9/2015 16:00,43.07
ORCL,6/10/2015 16:00,43.94
ORCL,6/11/2015 16:00,44.28
ORCL,6/12/2015 16:00,44.34
ORCL,6/15/2015 16:00,43.72
ORCL,6/16/2015 16:00,44.64
ORCL,6/17/2015 16:00,44.91
ORCL,6/18/2015 16:00,42.74
ORCL,6/19/2015 16:00,41.59
ORCL,6/22/2015 16:00,41.49
ORCL,6/23/2015 16:00,41.71
ORCL,6/24/2015 16:00,41.2
ORCL,6/25/2015 16:00,41.06
ORCL,6/26/2015 16:00,40.99
ORCL,6/29/2015 16:00,40.42
ORCL,6/30/2015 16:00,40.3
ORCL,7/1/2015 16:00,40.24
ORCL,7/2/2015 16:00,40.36
ORCL,7/6/2015 16:00,40.15
ORCL,7/7/2015 16:00,40.16
ORCL,7/8/2015 16:00,39.77
ORCL,7/9/2015 16:00,40.18
ORCL,7/10/2015 16:00,40.36
ORCL,7/13/2015 16:00,40.8
ORCL,7/14/2015 16:00,40.78
ORCL,7/15/2015 16:00,40.79
ORCL,7/16/2015 16:00,40.96
ORCL,7/17/2015 16:00,40.4
ORCL,7/20/2015 16:00,39.93
ORCL,7/21/2015 16:00,39.57
ORCL,7/22/2015 16:00,39.42
ORCL,7/23/2015 16:00,39
ORCL,7/24/2015 16:00,39
ORCL,7/27/2015 16:00,38.51
ORCL,7/28/2015 16:00,39.28
ORCL,7/29/2015 16:00,39.79
ORCL,7/30/2015 16:00,39.65
ORCL,7/31/2015 16:00,39.94
ORCL,8/3/2015 16:00,39.71
ORCL,8/4/2015 16:00,39.66
ORCL,8/5/2015 16:00,39.64
ORCL,8/6/2015 16:00,39.32
ORCL,8/7/2015 16:00,39.56
ORCL,8/10/2015 16:00,39.89
ORCL,8/11/2015 16:00,39.17
ORCL,8/12/2015 16:00,39.28
ORCL,8/13/2015 16:00,39.31
ORCL,8/14/2015 16:00,39.41
ORCL,8/17/2015 16:00,39.72
ORCL,8/18/2015 16:00,39.83
ORCL,8/19/2015 16:00,39.53
ORCL,8/20/2015 16:00,38.63
ORCL,8/21/2015 16:00,37.55
ORCL,8/24/2015 16:00,36.08
ORCL,8/25/2015 16:00,35.45
ORCL,8/26/2015 16:00,36.91
ORCL,8/27/2015 16:00,36.82
ORCL,8/28/2015 16:00,37.46
ORCL,8/31/2015 16:00,37.09
ORCL,9/1/2015 16:00,36.01
ORCL,9/2/2015 16:00,36.75
ORCL,9/3/2015 16:00,36.9
ORCL,9/4/2015 16:00,36.27
ORCL,9/8/2015 16:00,37.68
ORCL,9/9/2015 16:00,37.09
ORCL,9/10/2015 16:00,37.61
ORCL,9/11/2015 16:00,37.92
ORCL,9/14/2015 16:00,37.56
ORCL,9/15/2015 16:00,37.99
ORCL,9/16/2015 16:00,38.27
ORCL,9/17/2015 16:00,36.74
ORCL,9/18/2015 16:00,36.38
ORCL,9/21/2015 16:00,36.83
ORCL,9/22/2015 16:00,36.19
ORCL,9/23/2015 16:00,35.99
ORCL,9/24/2015 16:00,36.06
ORCL,9/25/2015 16:00,36.05
ORCL,9/28/2015 16:00,35.44
ORCL,9/29/2015 16:00,35.51
ORCL,9/30/2015 16:00,36.12
ORCL,10/1/2015 16:00,36.24
ORCL,10/2/2015 16:00,36.89
ORCL,10/5/2015 16:00,37.59
ORCL,10/6/2015 16:00,37.73
ORCL,10/7/2015 16:00,37.66
ORCL,10/8/2015 16:00,37.89
ORCL,10/9/2015 16:00,38.1
ORCL,10/12/2015 16:00,38.04
ORCL,10/13/2015 16:00,37.82
ORCL,10/14/2015 16:00,37.26
ORCL,10/15/2015 16:00,37.55
ORCL,10/16/2015 16:00,37.37
ORCL,10/19/2015 16:00,36.87
ORCL,10/20/2015 16:00,36.86
ORCL,10/21/2015 16:00,36.62
ORCL,10/22/2015 16:00,37.79
ORCL,10/23/2015 16:00,38.07
ORCL,10/26/2015 16:00,38.37
ORCL,10/27/2015 16:00,38.34
ORCL,10/28/2015 16:00,38.88
ORCL,10/29/2015 16:00,38.86
ORCL,10/30/2015 16:00,38.84
ORCL,11/2/2015 16:00,39.75
ORCL,11/3/2015 16:00,40.2
ORCL,11/4/2015 16:00,40.48
ORCL,11/5/2015 16:00,40.35
ORCL,11/6/2015 16:00,40.62
ORCL,11/9/2015 16:00,40.1
ORCL,11/10/2015 16:00,39.92
ORCL,11/11/2015 16:00,39.04
ORCL,11/12/2015 16:00,38.63
ORCL,11/13/2015 16:00,37.3
ORCL,11/16/2015 16:00,38.12
ORCL,11/17/2015 16:00,38.13
ORCL,11/18/2015 16:00,38.7
ORCL,11/19/2015 16:00,39.02
ORCL,11/20/2015 16:00,39.34
ORCL,11/23/2015 16:00,39.14
ORCL,11/24/2015 16:00,39.46
ORCL,11/25/2015 16:00,39.26
ORCL,11/27/2015 16:00,39.18
ORCL,11/30/2015 16:00,38.97
ORCL,12/1/2015 16:00,39.23
ORCL,12/2/2015 16:00,38.7
ORCL,12/3/2015 16:00,37.81
ORCL,12/4/2015 16:00,39.16
ORCL,12/7/2015 16:00,38.82
ORCL,12/8/2015 16:00,38.73
ORCL,12/9/2015 16:00,38.58
ORCL,12/10/2015 16:00,38.19
ORCL,12/11/2015 16:00,37.21
ORCL,12/14/2015 16:00,37.65
ORCL,12/15/2015 16:00,38.21
ORCL,12/16/2015 16:00,38.91
ORCL,12/17/2015 16:00,36.93
ORCL,12/18/2015 16:00,36.35
ORCL,12/21/2015 16:00,36.42
ORCL,12/22/2015 16:00,36.59
ORCL,12/23/2015 16:00,36.93
ORCL,12/24/2015 16:00,37.01
ORCL,12/28/2015 16:00,36.79
ORCL,12/29/2015 16:00,37.04
ORCL,12/30/2015 16:00,36.92
ORCL,12/31/2015 16:00,36.53
ORCL,1/4/2016 16:00,35.75
ORCL,1/5/2016 16:00,35.64
ORCL,1/6/2016 16:00,35.82
ORCL,1/7/2016 16:00,35.04
ORCL,1/8/2016 16:00,34.65
ORCL,1/11/2016 16:00,34.94
ORCL,1/12/2016 16:00,35.37
ORCL,1/13/2016 16:00,34.08
ORCL,1/14/2016 16:00,34.79
ORCL,1/15/2016 16:00,34.12
ORCL,1/19/2016 16:00,34.55
ORCL,1/20/2016 16:00,33.94
ORCL,1/21/2016 16:00,34.12
ORCL,1/22/2016 16:00,34.8
ORCL,1/25/2016 16:00,34.34
ORCL,1/26/2016 16:00,35.23
ORCL,1/27/2016 16:00,34.91
ORCL,1/28/2016 16:00,35.33
ORCL,1/29/2016 16:00,36.31
ORCL,2/1/2016 16:00,36.32
ORCL,2/2/2016 16:00,35.35
ORCL,2/3/2016 16:00,35.69
ORCL,2/4/2016 16:00,36.45
ORCL,2/5/2016 16:00,35.7
ORCL,2/8/2016 16:00,35.61
ORCL,2/9/2016 16:00,35.08
ORCL,2/10/2016 16:00,35.2
ORCL,2/11/2016 16:00,34.84
ORCL,2/12/2016 16:00,35.54
ORCL,2/16/2016 16:00,35.7
ORCL,2/17/2016 16:00,36.63
ORCL,2/18/2016 16:00,36.63
ORCL,2/19/2016 16:00,36.78
ORCL,2/22/2016 16:00,37.11
ORCL,2/23/2016 16:00,36.55
ORCL,2/24/2016 16:00,36.63
ORCL,2/25/2016 16:00,37.29
ORCL,2/26/2016 16:00,36.96
ORCL,2/29/2016 16:00,36.78
ORCL,3/1/2016 16:00,37.99
ORCL,3/2/2016 16:00,37.76
ORCL,3/3/2016 16:00,37.89
ORCL,3/4/2016 16:00,37.89
ORCL,3/7/2016 16:00,38.36
ORCL,3/8/2016 16:00,38.15
ORCL,3/9/2016 16:00,38.48
ORCL,3/10/2016 16:00,38.05
ORCL,3/11/2016 16:00,38.95
ORCL,3/14/2016 16:00,38.7
ORCL,3/15/2016 16:00,38.74
ORCL,3/16/2016 16:00,40.22
ORCL,3/17/2016 16:00,40.61
ORCL,3/18/2016 16:00,41.48
ORCL,3/21/2016 16:00,41.61
ORCL,3/22/2016 16:00,41.38
ORCL,3/23/2016 16:00,40.75
ORCL,3/24/2016 16:00,40.97
ORCL,3/28/2016 16:00,40.62
ORCL,3/29/2016 16:00,40.7
ORCL,3/30/2016 16:00,40.97
ORCL,3/31/2016 16:00,40.91
ORCL,4/1/2016 16:00,41.16
ORCL,4/4/2016 16:00,41.07
ORCL,4/5/2016 16:00,40.53
ORCL,4/6/2016 16:00,40.75
ORCL,4/7/2016 16:00,39.97
ORCL,4/8/2016 16:00,40.36
ORCL,4/11/2016 16:00,40.39
ORCL,4/12/2016 16:00,40.42
ORCL,4/13/2016 16:00,41.31
ORCL,4/14/2016 16:00,41.24
ORCL,4/15/2016 16:00,41.02
ORCL,4/18/2016 16:00,41.24
ORCL,4/19/2016 16:00,41.06
ORCL,4/20/2016 16:00,41.1
ORCL,4/21/2016 16:00,40.99
ORCL,4/22/2016 16:00,40.7
ORCL,4/25/2016 16:00,40.78
ORCL,4/26/2016 16:00,40.65
ORCL,4/27/2016 16:00,40.85
ORCL,4/28/2016 16:00,40.33
ORCL,4/29/2016 16:00,39.86
ORCL,5/2/2016 16:00,40.3
ORCL,5/3/2016 16:00,39.68
ORCL,5/4/2016 16:00,39.29
ORCL,5/5/2016 16:00,39.23
ORCL,5/6/2016 16:00,39.41
ORCL,5/9/2016 16:00,39.36
ORCL,5/10/2016 16:00,40.02
ORCL,5/11/2016 16:00,39.65
ORCL,5/12/2016 16:00,39.82
ORCL,5/13/2016 16:00,39.61
ORCL,5/16/2016 16:00,39.97
ORCL,5/17/2016 16:00,39.6
ORCL,5/18/2016 16:00,39.47
ORCL,5/19/2016 16:00,38.84
ORCL,5/20/2016 16:00,39.41
ORCL,5/23/2016 16:00,39.18
ORCL,5/24/2016 16:00,39.9
ORCL,5/25/2016 16:00,40.13
ORCL,5/26/2016 16:00,39.95
ORCL,5/27/2016 16:00,40.07
ORCL,5/31/2016 16:00,40.2
ORCL,6/1/2016 16:00,40.26
ORCL,6/2/2016 16:00,38.66
ORCL,6/3/2016 16:00,39.1
ORCL,6/6/2016 16:00,39.44
ORCL,6/7/2016 16:00,39.13
ORCL,6/8/2016 16:00,39.28
ORCL,6/9/2016 16:00,39.05
ORCL,6/10/2016 16:00,38.74
ORCL,6/13/2016 16:00,38.62
ORCL,6/14/2016 16:00,38.83
ORCL,6/15/2016 16:00,38.44
ORCL,6/16/2016 16:00,38.64
ORCL,6/17/2016 16:00,39.68
ORCL,6/20/2016 16:00,39.73
ORCL,6/21/2016 16:00,39.99
ORCL,6/22/2016 16:00,40.01
ORCL,6/23/2016 16:00,40.83
ORCL,6/24/2016 16:00,39.23
ORCL,6/27/2016 16:00,38.48
ORCL,6/28/2016 16:00,39.13
ORCL,6/29/2016 16:00,40.55
ORCL,6/30/2016 16:00,40.93
ORCL,7/1/2016 16:00,40.86
ORCL,7/5/2016 16:00,40.4
ORCL,7/6/2016 16:00,40.53
ORCL,7/7/2016 16:00,40.53
ORCL,7/8/2016 16:00,40.87
ORCL,7/11/2016 16:00,40.78
ORCL,7/12/2016 16:00,41.42
ORCL,7/13/2016 16:00,41.46
ORCL,7/14/2016 16:00,41.67
ORCL,7/15/2016 16:00,41.77
ORCL,7/18/2016 16:00,41.64
ORCL,7/19/2016 16:00,41.08
ORCL,7/20/2016 16:00,41.25
ORCL,7/21/2016 16:00,41.07
ORCL,7/22/2016 16:00,41.08
ORCL,7/25/2016 16:00,41.16
ORCL,7/26/2016 16:00,40.94
ORCL,7/27/2016 16:00,40.93
ORCL,7/28/2016 16:00,41.19
ORCL,7/29/2016 16:00,41.04
ORCL,8/1/2016 16:00,41.15
ORCL,8/2/2016 16:00,40.71
ORCL,8/3/2016 16:00,40.71
ORCL,8/4/2016 16:00,40.9
ORCL,8/5/2016 16:00,41.13
ORCL,8/8/2016 16:00,41.16
ORCL,8/9/2016 16:00,41.1
ORCL,8/10/2016 16:00,41.09
ORCL,8/11/2016 16:00,41.28
ORCL,8/12/2016 16:00,41.09
ORCL,8/15/2016 16:00,41.39
ORCL,8/16/2016 16:00,41.32
ORCL,8/17/2016 16:00,41.21
ORCL,8/18/2016 16:00,41.14
ORCL,8/19/2016 16:00,41.32
ORCL,8/22/2016 16:00,41.22
ORCL,8/23/2016 16:00,41.5
ORCL,8/24/2016 16:00,41.07
ORCL,8/25/2016 16:00,41.1
ORCL,8/26/2016 16:00,41.26
ORCL,8/29/2016 16:00,41.31
ORCL,8/30/2016 16:00,41.31
ORCL,8/31/2016 16:00,41.22
ORCL,9/1/2016 16:00,41.16
ORCL,9/2/2016 16:00,41.25
ORCL,9/6/2016 16:00,41.25
ORCL,9/7/2016 16:00,41.25
ORCL,9/8/2016 16:00,40.72
ORCL,9/9/2016 16:00,40.03
ORCL,9/12/2016 16:00,40.68
ORCL,9/13/2016 16:00,40.18
ORCL,9/14/2016 16:00,40.25
ORCL,9/15/2016 16:00,40.86
ORCL,9/16/2016 16:00,38.92
ORCL,9/19/2016 16:00,39.23
ORCL,9/20/2016 16:00,39.07
ORCL,9/21/2016 16:00,39.51
ORCL,9/22/2016 16:00,39.51
ORCL,9/23/2016 16:00,39.23
ORCL,9/26/2016 16:00,39.03
ORCL,9/27/2016 16:00,39.3
ORCL,9/28/2016 16:00,39.44
ORCL,9/29/2016 16:00,39.12
ORCL,9/30/2016 16:00,39.28
ORCL,10/3/2016 16:00,38.99
ORCL,10/4/2016 16:00,38.87
ORCL,10/5/2016 16:00,39.15
ORCL,10/6/2016 16:00,38.87
ORCL,10/7/2016 16:00,38.71
ORCL,10/10/2016 16:00,38.62
ORCL,10/11/2016 16:00,38.01
ORCL,10/12/2016 16:00,38.05
ORCL,10/13/2016 16:00,38.03
ORCL,10/14/2016 16:00,38.41
ORCL,10/17/2016 16:00,38.29
ORCL,10/18/2016 16:00,38.42
ORCL,10/19/2016 16:00,38.35
ORCL,10/20/2016 16:00,38.09
ORCL,10/21/2016 16:00,37.93
ORCL,10/24/2016 16:00,38.27
ORCL,10/25/2016 16:00,38.36
ORCL,10/26/2016 16:00,38.31
ORCL,10/27/2016 16:00,38.22
ORCL,10/28/2016 16:00,38.17
ORCL,10/31/2016 16:00,38.42
ORCL,11/1/2016 16:00,38.46
ORCL,11/2/2016 16:00,38.03
ORCL,11/3/2016 16:00,38.31
ORCL,11/4/2016 16:00,38.28
ORCL,11/7/2016 16:00,39.09
ORCL,11/8/2016 16:00,39.13
ORCL,11/9/2016 16:00,39.55
ORCL,11/10/2016 16:00,39.58
ORCL,11/11/2016 16:00,39.45
ORCL,11/14/2016 16:00,39.3
ORCL,11/15/2016 16:00,39.17
ORCL,11/16/2016 16:00,39.7
ORCL,11/17/2016 16:00,40.25
ORCL,11/18/2016 16:00,39.86
ORCL,11/21/2016 16:00,39.89
ORCL,11/22/2016 16:00,40.09
ORCL,11/23/2016 16:00,40.1
ORCL,11/25/2016 16:00,40.27
ORCL,11/28/2016 16:00,40.3
ORCL,11/29/2016 16:00,40.55
ORCL,11/30/2016 16:00,40.19
ORCL,12/1/2016 16:00,38.7
ORCL,12/2/2016 16:00,38.5
ORCL,12/5/2016 16:00,38.97
ORCL,12/6/2016 16:00,39.47
ORCL,12/7/2016 16:00,40.32
ORCL,12/8/2016 16:00,40.35
ORCL,12/9/2016 16:00,40.52
ORCL,12/12/2016 16:00,40.51
ORCL,12/13/2016 16:00,40.76
ORCL,12/14/2016 16:00,40.88
ORCL,12/15/2016 16:00,40.86
ORCL,12/16/2016 16:00,39.1
ORCL,12/19/2016 16:00,38.9
ORCL,12/20/2016 16:00,39
ORCL,12/21/2016 16:00,38.83
ORCL,12/22/2016 16:00,38.96
ORCL,12/23/2016 16:00,38.78
ORCL,12/27/2016 16:00,38.82
ORCL,12/28/2016 16:00,38.68
ORCL,12/29/2016 16:00,38.69
ORCL,12/30/2016 16:00,38.45
ORCL,1/3/2017 16:00,38.55
ORCL,1/4/2017 16:00,38.74
ORCL,1/5/2017 16:00,38.64
ORCL,1/6/2017 16:00,38.45
ORCL,1/9/2017 16:00,39.03
ORCL,1/10/2017 16:00,38.66
ORCL,1/11/2017 16:00,39.11
ORCL,1/12/2017 16:00,39.2
ORCL,1/13/2017 16:00,39.26
ORCL,1/17/2017 16:00,39.1
ORCL,1/18/2017 16:00,39.19
ORCL,1/19/2017 16:00,39.21
ORCL,1/20/2017 16:00,39.87
ORCL,1/23/2017 16:00,39.68
ORCL,1/24/2017 16:00,40.1
ORCL,1/25/2017 16:00,40.15
ORCL,1/26/2017 16:00,40.13
ORCL,1/27/2017 16:00,40.23
ORCL,1/30/2017 16:00,40.23
ORCL,1/31/2017 16:00,40.11
ORCL,2/1/2017 16:00,39.84
ORCL,2/2/2017 16:00,39.98
ORCL,2/3/2017 16:00,40.43
ORCL,2/6/2017 16:00,40.1
ORCL,2/7/2017 16:00,40.07
ORCL,2/8/2017 16:00,40.02
ORCL,2/9/2017 16:00,40.23
ORCL,2/10/2017 16:00,40.79
ORCL,2/13/2017 16:00,41.09
ORCL,2/14/2017 16:00,41.1
ORCL,2/15/2017 16:00,41.41
ORCL,2/16/2017 16:00,41.59
ORCL,2/17/2017 16:00,42.06
ORCL,2/21/2017 16:00,42.27
ORCL,2/22/2017 16:00,42.51
ORCL,2/23/2017 16:00,42.96
ORCL,2/24/2017 16:00,43.17
ORCL,2/27/2017 16:00,42.7
ORCL,2/28/2017 16:00,42.59
ORCL,3/1/2017 16:00,42.92
ORCL,3/2/2017 16:00,42.89
ORCL,3/3/2017 16:00,42.69
ORCL,3/6/2017 16:00,42.57
ORCL,3/7/2017 16:00,42.6
ORCL,3/8/2017 16:00,42.61
ORCL,3/9/2017 16:00,42.44
ORCL,3/10/2017 16:00,42.68
ORCL,3/13/2017 16:00,42.58
ORCL,3/14/2017 16:00,42.79
ORCL,3/15/2017 16:00,43.05
ORCL,3/16/2017 16:00,45.73
ORCL,3/17/2017 16:00,45.66
ORCL,3/20/2017 16:00,45.23
ORCL,3/21/2017 16:00,44.84
ORCL,3/22/2017 16:00,44.79
ORCL,3/23/2017 16:00,44.95
ORCL,3/24/2017 16:00,44.65
ORCL,3/27/2017 16:00,44.84
ORCL,3/28/2017 16:00,44.69
ORCL,3/29/2017 16:00,44.52
ORCL,3/30/2017 16:00,44.68
ORCL,3/31/2017 16:00,44.61
ORCL,4/3/2017 16:00,44.61
ORCL,4/4/2017 16:00,44.59
ORCL,4/5/2017 16:00,44.49
ORCL,4/6/2017 16:00,44.18
ORCL,4/7/2017 16:00,44.29
ORCL,4/10/2017 16:00,44
ORCL,4/11/2017 16:00,44.17
ORCL,4/12/2017 16:00,44.18
ORCL,4/13/2017 16:00,44
ORCL,4/17/2017 16:00,44.29
ORCL,4/18/2017 16:00,44.52
ORCL,4/19/2017 16:00,44.19
ORCL,4/20/2017 16:00,44.53
ORCL,4/21/2017 16:00,44.43
ORCL,4/24/2017 16:00,44.84
ORCL,4/25/2017 16:00,44.72
ORCL,4/26/2017 16:00,44.69
ORCL,4/27/2017 16:00,44.77
ORCL,4/28/2017 16:00,44.96
ORCL,5/1/2017 16:00,45.05
ORCL,5/2/2017 16:00,45.13
ORCL,5/3/2017 16:00,44.89
ORCL,5/4/2017 16:00,45.47
ORCL,5/5/2017 16:00,45.58
ORCL,5/8/2017 16:00,45.56
ORCL,5/9/2017 16:00,45.48
ORCL,5/10/2017 16:00,45.53
ORCL,5/11/2017 16:00,45.16
ORCL,5/12/2017 16:00,45.08
ORCL,5/15/2017 16:00,45.32
ORCL,5/16/2017 16:00,45.29
ORCL,5/17/2017 16:00,44.23
ORCL,5/18/2017 16:00,44.17
ORCL,5/19/2017 16:00,44.31
ORCL,5/22/2017 16:00,44.63
ORCL,5/23/2017 16:00,44.56
ORCL,5/24/2017 16:00,44.83
ORCL,5/25/2017 16:00,45.2
ORCL,5/26/2017 16:00,45.26
ORCL,5/30/2017 16:00,45.42
ORCL,5/31/2017 16:00,45.39
ORCL,6/1/2017 16:00,45.79
ORCL,6/2/2017 16:00,45.66
ORCL,6/5/2017 16:00,45.92
ORCL,6/6/2017 16:00,45.61
ORCL,6/7/2017 16:00,45.4
ORCL,6/8/2017 16:00,45.42
ORCL,6/9/2017 16:00,45.03
ORCL,6/12/2017 16:00,44.85
ORCL,6/13/2017 16:00,44.98
ORCL,6/14/2017 16:00,44.81
ORCL,6/15/2017 16:00,44.68
ORCL,6/16/2017 16:00,45.09
ORCL,6/19/2017 16:00,45.73
ORCL,6/20/2017 16:00,45.84
ORCL,6/21/2017 16:00,46.33
ORCL,6/22/2017 16:00,50.3
ORCL,6/23/2017 16:00,50.95
ORCL,6/26/2017 16:00,50.86
ORCL,6/27/2017 16:00,50.75
ORCL,6/28/2017 16:00,50.87
ORCL,6/29/2017 16:00,50.2
ORCL,6/30/2017 16:00,50.14
ORCL,7/3/2017 16:00,49.36
ORCL,7/5/2017 16:00,49.46
ORCL,7/6/2017 16:00,48.85
ORCL,7/7/2017 16:00,49.35
ORCL,7/10/2017 16:00,49.62
ORCL,7/11/2017 16:00,49.88
ORCL,7/12/2017 16:00,50.45
ORCL,7/13/2017 16:00,50.35
ORCL,7/14/2017 16:00,50.56
ORCL,7/17/2017 16:00,50.44
ORCL,7/18/2017 16:00,50.45
ORCL,7/19/2017 16:00,51
ORCL,7/20/2017 16:00,51.13
ORCL,7/21/2017 16:00,50.8
ORCL,7/24/2017 16:00,50.76
ORCL,7/25/2017 16:00,51.17
ORCL,7/26/2017 16:00,51.17
ORCL,7/27/2017 16:00,50.45
ORCL,7/28/2017 16:00,50.3
ORCL,7/31/2017 16:00,49.93
ORCL,8/1/2017 16:00,50.16
ORCL,8/2/2017 16:00,49.77
ORCL,8/3/2017 16:00,50.23
ORCL,8/4/2017 16:00,49.96
ORCL,8/7/2017 16:00,49.64
ORCL,8/8/2017 16:00,49.1
ORCL,8/9/2017 16:00,49.06
ORCL,8/10/2017 16:00,48.1
ORCL,8/11/2017 16:00,48.24
ORCL,8/14/2017 16:00,48.85
ORCL,8/15/2017 16:00,48.83
ORCL,8/16/2017 16:00,49.25
ORCL,8/17/2017 16:00,48.55
ORCL,8/18/2017 16:00,48.62
ORCL,8/21/2017 16:00,48.9
ORCL,8/22/2017 16:00,49.26
ORCL,8/23/2017 16:00,49.07
ORCL,8/24/2017 16:00,49.19
ORCL,8/25/2017 16:00,49.24
ORCL,8/28/2017 16:00,49.24
ORCL,8/29/2017 16:00,49.45
ORCL,8/30/2017 16:00,49.8
ORCL,8/31/2017 16:00,50.33
ORCL,9/1/2017 16:00,50.62
ORCL,9/5/2017 16:00,50.93
ORCL,9/6/2017 16:00,51.01
ORCL,9/7/2017 16:00,51.73
ORCL,9/8/2017 16:00,51.58
ORCL,9/11/2017 16:00,52.49
ORCL,9/12/2017 16:00,52.77
ORCL,9/13/2017 16:00,52.8
ORCL,9/14/2017 16:00,52.79
ORCL,9/15/2017 16:00,48.74
ORCL,9/18/2017 16:00,48.33
ORCL,9/19/2017 16:00,48.04
ORCL,9/20/2017 16:00,47.97
ORCL,9/21/2017 16:00,47.97
ORCL,9/22/2017 16:00,48.16
ORCL,9/25/2017 16:00,47.97
ORCL,9/26/2017 16:00,47.92
ORCL,9/27/2017 16:00,48.16
ORCL,9/28/2017 16:00,48.08
ORCL,9/29/2017 16:00,48.35
ORCL,10/2/2017 16:00,48.8
ORCL,10/3/2017 16:00,48.69
ORCL,10/4/2017 16:00,48.9
ORCL,10/5/2017 16:00,48.91
ORCL,10/6/2017 16:00,48.4
ORCL,10/9/2017 16:00,48.36
ORCL,10/10/2017 16:00,48.21
ORCL,10/11/2017 16:00,48.28
ORCL,10/12/2017 16:00,48.23
ORCL,10/13/2017 16:00,48.61
ORCL,10/16/2017 16:00,48.86
ORCL,10/17/2017 16:00,49.19
ORCL,10/18/2017 16:00,49.58
ORCL,10/19/2017 16:00,49.35
ORCL,10/20/2017 16:00,49.25
ORCL,10/23/2017 16:00,49.31
ORCL,10/24/2017 16:00,49.98
ORCL,10/25/2017 16:00,49.7
ORCL,10/26/2017 16:00,50.15
ORCL,10/27/2017 16:00,50.88
ORCL,10/30/2017 16:00,50.68
ORCL,10/31/2017 16:00,50.9
ORCL,11/1/2017 16:00,50.64
ORCL,11/2/2017 16:00,50.28
ORCL,11/3/2017 16:00,50.18
ORCL,11/6/2017 16:00,50.4
ORCL,11/7/2017 16:00,50.49
ORCL,11/8/2017 16:00,50.54
ORCL,11/9/2017 16:00,49.24
ORCL,11/10/2017 16:00,49.32
ORCL,11/13/2017 16:00,49.4
ORCL,11/14/2017 16:00,49.2
ORCL,11/15/2017 16:00,48.82
ORCL,11/16/2017 16:00,49.2
ORCL,11/17/2017 16:00,48.94
ORCL,11/20/2017 16:00,49.02
ORCL,11/21/2017 16:00,48.63
ORCL,11/22/2017 16:00,48.58
ORCL,11/24/2017 13:00,49.01
ORCL,11/27/2017 16:00,48.88
ORCL,11/28/2017 16:00,49.01
ORCL,11/29/2017 16:00,48.52
ORCL,11/30/2017 16:00,49.06
ORCL,12/1/2017 16:00,49.61
ORCL,12/4/2017 16:00,48.4
ORCL,12/5/2017 16:00,47.99
ORCL,12/6/2017 16:00,48.42
ORCL,12/7/2017 16:00,48.52
ORCL,12/8/2017 16:00,49.6
ORCL,12/11/2017 16:00,50.47
ORCL,12/12/2017 16:00,50.39
ORCL,12/13/2017 16:00,50.05
ORCL,12/14/2017 16:00,50.19
ORCL,12/15/2017 16:00,48.3
ORCL,12/18/2017 16:00,47.71
ORCL,12/19/2017 16:00,47.82
ORCL,12/20/2017 16:00,47.9
ORCL,12/21/2017 16:00,47.28
ORCL,12/22/2017 16:00,47.36
ORCL,12/26/2017 16:00,47.43
ORCL,12/27/2017 16:00,47.38
ORCL,12/28/2017 16:00,47.52
ORCL,12/29/2017 16:00,47.28
ORCL,1/2/2018 16:00,46.63
ORCL,1/3/2018 16:00,47.71
ORCL,1/4/2018 16:00,48.18
ORCL,1/5/2018 16:00,48.47
ORCL,1/8/2018 16:00,48.98
ORCL,1/9/2018 16:00,49.06
ORCL,1/10/2018 16:00,48.8
ORCL,1/11/2018 16:00,48.95
ORCL,1/12/2018 16:00,49.51
ORCL,1/16/2018 16:00,49.59
ORCL,1/17/2018 16:00,50.27
ORCL,1/18/2018 16:00,50.23
ORCL,1/19/2018 16:00,50.58
ORCL,1/22/2018 16:00,50.71
ORCL,1/23/2018 16:00,51.12
ORCL,1/24/2018 16:00,51.45
ORCL,1/25/2018 16:00,51.6
ORCL,1/26/2018 16:00,52.75
ORCL,1/29/2018 16:00,51.94
ORCL,1/30/2018 16:00,50.96
ORCL,1/31/2018 16:00,51.59
ORCL,2/1/2018 16:00,51.63
ORCL,2/2/2018 16:00,50.13
ORCL,2/5/2018 16:00,48.09
ORCL,2/6/2018 16:00,49.4
ORCL,2/7/2018 16:00,48.87
ORCL,2/8/2018 16:00,46.84
ORCL,2/9/2018 16:00,47.73
ORCL,2/12/2018 16:00,48.15
ORCL,2/13/2018 16:00,48.49
ORCL,2/14/2018 16:00,49.45
ORCL,2/15/2018 16:00,50.64
ORCL,2/16/2018 16:00,50.71
ORCL,2/20/2018 16:00,49.89
ORCL,2/21/2018 16:00,49.43
ORCL,2/22/2018 16:00,49.59
ORCL,2/23/2018 16:00,50.5
ORCL,2/26/2018 16:00,51.17
ORCL,2/27/2018 16:00,50.73
ORCL,2/28/2018 16:00,50.67
ORCL,3/1/2018 16:00,49.71
ORCL,3/2/2018 16:00,50.32
ORCL,3/5/2018 16:00,51.29
ORCL,3/6/2018 16:00,51.5
ORCL,3/7/2018 16:00,51.72
ORCL,3/8/2018 16:00,52.13
ORCL,3/9/2018 16:00,52.97
ORCL,3/12/2018 16:00,52.9
ORCL,3/13/2018 16:00,52.58
ORCL,3/14/2018 16:00,52.32
ORCL,3/15/2018 16:00,52.37
ORCL,3/16/2018 16:00,52.27
ORCL,3/19/2018 16:00,51.95
ORCL,3/20/2018 16:00,47.05
ORCL,3/21/2018 16:00,47.02
ORCL,3/22/2018 16:00,45.89
ORCL,3/23/2018 16:00,44.79
ORCL,3/26/2018 16:00,46.48
ORCL,3/27/2018 16:00,45.38
ORCL,3/28/2018 16:00,44.98
ORCL,3/29/2018 16:00,45.75
ORCL,4/2/2018 16:00,45.01
ORCL,4/3/2018 16:00,44.89
ORCL,4/4/2018 16:00,45.51
ORCL,4/5/2018 16:00,45.96
ORCL,4/6/2018 16:00,44.83
ORCL,4/9/2018 16:00,44.9
ORCL,4/10/2018 16:00,45.82
ORCL,4/11/2018 16:00,45.61
ORCL,4/12/2018 16:00,45.88
ORCL,4/13/2018 16:00,46.08
ORCL,4/16/2018 16:00,46.05
ORCL,4/17/2018 16:00,46.66
ORCL,4/18/2018 16:00,47.08
ORCL,4/19/2018 16:00,46.82
ORCL,4/20/2018 16:00,46.23
ORCL,4/23/2018 16:00,45.8
ORCL,4/24/2018 16:00,45.53
ORCL,4/25/2018 16:00,45.75
ORCL,4/26/2018 16:00,45.96
ORCL,4/27/2018 16:00,45.53
ORCL,4/30/2018 16:00,45.67
ORCL,5/1/2018 16:00,45.95
ORCL,5/2/2018 16:00,45.51
ORCL,5/3/2018 16:00,45.06
ORCL,5/4/2018 16:00,45.71
ORCL,5/7/2018 16:00,46.07
ORCL,5/8/2018 16:00,45.94
ORCL,5/9/2018 16:00,46.58
ORCL,5/10/2018 16:00,46.93
ORCL,5/11/2018 16:00,46.82
ORCL,5/14/2018 16:00,46.82
ORCL,5/15/2018 16:00,46.81
ORCL,5/16/2018 16:00,46.73
ORCL,5/17/2018 16:00,46.54
ORCL,5/18/2018 16:00,46.32
ORCL,5/21/2018 16:00,47.21
ORCL,5/22/2018 16:00,46.37
ORCL,5/23/2018 16:00,46.9
ORCL,5/24/2018 16:00,46.46
ORCL,5/25/2018 16:00,47
ORCL,5/29/2018 16:00,46.26
ORCL,5/30/2018 16:00,47.05
ORCL,5/31/2018 16:00,46.72
ORCL,6/1/2018 16:00,47.35
ORCL,6/4/2018 16:00,47.32
ORCL,6/5/2018 16:00,47.13
ORCL,6/6/2018 16:00,47.75
ORCL,6/7/2018 16:00,47.68
ORCL,6/8/2018 16:00,48.18
ORCL,6/11/2018 16:00,48.19
ORCL,6/12/2018 16:00,48.45
ORCL,6/13/2018 16:00,48.27
ORCL,6/14/2018 16:00,45.9
ORCL,6/15/2018 16:00,46.28
ORCL,6/18/2018 16:00,46.52
ORCL,6/19/2018 16:00,46.27
ORCL,6/20/2018 16:00,42.82
ORCL,6/21/2018 16:00,43.1
ORCL,6/22/2018 16:00,44.1
ORCL,6/25/2018 16:00,44.28
ORCL,6/26/2018 16:00,44.41
ORCL,6/27/2018 16:00,43.45
ORCL,6/28/2018 16:00,43.84
ORCL,6/29/2018 16:00,44.06
ORCL,7/2/2018 16:00,44.95
ORCL,7/3/2018 13:00,44.72
ORCL,7/5/2018 16:00,45.41
ORCL,7/6/2018 16:00,46
ORCL,7/9/2018 16:00,46.73
ORCL,7/10/2018 16:00,46.99
ORCL,7/11/2018 16:00,47.64
ORCL,7/12/2018 16:00,48.15
ORCL,7/13/2018 16:00,48.63
ORCL,7/16/2018 16:00,48.46
ORCL,7/17/2018 16:00,48.9
ORCL,7/18/2018 16:00,48.64
ORCL,7/19/2018 16:00,48.44
ORCL,7/20/2018 16:00,48.52
ORCL,7/23/2018 16:00,48.67
ORCL,7/24/2018 16:00,48.67
ORCL,7/25/2018 16:00,48.95
ORCL,7/26/2018 16:00,48.87
ORCL,7/27/2018 16:00,48.63
ORCL,7/30/2018 16:00,47.73
ORCL,7/31/2018 16:00,47.68
ORCL,8/1/2018 16:00,47.35
ORCL,8/2/2018 16:00,47.9
ORCL,8/3/2018 16:00,48.47
ORCL,8/6/2018 16:00,48.67
ORCL,8/7/2018 16:00,48.48
ORCL,8/8/2018 16:00,48.39
ORCL,8/9/2018 16:00,48.54
ORCL,8/10/2018 16:00,48.32
ORCL,8/13/2018 16:00,48.01
ORCL,8/14/2018 16:00,48.23
ORCL,8/15/2018 16:00,47.84
ORCL,8/16/2018 16:00,48.1
ORCL,8/17/2018 16:00,48.36
ORCL,8/20/2018 16:00,48.42
ORCL,8/21/2018 16:00,48.41
ORCL,8/22/2018 16:00,48.8
ORCL,8/23/2018 16:00,48.96
ORCL,8/24/2018 16:00,49.26
ORCL,8/27/2018 16:00,49.33
ORCL,8/28/2018 16:00,48.64
ORCL,8/29/2018 16:00,48.89
ORCL,8/30/2018 16:00,48.38
ORCL,8/31/2018 16:00,48.58
ORCL,9/4/2018 16:00,48.58
ORCL,9/5/2018 16:00,48.04
ORCL,9/6/2018 16:00,47.71
ORCL,9/7/2018 16:00,47.81
ORCL,9/10/2018 16:00,48.86
ORCL,9/11/2018 16:00,48.92
ORCL,9/12/2018 16:00,49.34
ORCL,9/13/2018 16:00,48.96
ORCL,9/14/2018 16:00,49.25
ORCL,9/17/2018 16:00,49.18
ORCL,9/18/2018 16:00,49.03
ORCL,9/19/2018 16:00,49.43
ORCL,9/20/2018 16:00,50.43
ORCL,9/21/2018 16:00,51.1
ORCL,9/24/2018 16:00,51.24
ORCL,9/25/2018 16:00,51.72
ORCL,9/26/2018 16:00,51.63
ORCL,9/27/2018 16:00,51.69
ORCL,9/28/2018 16:00,51.56
ORCL,10/1/2018 16:00,51.8
ORCL,10/2/2018 16:00,50.23
ORCL,10/3/2018 16:00,49.75
ORCL,10/4/2018 16:00,49.47
ORCL,10/5/2018 16:00,49.35
ORCL,10/8/2018 16:00,49.36
ORCL,10/9/2018 16:00,48.87
ORCL,10/10/2018 16:00,47.4
ORCL,10/11/2018 16:00,46.78
ORCL,10/12/2018 16:00,47.38
ORCL,10/15/2018 16:00,47.12
ORCL,10/16/2018 16:00,48.23
ORCL,10/17/2018 16:00,47.86
ORCL,10/18/2018 16:00,47.38
ORCL,10/19/2018 16:00,47.59
ORCL,10/22/2018 16:00,47.94
ORCL,10/23/2018 16:00,47.99
ORCL,10/24/2018 16:00,46.76
ORCL,10/25/2018 16:00,47.96
ORCL,10/26/2018 16:00,47.32
ORCL,10/29/2018 16:00,47.02
ORCL,10/30/2018 16:00,48.57
ORCL,10/31/2018 16:00,48.84
ORCL,11/1/2018 16:00,48.59
ORCL,11/2/2018 16:00,48.83
ORCL,11/5/2018 16:00,49.02
ORCL,11/6/2018 16:00,49.25
ORCL,11/7/2018 16:00,50.26
ORCL,11/8/2018 16:00,50.43
ORCL,11/9/2018 16:00,50.61
ORCL,11/12/2018 16:00,49.22
ORCL,11/13/2018 16:00,49.51
ORCL,11/14/2018 16:00,48.84
ORCL,11/15/2018 16:00,50.63
ORCL,11/16/2018 16:00,51.17
ORCL,11/19/2018 16:00,49.55
ORCL,11/20/2018 16:00,48.33
ORCL,11/21/2018 16:00,48.62
ORCL,11/23/2018 13:00,48.7
ORCL,11/26/2018 16:00,48.26
ORCL,11/27/2018 16:00,47.44
ORCL,11/28/2018 16:00,48.19
ORCL,11/29/2018 16:00,47.9
ORCL,11/30/2018 16:00,48.76
ORCL,12/3/2018 16:00,49.83
ORCL,12/4/2018 16:00,48.75
ORCL,12/6/2018 16:00,46.68
ORCL,12/7/2018 16:00,46
ORCL,12/10/2018 16:00,46.67
ORCL,12/11/2018 16:00,46.46
ORCL,12/12/2018 16:00,47.32
ORCL,12/13/2018 16:00,47.23
ORCL,12/14/2018 16:00,46.6
ORCL,12/17/2018 16:00,45.73
ORCL,12/18/2018 16:00,45.85
ORCL,12/19/2018 16:00,46.45
ORCL,12/20/2018 16:00,46.24
ORCL,12/21/2018 16:00,44
ORCL,12/24/2018 13:00,42.69
ORCL,12/26/2018 16:00,44.59
ORCL,12/27/2018 16:00,44.97
ORCL,12/28/2018 16:00,44.82
ORCL,12/31/2018 16:00,45.15
ORCL,1/2/2019 16:00,45.22
ORCL,1/3/2019 16:00,44.78
ORCL,1/4/2019 16:00,46.71
ORCL,1/7/2019 16:00,47.45
ORCL,1/8/2019 16:00,47.88
ORCL,1/9/2019 16:00,47.78
ORCL,1/10/2019 16:00,47.82
ORCL,1/11/2019 16:00,48.29
ORCL,1/14/2019 16:00,48.18
ORCL,1/15/2019 16:00,48.38
ORCL,1/16/2019 16:00,48.06
ORCL,1/17/2019 16:00,48.58
ORCL,1/18/2019 16:00,49.27
ORCL,1/22/2019 16:00,48.94
ORCL,1/23/2019 16:00,49.24
ORCL,1/24/2019 16:00,49.2
ORCL,1/25/2019 16:00,49.8
ORCL,1/28/2019 16:00,49.52
ORCL,1/29/2019 16:00,49.61
ORCL,1/30/2019 16:00,50.36
ORCL,1/31/2019 16:00,50.23
ORCL,2/1/2019 16:00,50.81
ORCL,2/4/2019 16:00,51.03
ORCL,2/5/2019 16:00,51.24
ORCL,2/6/2019 16:00,51.26
ORCL,2/7/2019 16:00,50.22
ORCL,2/8/2019 16:00,51.03
ORCL,2/11/2019 16:00,51.23
ORCL,2/12/2019 16:00,51.22
ORCL,2/13/2019 16:00,51.42
ORCL,2/14/2019 16:00,51.48
ORCL,2/15/2019 16:00,51.72
ORCL,2/19/2019 16:00,52.02
ORCL,2/20/2019 16:00,51.77
ORCL,2/21/2019 16:00,52.11
ORCL,2/22/2019 16:00,52.48
ORCL,2/25/2019 16:00,52.56
ORCL,2/26/2019 16:00,52.6
ORCL,2/27/2019 16:00,52.38
ORCL,2/28/2019 16:00,52.13
ORCL,3/1/2019 16:00,52.51
ORCL,3/4/2019 16:00,52.04
ORCL,3/5/2019 16:00,52.36
ORCL,3/6/2019 16:00,52.35
ORCL,3/7/2019 16:00,52.58
ORCL,3/8/2019 16:00,52.77
ORCL,3/11/2019 16:00,52.66
ORCL,3/12/2019 16:00,52.8
ORCL,3/13/2019 16:00,53.06
ORCL,3/14/2019 16:00,53.05
ORCL,3/15/2019 16:00,52.94
ORCL,3/18/2019 16:00,53.46
ORCL,3/19/2019 16:00,54.04
ORCL,3/20/2019 16:00,52.64
ORCL,3/21/2019 16:00,54.04
ORCL,3/22/2019 16:00,52.77
ORCL,3/25/2019 16:00,52.74
ORCL,3/26/2019 16:00,53.28
ORCL,3/27/2019 16:00,52.81
ORCL,3/28/2019 16:00,53.19
ORCL,3/29/2019 16:00,53.71
ORCL,4/1/2019 16:00,54.58
ORCL,4/2/2019 16:00,54.15
ORCL,4/3/2019 16:00,54.06
ORCL,4/4/2019 16:00,53.82
ORCL,4/5/2019 16:00,53.93
ORCL,4/8/2019 16:00,53.72
ORCL,4/9/2019 16:00,53.83
ORCL,4/10/2019 16:00,53.97
ORCL,4/11/2019 16:00,53.79
ORCL,4/12/2019 16:00,54.5
ORCL,4/15/2019 16:00,54.63
ORCL,4/16/2019 16:00,54.59
ORCL,4/17/2019 16:00,54.48
ORCL,4/18/2019 16:00,54.52
ORCL,4/22/2019 16:00,54.62
ORCL,4/23/2019 16:00,54.94
ORCL,4/24/2019 16:00,55.18
ORCL,4/25/2019 16:00,55.01
ORCL,4/26/2019 16:00,55.41
ORCL,4/29/2019 16:00,55.08
ORCL,4/30/2019 16:00,55.33
ORCL,5/1/2019 16:00,54.88
ORCL,5/2/2019 16:00,54.6
ORCL,5/3/2019 16:00,54.79
ORCL,5/6/2019 16:00,54.85
ORCL,5/7/2019 16:00,54
ORCL,5/8/2019 16:00,53.99
ORCL,5/9/2019 16:00,54.25
ORCL,5/10/2019 16:00,54.65
ORCL,5/13/2019 16:00,53.43
ORCL,5/14/2019 16:00,54.13
ORCL,5/15/2019 16:00,54.56
ORCL,5/16/2019 16:00,54.64
ORCL,5/17/2019 16:00,54.5
ORCL,5/20/2019 16:00,53.66
ORCL,5/21/2019 16:00,54.17
ORCL,5/22/2019 16:00,54.2
ORCL,5/23/2019 16:00,53.08
ORCL,5/24/2019 16:00,52.77
ORCL,5/28/2019 16:00,51.75
ORCL,5/29/2019 16:00,51.69
ORCL,5/30/2019 16:00,51.72
ORCL,5/31/2019 16:00,50.6
ORCL,6/3/2019 16:00,50.24
ORCL,6/4/2019 16:00,52.02
ORCL,6/5/2019 16:00,52.1
ORCL,6/6/2019 16:00,52.59
ORCL,6/7/2019 16:00,53.26
ORCL,6/10/2019 16:00,54.01
ORCL,6/11/2019 16:00,53.94
ORCL,6/12/2019 16:00,53.62
ORCL,6/13/2019 16:00,53.84
ORCL,6/14/2019 16:00,53.28
ORCL,6/17/2019 16:00,53.13
ORCL,6/18/2019 16:00,52.9
ORCL,6/19/2019 16:00,52.68
ORCL,6/20/2019 16:00,56.99
ORCL,6/21/2019 16:00,56.12
ORCL,6/24/2019 16:00,56.74
ORCL,6/25/2019 16:00,56.07
ORCL,6/26/2019 16:00,56.66
ORCL,6/27/2019 16:00,56.77
ORCL,6/28/2019 16:00,56.97
ORCL,7/1/2019 16:00,58.01
ORCL,7/2/2019 16:00,58.46
ORCL,7/3/2019 13:00,58.86
ORCL,7/5/2019 16:00,59.28
ORCL,7/8/2019 16:00,59.53
ORCL,7/9/2019 16:00,59.6
ORCL,7/10/2019 16:00,60.15
ORCL,7/11/2019 16:00,59.99
ORCL,7/12/2019 16:00,59.81
ORCL,7/15/2019 16:00,59.53
ORCL,7/16/2019 16:00,58.61
ORCL,7/17/2019 16:00,57.99
ORCL,7/18/2019 16:00,58.12
ORCL,7/19/2019 16:00,57.54
ORCL,7/22/2019 16:00,57.6
ORCL,7/23/2019 16:00,57.45
ORCL,7/24/2019 16:00,58.11
ORCL,7/25/2019 16:00,58.29
ORCL,7/26/2019 16:00,58.5
ORCL,7/29/2019 16:00,58.06
ORCL,7/30/2019 16:00,57.49
ORCL,7/31/2019 16:00,56.3
ORCL,8/1/2019 16:00,55.88
ORCL,8/2/2019 16:00,55.84
ORCL,8/5/2019 16:00,53.76
ORCL,8/6/2019 16:00,53.96
ORCL,8/7/2019 16:00,53.34
ORCL,8/8/2019 16:00,54.65
ORCL,8/9/2019 16:00,53.9
ORCL,8/12/2019 16:00,53.25
ORCL,8/13/2019 16:00,53.97
ORCL,8/14/2019 16:00,52.32
ORCL,8/15/2019 16:00,52.59
ORCL,8/16/2019 16:00,53.59
ORCL,8/19/2019 16:00,53.87
ORCL,8/20/2019 16:00,52.98
ORCL,8/21/2019 16:00,53.24
ORCL,8/22/2019 16:00,53.19
ORCL,8/23/2019 16:00,51.58
ORCL,8/26/2019 16:00,52.13
ORCL,8/27/2019 16:00,52.39
ORCL,8/28/2019 16:00,51.95
ORCL,8/29/2019 16:00,52.16
ORCL,8/30/2019 16:00,52.06
ORCL,9/3/2019 16:00,51.89
ORCL,9/4/2019 16:00,52.97
ORCL,9/5/2019 16:00,53.84
ORCL,9/6/2019 16:00,53.16
ORCL,9/9/2019 16:00,54.54
ORCL,9/10/2019 16:00,55.47
ORCL,9/11/2019 16:00,56.29
ORCL,9/12/2019 16:00,53.89
ORCL,9/13/2019 16:00,53.75
ORCL,9/16/2019 16:00,53.14
ORCL,9/17/2019 16:00,52.87
ORCL,9/18/2019 16:00,52.56
ORCL,9/19/2019 16:00,53.37
ORCL,9/20/2019 16:00,53.47
ORCL,9/23/2019 16:00,54.02
ORCL,9/24/2019 16:00,53.35
ORCL,9/25/2019 16:00,53.84
ORCL,9/26/2019 16:00,53.96
ORCL,9/27/2019 16:00,54.09
ORCL,9/30/2019 16:00,55.03
ORCL,10/1/2019 16:00,53.8
ORCL,10/2/2019 16:00,53.15
ORCL,10/3/2019 16:00,53.86
ORCL,10/4/2019 16:00,55.14
ORCL,10/7/2019 16:00,54.8
ORCL,10/8/2019 16:00,54.05
ORCL,10/9/2019 16:00,54.53
ORCL,10/10/2019 16:00,55.49
ORCL,10/11/2019 16:00,56.89
ORCL,10/14/2019 16:00,56.46
ORCL,10/15/2019 16:00,56.35
ORCL,10/16/2019 16:00,55.88
ORCL,10/17/2019 16:00,55.06
ORCL,10/18/2019 16:00,54.55
ORCL,10/21/2019 16:00,55.13
ORCL,10/22/2019 16:00,54.11
ORCL,10/23/2019 16:00,54.13
ORCL,10/24/2019 16:00,54.26
ORCL,10/25/2019 16:00,54.17
ORCL,10/28/2019 16:00,54.64
ORCL,10/29/2019 16:00,54.8
ORCL,10/30/2019 16:00,54.85
ORCL,10/31/2019 16:00,54.49
ORCL,11/1/2019 16:00,55
ORCL,11/4/2019 16:00,55.45
ORCL,11/5/2019 16:00,55.67
ORCL,11/6/2019 16:00,55.7
ORCL,11/7/2019 16:00,55.98
ORCL,11/8/2019 16:00,56.49
ORCL,11/11/2019 16:00,56.43
ORCL,11/12/2019 16:00,56.59
ORCL,11/13/2019 16:00,56.21
ORCL,11/14/2019 16:00,56.09
ORCL,11/15/2019 16:00,56.42
ORCL,11/18/2019 16:00,56.19
ORCL,11/19/2019 16:00,56.27
ORCL,11/20/2019 16:00,56.24
ORCL,11/21/2019 16:00,56.23
ORCL,11/22/2019 16:00,56.39
ORCL,11/25/2019 16:00,56.56
ORCL,11/26/2019 16:00,56.51
ORCL,11/27/2019 16:00,56.61
ORCL,11/29/2019 13:00,56.14
ORCL,12/2/2019 16:00,55.43
ORCL,12/3/2019 16:00,54.59
ORCL,12/4/2019 16:00,54.41
ORCL,12/5/2019 16:00,54.68
ORCL,12/6/2019 16:00,54.83
ORCL,12/9/2019 16:00,55.31
ORCL,12/10/2019 16:00,55.82
ORCL,12/11/2019 16:00,56.31
ORCL,12/12/2019 16:00,56.47
ORCL,12/13/2019 16:00,54.51
ORCL,12/16/2019 16:00,53.99
ORCL,12/17/2019 16:00,52.84
ORCL,12/18/2019 16:00,53.39
ORCL,12/19/2019 16:00,53.24
ORCL,12/20/2019 16:00,53.6
ORCL,12/23/2019 16:00,53.71
ORCL,12/24/2019 13:00,53.44
ORCL,12/26/2019 16:00,53.57
ORCL,12/27/2019 16:00,53.46
ORCL,12/30/2019 16:00,52.7
ORCL,12/31/2019 16:00,52.98
ORCL,1/2/2020 16:00,53.95
ORCL,1/3/2020 16:00,53.76
ORCL,1/6/2020 16:00,54.04
ORCL,1/7/2020 16:00,54.16
ORCL,1/8/2020 16:00,54.13
ORCL,1/9/2020 16:00,54.38
ORCL,1/10/2020 16:00,54.45
ORCL,1/13/2020 16:00,54.58
ORCL,1/14/2020 16:00,54.88
ORCL,1/15/2020 16:00,54.76
ORCL,1/16/2020 16:00,55.43
ORCL,1/17/2020 16:00,55.13
ORCL,1/21/2020 16:00,55.22
ORCL,1/22/2020 16:00,54.72
ORCL,1/23/2020 16:00,54.98
ORCL,1/24/2020 16:00,54.07
ORCL,1/27/2020 16:00,52.69
ORCL,1/28/2020 16:00,53.46
ORCL,1/29/2020 16:00,53.2
ORCL,1/30/2020 16:00,53.31
ORCL,1/31/2020 16:00,52.45
ORCL,2/3/2020 16:00,53.09
ORCL,2/4/2020 16:00,54.04
ORCL,2/5/2020 16:00,54.74
ORCL,2/6/2020 16:00,54.71
ORCL,2/7/2020 16:00,54.72
ORCL,2/10/2020 16:00,54.99
ORCL,2/11/2020 16:00,55.15
ORCL,2/12/2020 16:00,55.73
ORCL,2/13/2020 16:00,55.31
ORCL,2/14/2020 16:00,55.47
ORCL,2/18/2020 16:00,55.45
ORCL,2/19/2020 16:00,55.44
ORCL,2/20/2020 16:00,55.51
ORCL,2/21/2020 16:00,54.68
ORCL,2/24/2020 16:00,52.65
ORCL,2/25/2020 16:00,50.96
ORCL,2/26/2020 16:00,52.05
ORCL,2/27/2020 16:00,50.78
ORCL,2/28/2020 16:00,49.46
ORCL,3/2/2020 16:00,50.9
ORCL,3/3/2020 16:00,48.85
ORCL,3/4/2020 16:00,50.54
ORCL,3/5/2020 16:00,48
ORCL,3/6/2020 16:00,47.37
ORCL,3/9/2020 16:00,46.01
ORCL,3/10/2020 16:00,48.58
ORCL,3/11/2020 16:00,44.72
ORCL,3/12/2020 16:00,39.8
ORCL,3/13/2020 16:00,47.93
ORCL,3/16/2020 16:00,42.72
ORCL,3/17/2020 16:00,46.86
ORCL,3/18/2020 16:00,47.27
ORCL,3/19/2020 16:00,45.07
ORCL,3/20/2020 16:00,45.65
ORCL,3/23/2020 16:00,44.19
ORCL,3/24/2020 16:00,47.84
ORCL,3/25/2020 16:00,45.94
ORCL,3/26/2020 16:00,50.48
ORCL,3/27/2020 16:00,49.83
ORCL,3/30/2020 16:00,50.36
ORCL,3/31/2020 16:00,48.33
ORCL,4/1/2020 16:00,48.71
ORCL,4/2/2020 16:00,49.8
ORCL,4/3/2020 16:00,49.4
ORCL,4/6/2020 16:00,51.49
ORCL,4/7/2020 16:00,50.76
ORCL,4/8/2020 16:00,52.13
ORCL,4/9/2020 16:00,53.18
ORCL,4/13/2020 16:00,52.97
ORCL,4/14/2020 16:00,54
ORCL,4/15/2020 16:00,53.16
ORCL,4/16/2020 16:00,53.7
ORCL,4/17/2020 16:00,54.62
ORCL,4/20/2020 16:00,53.91
ORCL,4/21/2020 16:00,51.31
ORCL,4/22/2020 16:00,52.27
ORCL,4/23/2020 16:00,51.97
ORCL,4/24/2020 16:00,53.01
ORCL,4/27/2020 16:00,53.37
ORCL,4/28/2020 16:00,53.2
ORCL,4/29/2020 16:00,53.88
ORCL,4/30/2020 16:00,52.97
ORCL,5/1/2020 16:00,51.79
ORCL,5/4/2020 16:00,51.75
ORCL,5/5/2020 16:00,52.05
ORCL,5/6/2020 16:00,51.86
ORCL,5/7/2020 16:00,52.6
ORCL,5/8/2020 16:00,53.57
ORCL,5/11/2020 16:00,53.53
ORCL,5/12/2020 16:00,52.27
ORCL,5/13/2020 16:00,51.65
ORCL,5/14/2020 16:00,52.91
ORCL,5/15/2020 16:00,52.92
ORCL,5/18/2020 16:00,53.15
ORCL,5/19/2020 16:00,52.34
ORCL,5/20/2020 16:00,52.9
ORCL,5/21/2020 16:00,52.22
ORCL,5/22/2020 16:00,52.62
ORCL,5/26/2020 16:00,52.78
ORCL,5/27/2020 16:00,53.2
ORCL,5/28/2020 16:00,53.62
ORCL,5/29/2020 16:00,53.77
ORCL,6/1/2020 16:00,53.06
ORCL,6/2/2020 16:00,53.28
ORCL,6/3/2020 16:00,53.49
ORCL,6/4/2020 16:00,52.85
ORCL,6/5/2020 16:00,53.98
ORCL,6/8/2020 16:00,55.1
ORCL,6/9/2020 16:00,54.18
ORCL,6/10/2020 16:00,54.11
ORCL,6/11/2020 16:00,51.31
ORCL,6/12/2020 16:00,51.86
ORCL,6/15/2020 16:00,53.25
ORCL,6/16/2020 16:00,54.59
ORCL,6/17/2020 16:00,51.52
ORCL,6/18/2020 16:00,53.69
ORCL,6/19/2020 16:00,54.4
ORCL,6/22/2020 16:00,55.12
ORCL,6/23/2020 16:00,55.19
ORCL,6/24/2020 16:00,54.44
ORCL,6/25/2020 16:00,54.53
ORCL,6/26/2020 16:00,54.18
ORCL,6/29/2020 16:00,54.76
ORCL,6/30/2020 16:00,55.27
ORCL,7/1/2020 16:00,55.49
ORCL,7/2/2020 16:00,55.94
ORCL,7/6/2020 16:00,56.6
ORCL,7/7/2020 16:00,56.31
ORCL,7/8/2020 16:00,56.66
ORCL,7/9/2020 16:00,57.53
ORCL,7/10/2020 16:00,57.39
ORCL,7/13/2020 16:00,57.01
ORCL,7/14/2020 16:00,57.2
ORCL,7/15/2020 16:00,56.62
ORCL,7/16/2020 16:00,55.82
ORCL,7/17/2020 16:00,54.9
ORCL,7/20/2020 16:00,55.4
ORCL,7/21/2020 16:00,55.91
ORCL,7/22/2020 16:00,56.01
ORCL,7/23/2020 16:00,55.76
ORCL,7/24/2020 16:00,55.65
ORCL,7/27/2020 16:00,55.34
ORCL,7/28/2020 16:00,55.35
ORCL,7/29/2020 16:00,55.7
ORCL,7/30/2020 16:00,55.25
ORCL,7/31/2020 16:00,55.45
ORCL,8/3/2020 16:00,55.98
ORCL,8/4/2020 16:00,56
ORCL,8/5/2020 16:00,55.5
ORCL,8/6/2020 16:00,55.28
ORCL,8/7/2020 16:00,55.23
ORCL,8/10/2020 16:00,54.94
ORCL,8/11/2020 16:00,54.27
ORCL,8/12/2020 16:00,54.17
ORCL,8/13/2020 16:00,54.02
ORCL,8/14/2020 16:00,54.2
ORCL,8/17/2020 16:00,53.99
ORCL,8/18/2020 16:00,55.18
ORCL,8/19/2020 16:00,56.2
ORCL,8/20/2020 16:00,55.26
ORCL,8/21/2020 16:00,55.19
ORCL,8/24/2020 16:00,56.01
ORCL,8/25/2020 16:00,56.09
ORCL,8/26/2020 16:00,57.49
ORCL,8/27/2020 16:00,57.18
ORCL,8/28/2020 16:00,57.88
ORCL,8/31/2020 16:00,57.22
ORCL,9/1/2020 16:00,57.66
ORCL,9/2/2020 16:00,59.03
ORCL,9/3/2020 16:00,57.1
ORCL,9/4/2020 16:00,55.73
ORCL,9/8/2020 16:00,55.32
ORCL,9/9/2020 16:00,56.95
ORCL,9/10/2020 16:00,57.33
ORCL,9/11/2020 16:00,57
ORCL,9/14/2020 16:00,59.46
ORCL,9/15/2020 16:00,60.94
ORCL,9/16/2020 16:00,60.43
ORCL,9/17/2020 16:00,60.18
ORCL,9/18/2020 16:00,59.75
ORCL,9/21/2020 16:00,60.82
ORCL,9/22/2020 16:00,60.62
ORCL,9/23/2020 16:00,58.96
ORCL,9/24/2020 16:00,59.3
ORCL,9/25/2020 16:00,59.8
ORCL,9/28/2020 16:00,59.58
ORCL,9/29/2020 16:00,59.47
ORCL,9/30/2020 16:00,59.7
ORCL,10/1/2020 16:00,59.68
ORCL,10/2/2020 16:00,58.83
ORCL,10/5/2020 16:00,59.56
ORCL,10/6/2020 16:00,59.51
ORCL,10/7/2020 16:00,60.59
ORCL,10/8/2020 16:00,60.89
ORCL,10/9/2020 16:00,61.15
ORCL,10/12/2020 16:00,61.46
ORCL,10/13/2020 16:00,60.97
ORCL,10/14/2020 16:00,60.96
ORCL,10/15/2020 16:00,60.52
ORCL,10/16/2020 16:00,60.29
ORCL,10/19/2020 16:00,59.62
ORCL,10/20/2020 16:00,59.75
ORCL,10/21/2020 16:00,59.67
ORCL,10/22/2020 16:00,59.69
ORCL,10/23/2020 16:00,59.9
ORCL,10/26/2020 16:00,57.49
ORCL,10/27/2020 16:00,57.08
ORCL,10/28/2020 16:00,55.59
ORCL,10/29/2020 16:00,56.02
ORCL,10/30/2020 16:00,56.11
ORCL,11/2/2020 16:00,56.45
ORCL,11/3/2020 16:00,56.8
ORCL,11/4/2020 16:00,56.49
ORCL,11/5/2020 16:00,56.66
ORCL,11/6/2020 16:00,56.8
ORCL,11/9/2020 16:00,56.84
ORCL,11/10/2020 16:00,56.67
ORCL,11/11/2020 16:00,57.2
ORCL,11/12/2020 16:00,56.45
ORCL,11/13/2020 16:00,56.91
ORCL,11/16/2020 16:00,57.15
ORCL,11/17/2020 16:00,57.12
ORCL,11/18/2020 16:00,56.25
ORCL,11/19/2020 16:00,56.45
ORCL,11/20/2020 16:00,55.7
ORCL,11/23/2020 16:00,56.08
ORCL,11/24/2020 16:00,57.57
ORCL,11/25/2020 16:00,57.41
ORCL,11/27/2020 13:00,57.76
ORCL,11/30/2020 16:00,57.72
ORCL,12/1/2020 16:00,58.74
ORCL,12/2/2020 16:00,59.08
ORCL,12/3/2020 16:00,59.27
ORCL,12/4/2020 16:00,59.96
ORCL,12/7/2020 16:00,59.8
ORCL,12/8/2020 16:00,59.03
ORCL,12/9/2020 16:00,59.73
ORCL,12/10/2020 16:00,59.48
ORCL,12/11/2020 16:00,60.61
ORCL,12/14/2020 16:00,60.76
ORCL,12/15/2020 16:00,61.86
ORCL,12/16/2020 16:00,62.78
ORCL,12/17/2020 16:00,63.61
ORCL,12/18/2020 16:00,65.06
ORCL,12/21/2020 16:00,64.48
ORCL,12/22/2020 16:00,65.15
ORCL,12/23/2020 16:00,65.3
ORCL,12/24/2020 13:00,64.96
ORCL,12/28/2020 16:00,64.87
ORCL,12/29/2020 16:00,64.46
ORCL,12/30/2020 16:00,64.4
ORCL,12/31/2020 16:00,64.69
ORCL,1/4/2021 16:00,63.75
ORCL,1/5/2021 16:00,62.96
ORCL,1/6/2021 16:00,62.57
ORCL,1/7/2021 16:00,63.07
ORCL,1/8/2021 16:00,63.38
ORCL,1/11/2021 16:00,63.03
ORCL,1/12/2021 16:00,62.42
ORCL,1/13/2021 16:00,62.06
ORCL,1/14/2021 16:00,61.6
ORCL,1/15/2021 16:00,61.78
ORCL,1/19/2021 16:00,61.29
ORCL,1/20/2021 16:00,61.56
ORCL,1/21/2021 16:00,61.21
ORCL,1/22/2021 16:00,60.36
ORCL,1/25/2021 16:00,60.9
ORCL,1/26/2021 16:00,61.8
ORCL,1/27/2021 16:00,62.55
ORCL,1/28/2021 16:00,61.22
ORCL,1/29/2021 16:00,60.43
ORCL,2/1/2021 16:00,61.51
ORCL,2/2/2021 16:00,62.37
ORCL,2/3/2021 16:00,62.17
ORCL,2/4/2021 16:00,63.35
ORCL,2/5/2021 16:00,63.6
ORCL,2/8/2021 16:00,63.11
ORCL,2/9/2021 16:00,63.67
ORCL,2/10/2021 16:00,63.27
ORCL,2/11/2021 16:00,62.7
ORCL,2/12/2021 16:00,63.08
ORCL,2/16/2021 16:00,62.14
ORCL,2/17/2021 16:00,62.09
ORCL,2/18/2021 16:00,62.07
ORCL,2/19/2021 16:00,61.13
ORCL,2/22/2021 16:00,64.45
ORCL,2/23/2021 16:00,64.5
ORCL,2/24/2021 16:00,64.7
ORCL,2/25/2021 16:00,65.3
ORCL,2/26/2021 16:00,64.51
ORCL,3/1/2021 16:00,66.17
ORCL,3/2/2021 16:00,66.66
ORCL,3/3/2021 16:00,66.91
ORCL,3/4/2021 16:00,65.61
ORCL,3/5/2021 16:00,69.97
ORCL,3/8/2021 16:00,72.16
ORCL,3/9/2021 16:00,72.64
ORCL,3/10/2021 16:00,72.12
ORCL,3/11/2021 16:00,67.41
ORCL,3/12/2021 16:00,67.16
ORCL,3/15/2021 16:00,67.73
ORCL,3/16/2021 16:00,66.85
ORCL,3/17/2021 16:00,66.22
ORCL,3/18/2021 16:00,66.74
ORCL,3/19/2021 16:00,66.26
ORCL,3/22/2021 16:00,66.32
ORCL,3/23/2021 16:00,67.27
ORCL,3/24/2021 16:00,66.83
ORCL,3/25/2021 16:00,68.63
ORCL,3/26/2021 16:00,70.25
ORCL,3/29/2021 16:00,71.13
ORCL,3/30/2021 16:00,70.55
ORCL,3/31/2021 16:00,70.17
ORCL,4/1/2021 16:00,71.81
ORCL,4/5/2021 16:00,74.16
ORCL,4/6/2021 16:00,74.28
ORCL,4/7/2021 16:00,74.07
ORCL,4/8/2021 16:00,75.28
ORCL,4/9/2021 16:00,75.58
ORCL,4/12/2021 16:00,76.12
ORCL,4/13/2021 16:00,76.67
ORCL,4/14/2021 16:00,76.82
ORCL,4/15/2021 16:00,78.29
ORCL,4/16/2021 16:00,78.95
ORCL,4/19/2021 16:00,78.75
ORCL,4/20/2021 16:00,79.24
ORCL,4/21/2021 16:00,76.66
ORCL,4/22/2021 16:00,74.87
ORCL,4/23/2021 16:00,74.97
ORCL,4/26/2021 16:00,74.5
ORCL,4/27/2021 16:00,75.22
ORCL,4/28/2021 16:00,74.77
ORCL,4/29/2021 16:00,75.87
ORCL,4/30/2021 16:00,75.79
ORCL,5/3/2021 16:00,77.33
ORCL,5/4/2021 16:00,78.53
ORCL,5/5/2021 16:00,79.19
ORCL,5/6/2021 16:00,79.74
ORCL,5/7/2021 16:00,80.4
ORCL,5/10/2021 16:00,80.15
ORCL,5/11/2021 16:00,77.69
ORCL,5/12/2021 16:00,76.75
ORCL,5/13/2021 16:00,78.14
ORCL,5/14/2021 16:00,78.89
ORCL,5/17/2021 16:00,79.08
ORCL,5/18/2021 16:00,78.69
ORCL,5/19/2021 16:00,78.74
ORCL,5/20/2021 16:00,78.72
ORCL,5/21/2021 16:00,79.03
ORCL,5/24/2021 16:00,79.38
ORCL,5/25/2021 16:00,78.83
ORCL,5/26/2021 16:00,79.26
ORCL,5/27/2021 16:00,78.98
ORCL,5/28/2021 16:00,78.74
ORCL,6/1/2021 16:00,79.57
ORCL,6/2/2021 16:00,80.27
ORCL,6/3/2021 16:00,81.09
ORCL,6/4/2021 16:00,82.89
ORCL,6/7/2021 16:00,83.94
ORCL,6/8/2021 16:00,84.61
ORCL,6/9/2021 16:00,84.52
ORCL,6/10/2021 16:00,82.3
ORCL,6/11/2021 16:00,82.9
ORCL,6/14/2021 16:00,82.62
ORCL,6/15/2021 16:00,81.64
ORCL,6/16/2021 16:00,77.08
ORCL,6/17/2021 16:00,77.56
ORCL,6/18/2021 16:00,76.23
ORCL,6/21/2021 16:00,77.99
ORCL,6/22/2021 16:00,78.68
ORCL,6/23/2021 16:00,78.1
ORCL,6/24/2021 16:00,77.74
ORCL,6/25/2021 16:00,78.46
ORCL,6/28/2021 16:00,78.5
ORCL,6/29/2021 16:00,78.1
ORCL,6/30/2021 16:00,77.84
ORCL,7/1/2021 16:00,79.54
ORCL,7/2/2021 16:00,81.82
ORCL,7/6/2021 16:00,83.08
ORCL,7/7/2021 16:00,86.09
ORCL,7/8/2021 16:00,85.59
ORCL,7/9/2021 16:00,87.76
ORCL,7/12/2021 16:00,87.08
ORCL,7/13/2021 16:00,87.07
ORCL,7/14/2021 16:00,88.28
ORCL,7/15/2021 16:00,86.24
ORCL,7/16/2021 16:00,87.49
ORCL,7/19/2021 16:00,86.98
ORCL,7/20/2021 16:00,88.66
ORCL,7/21/2021 16:00,89.69
ORCL,7/22/2021 16:00,90.69
ORCL,7/23/2021 16:00,87.69
ORCL,7/26/2021 16:00,87.86
ORCL,7/27/2021 16:00,87.8
ORCL,7/28/2021 16:00,87.18
ORCL,7/29/2021 16:00,87.63
ORCL,7/30/2021 16:00,87.14
ORCL,8/2/2021 16:00,87.6
ORCL,8/3/2021 16:00,89.74
ORCL,8/4/2021 16:00,90.05
ORCL,8/5/2021 16:00,89.43
ORCL,8/6/2021 16:00,89.52
ORCL,8/9/2021 16:00,89.9
ORCL,8/10/2021 16:00,89.64
ORCL,8/11/2021 16:00,89.63
ORCL,8/12/2021 16:00,89.81
ORCL,8/13/2021 16:00,90.38
ORCL,8/16/2021 16:00,90.82
ORCL,8/17/2021 16:00,90.95
ORCL,8/18/2021 16:00,88.94
ORCL,8/19/2021 16:00,88.71
ORCL,8/20/2021 16:00,88.94
ORCL,8/23/2021 16:00,89.12
ORCL,8/24/2021 16:00,88.55
ORCL,8/25/2021 16:00,88.62
ORCL,8/26/2021 16:00,88.72
ORCL,8/27/2021 16:00,89.35
ORCL,8/30/2021 16:00,89.45
ORCL,8/31/2021 16:00,89.13
ORCL,9/1/2021 16:00,89.95
ORCL,9/2/2021 16:00,89.8
ORCL,9/3/2021 16:00,90
ORCL,9/7/2021 16:00,88.72
ORCL,9/8/2021 16:00,89.47
ORCL,9/9/2021 16:00,89.54
ORCL,9/10/2021 16:00,89.68
ORCL,9/13/2021 16:00,88.89
ORCL,9/14/2021 16:00,86.39
ORCL,9/15/2021 16:00,87.73
ORCL,9/16/2021 16:00,87.25
ORCL,9/17/2021 16:00,86.39
ORCL,9/20/2021 16:00,86.17
ORCL,9/21/2021 16:00,86.92
ORCL,9/22/2021 16:00,88.44
ORCL,9/23/2021 16:00,89.42
ORCL,9/24/2021 16:00,89.94
ORCL,9/27/2021 16:00,91.04
ORCL,9/28/2021 16:00,90.49
ORCL,9/29/2021 16:00,91.25
ORCL,9/30/2021 16:00,87.13
ORCL,10/1/2021 16:00,89.74
ORCL,10/4/2021 16:00,89.26
ORCL,10/5/2021 16:00,91.49
ORCL,10/6/2021 16:00,91.34
ORCL,10/7/2021 16:00,92.31
ORCL,10/8/2021 16:00,94.39
ORCL,10/11/2021 16:00,95.29
ORCL,10/12/2021 16:00,95.57
ORCL,10/13/2021 16:00,96.4
ORCL,10/14/2021 16:00,95.28
ORCL,10/15/2021 16:00,95.33
ORCL,10/18/2021 16:00,96.51
ORCL,10/19/2021 16:00,97.06
ORCL,10/20/2021 16:00,96.64
ORCL,10/21/2021 16:00,96.3
ORCL,10/22/2021 16:00,98.25
ORCL,10/25/2021 16:00,97.89
ORCL,10/26/2021 16:00,96.98
ORCL,10/27/2021 16:00,96.03
ORCL,10/28/2021 16:00,96.23
ORCL,10/29/2021 16:00,95.94
ORCL,11/1/2021 16:00,94.38
ORCL,11/2/2021 16:00,95.87
ORCL,11/3/2021 16:00,96.15
ORCL,11/4/2021 16:00,95.63
ORCL,11/5/2021 16:00,94.95
ORCL,11/8/2021 16:00,95.14
ORCL,11/9/2021 16:00,94.59
ORCL,11/10/2021 16:00,93.83
ORCL,11/11/2021 16:00,94.04
ORCL,11/12/2021 16:00,93.54
ORCL,11/15/2021 16:00,94.02
ORCL,11/16/2021 16:00,95.61
ORCL,11/17/2021 16:00,95.33
ORCL,11/18/2021 16:00,94.66
ORCL,11/19/2021 16:00,93.97
ORCL,11/22/2021 16:00,94.61
ORCL,11/23/2021 16:00,92.94
ORCL,11/24/2021 16:00,93.58
ORCL,11/26/2021 13:00,92.33
ORCL,11/29/2021 16:00,92.94
ORCL,11/30/2021 16:00,90.74
ORCL,12/1/2021 16:00,89.75
ORCL,12/2/2021 16:00,89.99
ORCL,12/3/2021 16:00,88.24
ORCL,12/6/2021 16:00,88.94
ORCL,12/7/2021 16:00,90.05
ORCL,12/8/2021 16:00,88.94
ORCL,12/9/2021 16:00,88.77
ORCL,12/10/2021 16:00,102.63
ORCL,12/13/2021 16:00,100.89
ORCL,12/14/2021 16:00,99.89
ORCL,12/15/2021 16:00,103.65
ORCL,12/16/2021 16:00,103.22
ORCL,12/17/2021 16:00,96.62
ORCL,12/20/2021 16:00,91.64
ORCL,12/21/2021 16:00,91.51
ORCL,12/22/2021 16:00,89.86
ORCL,12/23/2021 16:00,89.72
ORCL,12/27/2021 16:00,89.54
ORCL,12/28/2021 16:00,88.65
ORCL,12/29/2021 16:00,88.21
ORCL,12/30/2021 16:00,88.01
ORCL,12/31/2021 16:00,87.21
ORCL,1/3/2022 16:00,87.9
ORCL,1/4/2022 16:00,88.84
ORCL,1/5/2022 16:00,86.46
ORCL,1/6/2022 16:00,86.34
ORCL,1/7/2022 16:00,87.51
ORCL,1/10/2022 16:00,89.28
ORCL,1/11/2022 16:00,88.48
ORCL,1/12/2022 16:00,88.31
ORCL,1/13/2022 16:00,87.79
ORCL,1/14/2022 16:00,87.69
ORCL,1/18/2022 16:00,85.55
ORCL,1/19/2022 16:00,83.38
ORCL,1/20/2022 16:00,82.72
ORCL,1/21/2022 16:00,82.22
ORCL,1/24/2022 16:00,82.42
ORCL,1/25/2022 16:00,81.07
ORCL,1/26/2022 16:00,79.59
ORCL,1/27/2022 16:00,79.78
ORCL,1/28/2022 16:00,80.48
ORCL,1/31/2022 16:00,81.16
ORCL,2/1/2022 16:00,81.04
ORCL,2/2/2022 16:00,82.5
ORCL,2/3/2022 16:00,81.94
ORCL,2/4/2022 16:00,82.11
ORCL,2/7/2022 16:00,80.74
ORCL,2/8/2022 16:00,80.79
ORCL,2/9/2022 16:00,83.45
ORCL,2/10/2022 16:00,81.85
ORCL,2/11/2022 16:00,79.75
ORCL,2/14/2022 16:00,78.95
ORCL,2/15/2022 16:00,79.77
ORCL,2/16/2022 16:00,79.19
ORCL,2/17/2022 16:00,75.53
ORCL,2/18/2022 16:00,74.57
ORCL,2/22/2022 16:00,74.12
ORCL,2/23/2022 16:00,72.47
ORCL,2/24/2022 16:00,74.81
ORCL,2/25/2022 16:00,76.35
ORCL,2/28/2022 16:00,75.97
ORCL,3/1/2022 16:00,76.01
ORCL,3/2/2022 16:00,78.28
ORCL,3/3/2022 16:00,78.25
ORCL,3/4/2022 16:00,76.49
ORCL,3/7/2022 16:00,74.32
ORCL,3/8/2022 16:00,73.33
ORCL,3/9/2022 16:00,76.1
ORCL,3/10/2022 16:00,76.65
ORCL,3/11/2022 16:00,77.82
ORCL,3/14/2022 16:00,77.07
ORCL,3/15/2022 16:00,80.6
ORCL,3/16/2022 16:00,79.96
ORCL,3/17/2022 16:00,80.6
ORCL,3/18/2022 16:00,81.68
ORCL,3/21/2022 16:00,80.96
ORCL,3/22/2022 16:00,81.8
ORCL,3/23/2022 16:00,80.39
ORCL,3/24/2022 16:00,82.24
ORCL,3/25/2022 16:00,81.73
ORCL,3/28/2022 16:00,83.6
ORCL,3/29/2022 16:00,84.29
ORCL,3/30/2022 16:00,83.36
ORCL,3/31/2022 16:00,82.73
ORCL,4/1/2022 16:00,82.01
ORCL,4/4/2022 16:00,84.07
ORCL,4/5/2022 16:00,82.94
ORCL,4/6/2022 16:00,82.12
ORCL,4/7/2022 16:00,81.54
ORCL,4/8/2022 16:00,80.94
ORCL,4/11/2022 16:00,79.76
ORCL,4/12/2022 16:00,79.33
ORCL,4/13/2022 16:00,79.75
ORCL,4/14/2022 16:00,79.45
ORCL,4/18/2022 16:00,78.22
ORCL,4/19/2022 16:00,79.56
ORCL,4/20/2022 16:00,80.29
ORCL,4/21/2022 16:00,79.48
ORCL,4/22/2022 16:00,76.21
ORCL,4/25/2022 16:00,76.98
ORCL,4/26/2022 16:00,74.51
ORCL,4/27/2022 16:00,74.76
ORCL,4/28/2022 16:00,76.14
ORCL,4/29/2022 16:00,73.4
ORCL,5/2/2022 16:00,74
ORCL,5/3/2022 16:00,73.29
ORCL,5/4/2022 16:00,75.21
ORCL,5/5/2022 16:00,72.8
ORCL,5/6/2022 16:00,72.49
ORCL,5/9/2022 16:00,71.54
ORCL,5/10/2022 16:00,72.53
ORCL,5/11/2022 16:00,71.03
ORCL,5/12/2022 16:00,70.73
ORCL,5/13/2022 16:00,71.17
ORCL,5/16/2022 16:00,69.71
ORCL,5/17/2022 16:00,71.88
ORCL,5/18/2022 16:00,68.3
ORCL,5/19/2022 16:00,67.04
ORCL,5/20/2022 16:00,68.63
ORCL,5/23/2022 16:00,70.04
ORCL,5/24/2022 16:00,69.03
ORCL,5/25/2022 16:00,69.83
ORCL,5/26/2022 16:00,71.66
ORCL,5/27/2022 16:00,72.78
ORCL,5/31/2022 16:00,71.92
ORCL,6/1/2022 16:00,71.6
ORCL,6/2/2022 16:00,73.14
ORCL,6/3/2022 16:00,71.79
ORCL,6/6/2022 16:00,72.97
ORCL,6/7/2022 16:00,72.69
ORCL,6/8/2022 16:00,71.38
ORCL,6/9/2022 16:00,69.22
ORCL,6/10/2022 16:00,67.14
ORCL,6/13/2022 16:00,64.05
ORCL,6/14/2022 16:00,70.72
ORCL,6/15/2022 16:00,69.7
ORCL,6/16/2022 16:00,68.71
ORCL,6/17/2022 16:00,67.72
ORCL,6/21/2022 16:00,67.68
ORCL,6/22/2022 16:00,66.53
ORCL,6/23/2022 16:00,67.63
ORCL,6/24/2022 16:00,70.7
ORCL,6/27/2022 16:00,70.41
ORCL,6/28/2022 16:00,68.58
ORCL,6/29/2022 16:00,69.21
ORCL,6/30/2022 16:00,69.87
ORCL,7/1/2022 16:00,70.87
ORCL,7/5/2022 16:00,71.99
ORCL,7/6/2022 16:00,71.66
ORCL,7/7/2022 16:00,71.83
ORCL,7/8/2022 16:00,71.87
ORCL,7/11/2022 16:00,71.57
ORCL,7/12/2022 16:00,70.41
ORCL,7/13/2022 16:00,70.03
ORCL,7/14/2022 16:00,69.45
ORCL,7/15/2022 16:00,70.74
ORCL,7/18/2022 16:00,70.21
ORCL,7/19/2022 16:00,72.24
ORCL,7/20/2022 16:00,72.59
ORCL,7/21/2022 16:00,74.54
ORCL,7/22/2022 16:00,74.9
ORCL,7/25/2022 16:00,74.86
ORCL,7/26/2022 16:00,74.03
ORCL,7/27/2022 16:00,75.87
ORCL,7/28/2022 16:00,77.04
ORCL,7/29/2022 16:00,77.84
ORCL,8/1/2022 16:00,77.44
ORCL,8/2/2022 16:00,76.35
ORCL,8/3/2022 16:00,77.37
ORCL,8/4/2022 16:00,77.4
ORCL,8/5/2022 16:00,77.35
ORCL,8/8/2022 16:00,76.47
ORCL,8/9/2022 16:00,76.77
ORCL,8/10/2022 16:00,77.54
ORCL,8/11/2022 16:00,77.16
ORCL,8/12/2022 16:00,79.15
ORCL,8/15/2022 16:00,79.11
ORCL,8/16/2022 16:00,79.52
ORCL,8/17/2022 16:00,79.25
ORCL,8/18/2022 16:00,79.32
ORCL,8/19/2022 16:00,78.66
ORCL,8/22/2022 16:00,76.46
ORCL,8/23/2022 16:00,76.41
ORCL,8/24/2022 16:00,76.17
ORCL,8/25/2022 16:00,76.89
ORCL,8/26/2022 16:00,74.65
ORCL,8/29/2022 16:00,74.19
ORCL,8/30/2022 16:00,74.14
ORCL,8/31/2022 16:00,74.15
ORCL,9/1/2022 16:00,75.3
ORCL,9/2/2022 16:00,74.68
ORCL,9/6/2022 16:00,73.83
ORCL,9/7/2022 16:00,74.49
ORCL,9/8/2022 16:00,74.65
ORCL,9/9/2022 16:00,75.91
ORCL,9/12/2022 16:00,77.08
ORCL,9/13/2022 16:00,76.04
ORCL,9/14/2022 16:00,72.12
ORCL,9/15/2022 16:00,70.24
ORCL,9/16/2022 16:00,68.83
ORCL,9/19/2022 16:00,69.07
ORCL,9/20/2022 16:00,68.11
ORCL,9/21/2022 16:00,66.75
ORCL,9/22/2022 16:00,66.03
ORCL,9/23/2022 16:00,64.55
ORCL,9/26/2022 16:00,63.45
ORCL,9/27/2022 16:00,62.42
ORCL,9/28/2022 16:00,63.07
ORCL,9/29/2022 16:00,61.4
ORCL,9/30/2022 16:00,61.07
ORCL,10/3/2022 16:00,63.08
ORCL,10/4/2022 16:00,65.69
ORCL,10/5/2022 16:00,66.64
ORCL,10/6/2022 16:00,65.3
ORCL,10/7/2022 16:00,63.29
ORCL,10/10/2022 16:00,62.57
ORCL,10/11/2022 16:00,62.41
ORCL,10/12/2022 16:00,63.78
ORCL,10/13/2022 16:00,65.2
ORCL,10/14/2022 16:00,64.31
ORCL,10/17/2022 16:00,67.02
ORCL,10/18/2022 16:00,67.03
ORCL,10/19/2022 16:00,66.3
ORCL,10/20/2022 16:00,69.25
ORCL,10/21/2022 16:00,72.7
ORCL,10/24/2022 16:00,72.92
ORCL,10/25/2022 16:00,73.14
ORCL,10/26/2022 16:00,74.82
ORCL,10/27/2022 16:00,75.15
ORCL,10/28/2022 16:00,77.36
ORCL,10/31/2022 16:00,78.07
ORCL,11/1/2022 16:00,77.11
ORCL,11/2/2022 16:00,75.12
ORCL,11/3/2022 16:00,75.03
ORCL,11/4/2022 16:00,76
ORCL,11/7/2022 16:00,76.74
ORCL,11/8/2022 16:00,75.64
ORCL,11/9/2022 16:00,75.66
ORCL,11/10/2022 16:00,77.17
ORCL,11/11/2022 16:00,77.74
ORCL,11/14/2022 16:00,78.53
ORCL,11/15/2022 16:00,79.18
ORCL,11/16/2022 16:00,79.89
ORCL,11/17/2022 16:00,79.2
ORCL,11/18/2022 16:00,79.73
ORCL,11/21/2022 16:00,79.82
ORCL,11/22/2022 16:00,82.12
ORCL,11/23/2022 16:00,82.56
ORCL,11/25/2022 13:00,82.72
ORCL,11/28/2022 16:00,81.39
ORCL,11/29/2022 16:00,80.85
ORCL,11/30/2022 16:00,83.03
ORCL,12/1/2022 16:00,84.11
ORCL,12/2/2022 16:00,83.35
ORCL,12/5/2022 16:00,79.43
ORCL,12/6/2022 16:00,78.91
ORCL,12/7/2022 16:00,78.78
ORCL,12/8/2022 16:00,80.07
ORCL,12/9/2022 16:00,79.86
ORCL,12/12/2022 16:00,81.28
ORCL,12/13/2022 16:00,80.56
ORCL,12/14/2022 16:00,81.82
ORCL,12/15/2022 16:00,80.07
ORCL,12/16/2022 16:00,79.58
ORCL,12/19/2022 16:00,80.5
ORCL,12/20/2022 16:00,80.94
ORCL,12/21/2022 16:00,81.5
ORCL,12/22/2022 16:00,80.49
ORCL,12/23/2022 16:00,80.85
ORCL,12/27/2022 16:00,80.98
ORCL,12/28/2022 16:00,80.33
ORCL,12/29/2022 16:00,81.4
ORCL,12/30/2022 16:00,81.74
