TICKER,Date,Close
TXN,1/4/2010 16:00,26.01
TXN,1/5/2010 16:00,25.86
TXN,1/6/2010 16:00,25.67
TXN,1/7/2010 16:00,25.75
TXN,1/8/2010 16:00,26.34
TXN,1/11/2010 16:00,26
TXN,1/12/2010 16:00,24.91
TXN,1/13/2010 16:00,25.02
TXN,1/14/2010 16:00,24.71
TXN,1/15/2010 16:00,24.5
TXN,1/19/2010 16:00,24.72
TXN,1/20/2010 16:00,24.55
TXN,1/21/2010 16:00,24.18
TXN,1/22/2010 16:00,23.11
TXN,1/25/2010 16:00,23.69
TXN,1/26/2010 16:00,23.35
TXN,1/27/2010 16:00,23.53
TXN,1/28/2010 16:00,23.05
TXN,1/29/2010 16:00,22.5
TXN,2/1/2010 16:00,23.05
TXN,2/2/2010 16:00,23.31
TXN,2/3/2010 16:00,23.2
TXN,2/4/2010 16:00,22.59
TXN,2/5/2010 16:00,22.97
TXN,2/8/2010 16:00,23.1
TXN,2/9/2010 16:00,23.38
TXN,2/10/2010 16:00,23.44
TXN,2/11/2010 16:00,23.77
TXN,2/12/2010 16:00,24.03
TXN,2/16/2010 16:00,24.79
TXN,2/17/2010 16:00,24.71
TXN,2/18/2010 16:00,24.83
TXN,2/19/2010 16:00,25.01
TXN,2/22/2010 16:00,24.73
TXN,2/23/2010 16:00,24.3
TXN,2/24/2010 16:00,24.75
TXN,2/25/2010 16:00,24.52
TXN,2/26/2010 16:00,24.38
TXN,3/1/2010 16:00,24.63
TXN,3/2/2010 16:00,24.48
TXN,3/3/2010 16:00,24.4
TXN,3/4/2010 16:00,24.67
TXN,3/5/2010 16:00,24.97
TXN,3/8/2010 16:00,24.69
TXN,3/9/2010 16:00,24.19
TXN,3/10/2010 16:00,24.59
TXN,3/11/2010 16:00,24.07
TXN,3/12/2010 16:00,24
TXN,3/15/2010 16:00,23.94
TXN,3/16/2010 16:00,24.68
TXN,3/17/2010 16:00,24.91
TXN,3/18/2010 16:00,24.72
TXN,3/19/2010 16:00,24.36
TXN,3/22/2010 16:00,24.73
TXN,3/23/2010 16:00,25.45
TXN,3/24/2010 16:00,24.79
TXN,3/25/2010 16:00,24.79
TXN,3/26/2010 16:00,24.75
TXN,3/29/2010 16:00,24.73
TXN,3/30/2010 16:00,24.61
TXN,3/31/2010 16:00,24.47
TXN,4/1/2010 16:00,24.63
TXN,4/5/2010 16:00,25.39
TXN,4/6/2010 16:00,25.05
TXN,4/7/2010 16:00,25.32
TXN,4/8/2010 16:00,24.72
TXN,4/9/2010 16:00,24.94
TXN,4/12/2010 16:00,25.69
TXN,4/13/2010 16:00,25.87
TXN,4/14/2010 16:00,26.9
TXN,4/15/2010 16:00,26.99
TXN,4/16/2010 16:00,26.58
TXN,4/19/2010 16:00,26.43
TXN,4/20/2010 16:00,26.65
TXN,4/21/2010 16:00,26.42
TXN,4/22/2010 16:00,26.5
TXN,4/23/2010 16:00,26.67
TXN,4/26/2010 16:00,27.16
TXN,4/27/2010 16:00,26.54
TXN,4/28/2010 16:00,26.4
TXN,4/29/2010 16:00,27.01
TXN,4/30/2010 16:00,26.01
TXN,5/3/2010 16:00,26.45
TXN,5/4/2010 16:00,25.74
TXN,5/5/2010 16:00,25.87
TXN,5/6/2010 16:00,25.07
TXN,5/7/2010 16:00,24.74
TXN,5/10/2010 16:00,25.82
TXN,5/11/2010 16:00,25.65
TXN,5/12/2010 16:00,26.1
TXN,5/13/2010 16:00,25.49
TXN,5/14/2010 16:00,24.88
TXN,5/17/2010 16:00,25.42
TXN,5/18/2010 16:00,24.54
TXN,5/19/2010 16:00,24.65
TXN,5/20/2010 16:00,24.26
TXN,5/21/2010 16:00,24.57
TXN,5/24/2010 16:00,24.24
TXN,5/25/2010 16:00,24.4
TXN,5/26/2010 16:00,24.14
TXN,5/27/2010 16:00,24.85
TXN,5/28/2010 16:00,24.42
TXN,6/1/2010 16:00,24.35
TXN,6/2/2010 16:00,24.76
TXN,6/3/2010 16:00,25.04
TXN,6/4/2010 16:00,24.18
TXN,6/7/2010 16:00,23.67
TXN,6/8/2010 16:00,23.88
TXN,6/9/2010 16:00,23.74
TXN,6/10/2010 16:00,24.53
TXN,6/11/2010 16:00,24.45
TXN,6/14/2010 16:00,24.57
TXN,6/15/2010 16:00,25.7
TXN,6/16/2010 16:00,25.42
TXN,6/17/2010 16:00,25.53
TXN,6/18/2010 16:00,25.45
TXN,6/21/2010 16:00,25.25
TXN,6/22/2010 16:00,24.75
TXN,6/23/2010 16:00,24.78
TXN,6/24/2010 16:00,24.28
TXN,6/25/2010 16:00,24.04
TXN,6/28/2010 16:00,24.36
TXN,6/29/2010 16:00,23.89
TXN,6/30/2010 16:00,23.28
TXN,7/1/2010 16:00,23.17
TXN,7/2/2010 16:00,23.11
TXN,7/6/2010 16:00,23.12
TXN,7/7/2010 16:00,24.25
TXN,7/8/2010 16:00,24.22
TXN,7/9/2010 16:00,24.48
TXN,7/12/2010 16:00,24.75
TXN,7/13/2010 16:00,25.39
TXN,7/14/2010 16:00,25.09
TXN,7/15/2010 16:00,25.4
TXN,7/16/2010 16:00,24.77
TXN,7/19/2010 16:00,25.55
TXN,7/20/2010 16:00,24.77
TXN,7/21/2010 16:00,24.5
TXN,7/22/2010 16:00,25.29
TXN,7/23/2010 16:00,25.38
TXN,7/26/2010 16:00,25.66
TXN,7/27/2010 16:00,25.58
TXN,7/28/2010 16:00,25.22
TXN,7/29/2010 16:00,24.88
TXN,7/30/2010 16:00,24.69
TXN,8/2/2010 16:00,25.11
TXN,8/3/2010 16:00,24.81
TXN,8/4/2010 16:00,25.18
TXN,8/5/2010 16:00,25.4
TXN,8/6/2010 16:00,25.46
TXN,8/9/2010 16:00,25.7
TXN,8/10/2010 16:00,25.35
TXN,8/11/2010 16:00,24.97
TXN,8/12/2010 16:00,24.41
TXN,8/13/2010 16:00,24.28
TXN,8/16/2010 16:00,24.53
TXN,8/17/2010 16:00,24.7
TXN,8/18/2010 16:00,24.91
TXN,8/19/2010 16:00,24.53
TXN,8/20/2010 16:00,24.7
TXN,8/23/2010 16:00,24.37
TXN,8/24/2010 16:00,24.27
TXN,8/25/2010 16:00,24.31
TXN,8/26/2010 16:00,23.83
TXN,8/27/2010 16:00,24.15
TXN,8/30/2010 16:00,23.25
TXN,8/31/2010 16:00,23.02
TXN,9/1/2010 16:00,23.75
TXN,9/2/2010 16:00,24.04
TXN,9/3/2010 16:00,24.33
TXN,9/7/2010 16:00,23.62
TXN,9/8/2010 16:00,23.68
TXN,9/9/2010 16:00,23.84
TXN,9/10/2010 16:00,23.7
TXN,9/13/2010 16:00,24.46
TXN,9/14/2010 16:00,24.69
TXN,9/15/2010 16:00,24.67
TXN,9/16/2010 16:00,24.98
TXN,9/17/2010 16:00,25.72
TXN,9/20/2010 16:00,25.86
TXN,9/21/2010 16:00,25.8
TXN,9/22/2010 16:00,25.44
TXN,9/23/2010 16:00,25.77
TXN,9/24/2010 16:00,26.93
TXN,9/27/2010 16:00,26.68
TXN,9/28/2010 16:00,27.06
TXN,9/29/2010 16:00,26.84
TXN,9/30/2010 16:00,27.14
TXN,10/1/2010 16:00,27.25
TXN,10/4/2010 16:00,27.21
TXN,10/5/2010 16:00,28.33
TXN,10/6/2010 16:00,28.19
TXN,10/7/2010 16:00,28.14
TXN,10/8/2010 16:00,28.73
TXN,10/11/2010 16:00,28.77
TXN,10/12/2010 16:00,28.68
TXN,10/13/2010 16:00,28.12
TXN,10/14/2010 16:00,28.31
TXN,10/15/2010 16:00,28.72
TXN,10/18/2010 16:00,28.36
TXN,10/19/2010 16:00,28.03
TXN,10/20/2010 16:00,28.09
TXN,10/21/2010 16:00,28.22
TXN,10/22/2010 16:00,28.66
TXN,10/25/2010 16:00,28.98
TXN,10/26/2010 16:00,28.88
TXN,10/27/2010 16:00,29.44
TXN,10/28/2010 16:00,29.24
TXN,10/29/2010 16:00,29.57
TXN,11/1/2010 16:00,29.44
TXN,11/2/2010 16:00,29.6
TXN,11/3/2010 16:00,30
TXN,11/4/2010 16:00,30.75
TXN,11/5/2010 16:00,31.47
TXN,11/8/2010 16:00,31.38
TXN,11/9/2010 16:00,31.34
TXN,11/10/2010 16:00,31.34
TXN,11/11/2010 16:00,30.8
TXN,11/12/2010 16:00,30.95
TXN,11/15/2010 16:00,30.85
TXN,11/16/2010 16:00,30.57
TXN,11/17/2010 16:00,30.91
TXN,11/18/2010 16:00,31.48
TXN,11/19/2010 16:00,31.94
TXN,11/22/2010 16:00,32.24
TXN,11/23/2010 16:00,31.98
TXN,11/24/2010 16:00,32.55
TXN,11/26/2010 16:00,32.2
TXN,11/29/2010 16:00,32.2
TXN,11/30/2010 16:00,31.8
TXN,12/1/2010 16:00,32.58
TXN,12/2/2010 16:00,32.85
TXN,12/3/2010 16:00,32.82
TXN,12/6/2010 16:00,32.95
TXN,12/7/2010 16:00,33.41
TXN,12/8/2010 16:00,33.75
TXN,12/9/2010 16:00,33.74
TXN,12/10/2010 16:00,32.8
TXN,12/13/2010 16:00,32.6
TXN,12/14/2010 16:00,32.8
TXN,12/15/2010 16:00,32.64
TXN,12/16/2010 16:00,32.62
TXN,12/17/2010 16:00,32.53
TXN,12/20/2010 16:00,32.33
TXN,12/21/2010 16:00,32.44
TXN,12/22/2010 16:00,32.47
TXN,12/23/2010 16:00,32.36
TXN,12/27/2010 16:00,32.38
TXN,12/28/2010 16:00,32.24
TXN,12/29/2010 16:00,32.51
TXN,12/30/2010 16:00,32.5
TXN,12/31/2010 16:00,32.5
TXN,1/3/2011 16:00,32.73
TXN,1/4/2011 16:00,32.67
TXN,1/5/2011 16:00,32.8
TXN,1/6/2011 16:00,33.25
TXN,1/7/2011 16:00,33.22
TXN,1/10/2011 16:00,33.38
TXN,1/11/2011 16:00,33.5
TXN,1/12/2011 16:00,33.66
TXN,1/13/2011 16:00,33.48
TXN,1/14/2011 16:00,34.04
TXN,1/18/2011 16:00,34.85
TXN,1/19/2011 16:00,34.16
TXN,1/20/2011 16:00,33.91
TXN,1/21/2011 16:00,33.91
TXN,1/24/2011 16:00,34.65
TXN,1/25/2011 16:00,33.98
TXN,1/26/2011 16:00,34.32
TXN,1/27/2011 16:00,34.63
TXN,1/28/2011 16:00,34.27
TXN,1/31/2011 16:00,33.91
TXN,2/1/2011 16:00,35
TXN,2/2/2011 16:00,35.12
TXN,2/3/2011 16:00,34.99
TXN,2/4/2011 16:00,35.44
TXN,2/7/2011 16:00,35.26
TXN,2/8/2011 16:00,35.28
TXN,2/9/2011 16:00,35.1
TXN,2/10/2011 16:00,35.19
TXN,2/11/2011 16:00,35.62
TXN,2/14/2011 16:00,35.83
TXN,2/15/2011 16:00,35.97
TXN,2/16/2011 16:00,36.05
TXN,2/17/2011 16:00,36.48
TXN,2/18/2011 16:00,36.23
TXN,2/22/2011 16:00,35.75
TXN,2/23/2011 16:00,35.4
TXN,2/24/2011 16:00,35.43
TXN,2/25/2011 16:00,35.62
TXN,2/28/2011 16:00,35.61
TXN,3/1/2011 16:00,35
TXN,3/2/2011 16:00,36.14
TXN,3/3/2011 16:00,36.56
TXN,3/4/2011 16:00,36.27
TXN,3/7/2011 16:00,35.48
TXN,3/8/2011 16:00,35.86
TXN,3/9/2011 16:00,34.74
TXN,3/10/2011 16:00,34.25
TXN,3/11/2011 16:00,34.39
TXN,3/14/2011 16:00,34.56
TXN,3/15/2011 16:00,33.9
TXN,3/16/2011 16:00,32.79
TXN,3/17/2011 16:00,33.07
TXN,3/18/2011 16:00,33.36
TXN,3/21/2011 16:00,33.68
TXN,3/22/2011 16:00,33.64
TXN,3/23/2011 16:00,34.21
TXN,3/24/2011 16:00,34.86
TXN,3/25/2011 16:00,34.64
TXN,3/28/2011 16:00,34.49
TXN,3/29/2011 16:00,34.96
TXN,3/30/2011 16:00,34.74
TXN,3/31/2011 16:00,34.56
TXN,4/1/2011 16:00,34.23
TXN,4/4/2011 16:00,34.11
TXN,4/5/2011 16:00,34.69
TXN,4/6/2011 16:00,34.86
TXN,4/7/2011 16:00,35.24
TXN,4/8/2011 16:00,35.17
TXN,4/11/2011 16:00,34.93
TXN,4/12/2011 16:00,34.14
TXN,4/13/2011 16:00,34.34
TXN,4/14/2011 16:00,34.71
TXN,4/15/2011 16:00,34.99
TXN,4/18/2011 16:00,34.79
TXN,4/19/2011 16:00,34.54
TXN,4/20/2011 16:00,35.13
TXN,4/21/2011 16:00,35.52
TXN,4/25/2011 16:00,35.42
TXN,4/26/2011 16:00,35.74
TXN,4/27/2011 16:00,35.9
TXN,4/28/2011 16:00,35.55
TXN,4/29/2011 16:00,35.53
TXN,5/2/2011 16:00,35.01
TXN,5/3/2011 16:00,34.8
TXN,5/4/2011 16:00,34.82
TXN,5/5/2011 16:00,35.02
TXN,5/6/2011 16:00,35.23
TXN,5/9/2011 16:00,35.34
TXN,5/10/2011 16:00,35.46
TXN,5/11/2011 16:00,34.9
TXN,5/12/2011 16:00,35.33
TXN,5/13/2011 16:00,35.18
TXN,5/16/2011 16:00,34.91
TXN,5/17/2011 16:00,34.44
TXN,5/18/2011 16:00,35.18
TXN,5/19/2011 16:00,34.97
TXN,5/20/2011 16:00,35
TXN,5/23/2011 16:00,34.25
TXN,5/24/2011 16:00,34.08
TXN,5/25/2011 16:00,34.28
TXN,5/26/2011 16:00,34.32
TXN,5/27/2011 16:00,34.72
TXN,5/31/2011 16:00,35.3
TXN,6/1/2011 16:00,33.95
TXN,6/2/2011 16:00,34.24
TXN,6/3/2011 16:00,33.5
TXN,6/6/2011 16:00,33.32
TXN,6/7/2011 16:00,33.27
TXN,6/8/2011 16:00,32.67
TXN,6/9/2011 16:00,32.91
TXN,6/10/2011 16:00,32.15
TXN,6/13/2011 16:00,31.74
TXN,6/14/2011 16:00,32.33
TXN,6/15/2011 16:00,31.59
TXN,6/16/2011 16:00,31.32
TXN,6/17/2011 16:00,31.24
TXN,6/20/2011 16:00,31.28
TXN,6/21/2011 16:00,32.03
TXN,6/22/2011 16:00,31.74
TXN,6/23/2011 16:00,32.12
TXN,6/24/2011 16:00,31.53
TXN,6/27/2011 16:00,31.74
TXN,6/28/2011 16:00,31.98
TXN,6/29/2011 16:00,31.88
TXN,6/30/2011 16:00,32.83
TXN,7/1/2011 16:00,33.52
TXN,7/5/2011 16:00,32.92
TXN,7/6/2011 16:00,32.85
TXN,7/7/2011 16:00,33.46
TXN,7/8/2011 16:00,32.88
TXN,7/11/2011 16:00,32.44
TXN,7/12/2011 16:00,31.25
TXN,7/13/2011 16:00,31
TXN,7/14/2011 16:00,30.72
TXN,7/15/2011 16:00,30.82
TXN,7/18/2011 16:00,30.48
TXN,7/19/2011 16:00,31.42
TXN,7/20/2011 16:00,31.22
TXN,7/21/2011 16:00,31.61
TXN,7/22/2011 16:00,31.78
TXN,7/25/2011 16:00,31.47
TXN,7/26/2011 16:00,31.57
TXN,7/27/2011 16:00,30.39
TXN,7/28/2011 16:00,30.12
TXN,7/29/2011 16:00,29.75
TXN,8/1/2011 16:00,29.89
TXN,8/2/2011 16:00,29.1
TXN,8/3/2011 16:00,29.3
TXN,8/4/2011 16:00,27.92
TXN,8/5/2011 16:00,27.19
TXN,8/8/2011 16:00,26.19
TXN,8/9/2011 16:00,27.09
TXN,8/10/2011 16:00,26.5
TXN,8/11/2011 16:00,27.3
TXN,8/12/2011 16:00,27.18
TXN,8/15/2011 16:00,27.49
TXN,8/16/2011 16:00,26.93
TXN,8/17/2011 16:00,26.93
TXN,8/18/2011 16:00,25.39
TXN,8/19/2011 16:00,24.82
TXN,8/22/2011 16:00,25.16
TXN,8/23/2011 16:00,26.24
TXN,8/24/2011 16:00,26.11
TXN,8/25/2011 16:00,25.31
TXN,8/26/2011 16:00,25.52
TXN,8/29/2011 16:00,26.16
TXN,8/30/2011 16:00,26.2
TXN,8/31/2011 16:00,26.21
TXN,9/1/2011 16:00,25.57
TXN,9/2/2011 16:00,25.08
TXN,9/6/2011 16:00,24.91
TXN,9/7/2011 16:00,25.89
TXN,9/8/2011 16:00,25.8
TXN,9/9/2011 16:00,26.08
TXN,9/12/2011 16:00,26.28
TXN,9/13/2011 16:00,26.65
TXN,9/14/2011 16:00,27.27
TXN,9/15/2011 16:00,27.71
TXN,9/16/2011 16:00,27.82
TXN,9/19/2011 16:00,27.7
TXN,9/20/2011 16:00,27.54
TXN,9/21/2011 16:00,26.88
TXN,9/22/2011 16:00,26.23
TXN,9/23/2011 16:00,27.22
TXN,9/26/2011 16:00,27.4
TXN,9/27/2011 16:00,28.03
TXN,9/28/2011 16:00,27.33
TXN,9/29/2011 16:00,27.19
TXN,9/30/2011 16:00,26.65
TXN,10/3/2011 16:00,26.46
TXN,10/4/2011 16:00,27.25
TXN,10/5/2011 16:00,28.2
TXN,10/6/2011 16:00,28.32
TXN,10/7/2011 16:00,28.95
TXN,10/10/2011 16:00,29.81
TXN,10/11/2011 16:00,29.62
TXN,10/12/2011 16:00,29.7
TXN,10/13/2011 16:00,30.4
TXN,10/14/2011 16:00,30.93
TXN,10/17/2011 16:00,30.21
TXN,10/18/2011 16:00,30.89
TXN,10/19/2011 16:00,30.25
TXN,10/20/2011 16:00,29.95
TXN,10/21/2011 16:00,30.46
TXN,10/24/2011 16:00,31.69
TXN,10/25/2011 16:00,30.97
TXN,10/26/2011 16:00,31
TXN,10/27/2011 16:00,31.91
TXN,10/28/2011 16:00,31.5
TXN,10/31/2011 16:00,30.73
TXN,11/1/2011 16:00,29.86
TXN,11/2/2011 16:00,30.06
TXN,11/3/2011 16:00,31.12
TXN,11/4/2011 16:00,31.79
TXN,11/7/2011 16:00,31.53
TXN,11/8/2011 16:00,31.55
TXN,11/9/2011 16:00,30.31
TXN,11/10/2011 16:00,30.62
TXN,11/11/2011 16:00,31.5
TXN,11/14/2011 16:00,31.16
TXN,11/15/2011 16:00,31.15
TXN,11/16/2011 16:00,31.46
TXN,11/17/2011 16:00,30.39
TXN,11/18/2011 16:00,30.05
TXN,11/21/2011 16:00,29.22
TXN,11/22/2011 16:00,28.69
TXN,11/23/2011 16:00,27.94
TXN,11/25/2011 16:00,27.79
TXN,11/28/2011 16:00,28.7
TXN,11/29/2011 16:00,28.64
TXN,11/30/2011 16:00,30.1
TXN,12/1/2011 16:00,30.21
TXN,12/2/2011 16:00,29.97
TXN,12/5/2011 16:00,30.23
TXN,12/6/2011 16:00,30.42
TXN,12/7/2011 16:00,30.67
TXN,12/8/2011 16:00,29.92
TXN,12/9/2011 16:00,29.94
TXN,12/12/2011 16:00,29.13
TXN,12/13/2011 16:00,28.41
TXN,12/14/2011 16:00,28.04
TXN,12/15/2011 16:00,28.51
TXN,12/16/2011 16:00,28.69
TXN,12/19/2011 16:00,27.95
TXN,12/20/2011 16:00,29.39
TXN,12/21/2011 16:00,28.56
TXN,12/22/2011 16:00,29.5
TXN,12/23/2011 16:00,29.73
TXN,12/27/2011 16:00,29.63
TXN,12/28/2011 16:00,29.07
TXN,12/29/2011 16:00,29.34
TXN,12/30/2011 16:00,29.11
TXN,1/3/2012 16:00,29.76
TXN,1/4/2012 16:00,29.57
TXN,1/5/2012 16:00,29.78
TXN,1/6/2012 16:00,29.78
TXN,1/9/2012 16:00,30.16
TXN,1/10/2012 16:00,30.67
TXN,1/11/2012 16:00,30.73
TXN,1/12/2012 16:00,31.37
TXN,1/13/2012 16:00,30.95
TXN,1/17/2012 16:00,31.07
TXN,1/18/2012 16:00,33.72
TXN,1/19/2012 16:00,33.82
TXN,1/20/2012 16:00,33.64
TXN,1/23/2012 16:00,33.19
TXN,1/24/2012 16:00,32.52
TXN,1/25/2012 16:00,32.8
TXN,1/26/2012 16:00,32.36
TXN,1/27/2012 16:00,32.61
TXN,1/30/2012 16:00,32.18
TXN,1/31/2012 16:00,32.38
TXN,2/1/2012 16:00,32.86
TXN,2/2/2012 16:00,33.06
TXN,2/3/2012 16:00,33.93
TXN,2/6/2012 16:00,33.61
TXN,2/7/2012 16:00,33.43
TXN,2/8/2012 16:00,33.85
TXN,2/9/2012 16:00,33.8
TXN,2/10/2012 16:00,33.36
TXN,2/13/2012 16:00,33.26
TXN,2/14/2012 16:00,33.22
TXN,2/15/2012 16:00,33.41
TXN,2/16/2012 16:00,33.91
TXN,2/17/2012 16:00,33.59
TXN,2/21/2012 16:00,33.28
TXN,2/22/2012 16:00,32.96
TXN,2/23/2012 16:00,33.32
TXN,2/24/2012 16:00,33.32
TXN,2/27/2012 16:00,33.11
TXN,2/28/2012 16:00,33.72
TXN,2/29/2012 16:00,33.35
TXN,3/1/2012 16:00,33.17
TXN,3/2/2012 16:00,32.82
TXN,3/5/2012 16:00,32.19
TXN,3/6/2012 16:00,32.12
TXN,3/7/2012 16:00,32.65
TXN,3/8/2012 16:00,32.6
TXN,3/9/2012 16:00,32.27
TXN,3/12/2012 16:00,31.91
TXN,3/13/2012 16:00,32.29
TXN,3/14/2012 16:00,32.01
TXN,3/15/2012 16:00,32.78
TXN,3/16/2012 16:00,33.02
TXN,3/19/2012 16:00,33.84
TXN,3/20/2012 16:00,33.58
TXN,3/21/2012 16:00,33.61
TXN,3/22/2012 16:00,33.43
TXN,3/23/2012 16:00,33.35
TXN,3/26/2012 16:00,33.99
TXN,3/27/2012 16:00,33.87
TXN,3/28/2012 16:00,33.33
TXN,3/29/2012 16:00,33.19
TXN,3/30/2012 16:00,33.61
TXN,4/2/2012 16:00,33.26
TXN,4/3/2012 16:00,32.6
TXN,4/4/2012 16:00,32.16
TXN,4/5/2012 16:00,32.46
TXN,4/9/2012 16:00,32.14
TXN,4/10/2012 16:00,31.69
TXN,4/11/2012 16:00,31.99
TXN,4/12/2012 16:00,32.51
TXN,4/13/2012 16:00,32.18
TXN,4/16/2012 16:00,32.2
TXN,4/17/2012 16:00,32.78
TXN,4/18/2012 16:00,32.72
TXN,4/19/2012 16:00,32.64
TXN,4/20/2012 16:00,32.47
TXN,4/23/2012 16:00,31.89
TXN,4/24/2012 16:00,31.36
TXN,4/25/2012 16:00,31.97
TXN,4/26/2012 16:00,31.95
TXN,4/27/2012 16:00,32.17
TXN,4/30/2012 16:00,31.94
TXN,5/1/2012 16:00,31.85
TXN,5/2/2012 16:00,32.09
TXN,5/3/2012 16:00,31.39
TXN,5/4/2012 16:00,30.59
TXN,5/7/2012 16:00,30.61
TXN,5/8/2012 16:00,30.63
TXN,5/9/2012 16:00,30.6
TXN,5/10/2012 16:00,30.78
TXN,5/11/2012 16:00,30.74
TXN,5/14/2012 16:00,30.63
TXN,5/15/2012 16:00,30.29
TXN,5/16/2012 16:00,29.96
TXN,5/17/2012 16:00,29.35
TXN,5/18/2012 16:00,28.73
TXN,5/21/2012 16:00,29.48
TXN,5/22/2012 16:00,29.36
TXN,5/23/2012 16:00,29.14
TXN,5/24/2012 16:00,28.89
TXN,5/25/2012 16:00,28.94
TXN,5/29/2012 16:00,29.36
TXN,5/30/2012 16:00,28.95
TXN,5/31/2012 16:00,28.48
TXN,6/1/2012 16:00,27
TXN,6/4/2012 16:00,27.09
TXN,6/5/2012 16:00,27.48
TXN,6/6/2012 16:00,28.6
TXN,6/7/2012 16:00,28.23
TXN,6/8/2012 16:00,28.52
TXN,6/11/2012 16:00,27.65
TXN,6/12/2012 16:00,28.24
TXN,6/13/2012 16:00,27.82
TXN,6/14/2012 16:00,27.73
TXN,6/15/2012 16:00,27.86
TXN,6/18/2012 16:00,28.02
TXN,6/19/2012 16:00,28.27
TXN,6/20/2012 16:00,28.54
TXN,6/21/2012 16:00,27.6
TXN,6/22/2012 16:00,28.05
TXN,6/25/2012 16:00,26.98
TXN,6/26/2012 16:00,27.03
TXN,6/27/2012 16:00,27.07
TXN,6/28/2012 16:00,26.87
TXN,6/29/2012 16:00,28.69
TXN,7/2/2012 16:00,28.28
TXN,7/3/2012 16:00,28.56
TXN,7/5/2012 16:00,28.41
TXN,7/6/2012 16:00,27.72
TXN,7/9/2012 16:00,27.41
TXN,7/10/2012 16:00,27.39
TXN,7/11/2012 16:00,27.3
TXN,7/12/2012 16:00,26.74
TXN,7/13/2012 16:00,27.02
TXN,7/16/2012 16:00,26.43
TXN,7/17/2012 16:00,26.59
TXN,7/18/2012 16:00,27.65
TXN,7/19/2012 16:00,28.04
TXN,7/20/2012 16:00,27.25
TXN,7/23/2012 16:00,26.82
TXN,7/24/2012 16:00,26.57
TXN,7/25/2012 16:00,26.63
TXN,7/26/2012 16:00,27.05
TXN,7/27/2012 16:00,27.34
TXN,7/30/2012 16:00,27.21
TXN,7/31/2012 16:00,27.24
TXN,8/1/2012 16:00,27.63
TXN,8/2/2012 16:00,27.25
TXN,8/3/2012 16:00,28.27
TXN,8/6/2012 16:00,28.24
TXN,8/7/2012 16:00,29.23
TXN,8/8/2012 16:00,29.36
TXN,8/9/2012 16:00,29.54
TXN,8/10/2012 16:00,29.75
TXN,8/13/2012 16:00,29.54
TXN,8/14/2012 16:00,29.48
TXN,8/15/2012 16:00,29.9
TXN,8/16/2012 16:00,30.27
TXN,8/17/2012 16:00,29.86
TXN,8/20/2012 16:00,29.53
TXN,8/21/2012 16:00,29.64
TXN,8/22/2012 16:00,29.38
TXN,8/23/2012 16:00,29.32
TXN,8/24/2012 16:00,29.56
TXN,8/27/2012 16:00,29.32
TXN,8/28/2012 16:00,29.24
TXN,8/29/2012 16:00,29.4
TXN,8/30/2012 16:00,29.01
TXN,8/31/2012 16:00,29.04
TXN,9/4/2012 16:00,28.79
TXN,9/5/2012 16:00,28.52
TXN,9/6/2012 16:00,29.56
TXN,9/7/2012 16:00,29.18
TXN,9/10/2012 16:00,28.67
TXN,9/11/2012 16:00,28.58
TXN,9/12/2012 16:00,28.59
TXN,9/13/2012 16:00,28.91
TXN,9/14/2012 16:00,29.56
TXN,9/17/2012 16:00,29.1
TXN,9/18/2012 16:00,28.66
TXN,9/19/2012 16:00,28.69
TXN,9/20/2012 16:00,28.85
TXN,9/21/2012 16:00,28.99
TXN,9/24/2012 16:00,28.68
TXN,9/25/2012 16:00,27.83
TXN,9/26/2012 16:00,27.57
TXN,9/27/2012 16:00,27.88
TXN,9/28/2012 16:00,27.56
TXN,10/1/2012 16:00,27.61
TXN,10/2/2012 16:00,27.61
TXN,10/3/2012 16:00,27.47
TXN,10/4/2012 16:00,27.91
TXN,10/5/2012 16:00,28.16
TXN,10/8/2012 16:00,27.99
TXN,10/9/2012 16:00,27.32
TXN,10/10/2012 16:00,27.17
TXN,10/11/2012 16:00,27.3
TXN,10/12/2012 16:00,27.28
TXN,10/15/2012 16:00,28.22
TXN,10/16/2012 16:00,28.73
TXN,10/17/2012 16:00,28.47
TXN,10/18/2012 16:00,28.76
TXN,10/19/2012 16:00,27.81
TXN,10/22/2012 16:00,27.79
TXN,10/23/2012 16:00,27.84
TXN,10/24/2012 16:00,27.7
TXN,10/25/2012 16:00,28.13
TXN,10/26/2012 16:00,28.92
TXN,10/31/2012 16:00,28.09
TXN,11/1/2012 16:00,29.21
TXN,11/2/2012 16:00,28.53
TXN,11/5/2012 16:00,29.47
TXN,11/6/2012 16:00,29.94
TXN,11/7/2012 16:00,29.29
TXN,11/8/2012 16:00,29.14
TXN,11/9/2012 16:00,29.51
TXN,11/12/2012 16:00,29.51
TXN,11/13/2012 16:00,29.38
TXN,11/14/2012 16:00,28.76
TXN,11/15/2012 16:00,28.79
TXN,11/16/2012 16:00,28.32
TXN,11/19/2012 16:00,28.9
TXN,11/20/2012 16:00,29.31
TXN,11/21/2012 16:00,29.2
TXN,11/23/2012 16:00,29.59
TXN,11/26/2012 16:00,29.63
TXN,11/27/2012 16:00,29.46
TXN,11/28/2012 16:00,29.78
TXN,11/29/2012 16:00,30.05
TXN,11/30/2012 16:00,29.47
TXN,12/3/2012 16:00,29.61
TXN,12/4/2012 16:00,29.61
TXN,12/5/2012 16:00,29.86
TXN,12/6/2012 16:00,29.81
TXN,12/7/2012 16:00,29.85
TXN,12/10/2012 16:00,29.82
TXN,12/11/2012 16:00,31.01
TXN,12/12/2012 16:00,31.06
TXN,12/13/2012 16:00,30.58
TXN,12/14/2012 16:00,30.8
TXN,12/17/2012 16:00,30.91
TXN,12/18/2012 16:00,31.34
TXN,12/19/2012 16:00,31.25
TXN,12/20/2012 16:00,31.28
TXN,12/21/2012 16:00,30.93
TXN,12/24/2012 16:00,30.93
TXN,12/26/2012 16:00,30.81
TXN,12/27/2012 16:00,30.74
TXN,12/28/2012 16:00,30.47
TXN,12/31/2012 16:00,30.89
TXN,1/2/2013 16:00,32.31
TXN,1/3/2013 16:00,31.89
TXN,1/4/2013 16:00,31.82
TXN,1/7/2013 16:00,31.92
TXN,1/8/2013 16:00,31.55
TXN,1/9/2013 16:00,32
TXN,1/10/2013 16:00,32.43
TXN,1/11/2013 16:00,32.42
TXN,1/14/2013 16:00,32.34
TXN,1/15/2013 16:00,32.28
TXN,1/16/2013 16:00,32.51
TXN,1/17/2013 16:00,33.15
TXN,1/18/2013 16:00,33.52
TXN,1/22/2013 16:00,33.46
TXN,1/23/2013 16:00,33.08
TXN,1/24/2013 16:00,33.09
TXN,1/25/2013 16:00,32.8
TXN,1/28/2013 16:00,33.04
TXN,1/29/2013 16:00,32.67
TXN,1/30/2013 16:00,32.82
TXN,1/31/2013 16:00,33.08
TXN,2/1/2013 16:00,33.72
TXN,2/4/2013 16:00,33.27
TXN,2/5/2013 16:00,33.75
TXN,2/6/2013 16:00,33.56
TXN,2/7/2013 16:00,33.42
TXN,2/8/2013 16:00,34.28
TXN,2/11/2013 16:00,33.69
TXN,2/12/2013 16:00,33.56
TXN,2/13/2013 16:00,33.72
TXN,2/14/2013 16:00,33.79
TXN,2/15/2013 16:00,33.59
TXN,2/19/2013 16:00,33.94
TXN,2/20/2013 16:00,33.06
TXN,2/21/2013 16:00,32.48
TXN,2/22/2013 16:00,34.18
TXN,2/25/2013 16:00,33.73
TXN,2/26/2013 16:00,33.76
TXN,2/27/2013 16:00,34.29
TXN,2/28/2013 16:00,34.43
TXN,3/1/2013 16:00,34.52
TXN,3/4/2013 16:00,34.56
TXN,3/5/2013 16:00,35
TXN,3/6/2013 16:00,35.14
TXN,3/7/2013 16:00,35.2
TXN,3/8/2013 16:00,35.29
TXN,3/11/2013 16:00,35.52
TXN,3/12/2013 16:00,35.62
TXN,3/13/2013 16:00,35.29
TXN,3/14/2013 16:00,35.38
TXN,3/15/2013 16:00,35.08
TXN,3/18/2013 16:00,34.62
TXN,3/19/2013 16:00,34.66
TXN,3/20/2013 16:00,35.06
TXN,3/21/2013 16:00,34.29
TXN,3/22/2013 16:00,34.46
TXN,3/25/2013 16:00,34.48
TXN,3/26/2013 16:00,35.1
TXN,3/27/2013 16:00,35.08
TXN,3/28/2013 16:00,35.48
TXN,4/1/2013 16:00,35.01
TXN,4/2/2013 16:00,34.77
TXN,4/3/2013 16:00,34.15
TXN,4/4/2013 16:00,34.49
TXN,4/5/2013 16:00,34.2
TXN,4/8/2013 16:00,35.07
TXN,4/9/2013 16:00,35.16
TXN,4/10/2013 16:00,35.76
TXN,4/11/2013 16:00,35.69
TXN,4/12/2013 16:00,35.85
TXN,4/15/2013 16:00,35.27
TXN,4/16/2013 16:00,35.74
TXN,4/17/2013 16:00,34.21
TXN,4/18/2013 16:00,33.92
TXN,4/19/2013 16:00,34.25
TXN,4/22/2013 16:00,34.81
TXN,4/23/2013 16:00,35.7
TXN,4/24/2013 16:00,36.01
TXN,4/25/2013 16:00,36.11
TXN,4/26/2013 16:00,35.74
TXN,4/29/2013 16:00,35.97
TXN,4/30/2013 16:00,36.21
TXN,5/1/2013 16:00,36.41
TXN,5/2/2013 16:00,36.7
TXN,5/3/2013 16:00,37.01
TXN,5/6/2013 16:00,37.04
TXN,5/7/2013 16:00,37.04
TXN,5/8/2013 16:00,37.09
TXN,5/9/2013 16:00,37.01
TXN,5/10/2013 16:00,37.04
TXN,5/13/2013 16:00,36.54
TXN,5/14/2013 16:00,36.51
TXN,5/15/2013 16:00,36.81
TXN,5/16/2013 16:00,36.6
TXN,5/17/2013 16:00,36.77
TXN,5/20/2013 16:00,36.63
TXN,5/21/2013 16:00,36.6
TXN,5/22/2013 16:00,36.01
TXN,5/23/2013 16:00,35.99
TXN,5/24/2013 16:00,35.99
TXN,5/28/2013 16:00,36.2
TXN,5/29/2013 16:00,36.09
TXN,5/30/2013 16:00,36.47
TXN,5/31/2013 16:00,35.91
TXN,6/3/2013 16:00,36.03
TXN,6/4/2013 16:00,36.64
TXN,6/5/2013 16:00,35.87
TXN,6/6/2013 16:00,35.67
TXN,6/7/2013 16:00,36.18
TXN,6/10/2013 16:00,36.62
TXN,6/11/2013 16:00,35.26
TXN,6/12/2013 16:00,34.79
TXN,6/13/2013 16:00,35.48
TXN,6/14/2013 16:00,35.48
TXN,6/17/2013 16:00,35.78
TXN,6/18/2013 16:00,36.12
TXN,6/19/2013 16:00,35.71
TXN,6/20/2013 16:00,34.63
TXN,6/21/2013 16:00,34.95
TXN,6/24/2013 16:00,34.19
TXN,6/25/2013 16:00,35.02
TXN,6/26/2013 16:00,34.96
TXN,6/27/2013 16:00,34.85
TXN,6/28/2013 16:00,34.85
TXN,7/1/2013 16:00,35.04
TXN,7/2/2013 16:00,35.13
TXN,7/3/2013 16:00,35.47
TXN,7/5/2013 16:00,36
TXN,7/8/2013 16:00,35.69
TXN,7/9/2013 16:00,36.24
TXN,7/10/2013 16:00,36.59
TXN,7/11/2013 16:00,37.17
TXN,7/12/2013 16:00,37.49
TXN,7/15/2013 16:00,37.79
TXN,7/16/2013 16:00,37.82
TXN,7/17/2013 16:00,37.9
TXN,7/18/2013 16:00,37.6
TXN,7/19/2013 16:00,37.26
TXN,7/22/2013 16:00,37.42
TXN,7/23/2013 16:00,38.93
TXN,7/24/2013 16:00,38.93
TXN,7/25/2013 16:00,39.25
TXN,7/26/2013 16:00,39.11
TXN,7/29/2013 16:00,38.59
TXN,7/30/2013 16:00,38.76
TXN,7/31/2013 16:00,39.18
TXN,8/1/2013 16:00,39.82
TXN,8/2/2013 16:00,39.94
TXN,8/5/2013 16:00,39.86
TXN,8/6/2013 16:00,39.73
TXN,8/7/2013 16:00,39.65
TXN,8/8/2013 16:00,39.65
TXN,8/9/2013 16:00,39.78
TXN,8/12/2013 16:00,39.71
TXN,8/13/2013 16:00,39.76
TXN,8/14/2013 16:00,39.17
TXN,8/15/2013 16:00,38.65
TXN,8/16/2013 16:00,38.74
TXN,8/19/2013 16:00,38.44
TXN,8/20/2013 16:00,38.75
TXN,8/21/2013 16:00,38.45
TXN,8/22/2013 16:00,38.82
TXN,8/23/2013 16:00,39.07
TXN,8/26/2013 16:00,39.19
TXN,8/27/2013 16:00,38.25
TXN,8/28/2013 16:00,38.43
TXN,8/29/2013 16:00,38.61
TXN,8/30/2013 16:00,38.2
TXN,9/3/2013 16:00,38.64
TXN,9/4/2013 16:00,39.37
TXN,9/5/2013 16:00,39.48
TXN,9/6/2013 16:00,39.18
TXN,9/9/2013 16:00,39.75
TXN,9/10/2013 16:00,40.31
TXN,9/11/2013 16:00,40.03
TXN,9/12/2013 16:00,39.91
TXN,9/13/2013 16:00,40.28
TXN,9/16/2013 16:00,40.45
TXN,9/17/2013 16:00,40.73
TXN,9/18/2013 16:00,40.85
TXN,9/19/2013 16:00,40.79
TXN,9/20/2013 16:00,40.52
TXN,9/23/2013 16:00,40.47
TXN,9/24/2013 16:00,40.32
TXN,9/25/2013 16:00,40.32
TXN,9/26/2013 16:00,40.38
TXN,9/27/2013 16:00,40.16
TXN,9/30/2013 16:00,40.29
TXN,10/1/2013 16:00,40.4
TXN,10/2/2013 16:00,40.26
TXN,10/3/2013 16:00,40.22
TXN,10/4/2013 16:00,39.93
TXN,10/7/2013 16:00,39.86
TXN,10/8/2013 16:00,39.24
TXN,10/9/2013 16:00,39.29
TXN,10/10/2013 16:00,40.12
TXN,10/11/2013 16:00,40.38
TXN,10/14/2013 16:00,40.55
TXN,10/15/2013 16:00,40.25
TXN,10/16/2013 16:00,40.75
TXN,10/17/2013 16:00,40.65
TXN,10/18/2013 16:00,40.71
TXN,10/21/2013 16:00,40.99
TXN,10/22/2013 16:00,40.28
TXN,10/23/2013 16:00,39.73
TXN,10/24/2013 16:00,39.88
TXN,10/25/2013 16:00,40.23
TXN,10/28/2013 16:00,41.01
TXN,10/29/2013 16:00,41.76
TXN,10/30/2013 16:00,41.72
TXN,10/31/2013 16:00,42.09
TXN,11/1/2013 16:00,42.03
TXN,11/4/2013 16:00,41.99
TXN,11/5/2013 16:00,41.9
TXN,11/6/2013 16:00,42.14
TXN,11/7/2013 16:00,41.65
TXN,11/8/2013 16:00,41.98
TXN,11/11/2013 16:00,41.79
TXN,11/12/2013 16:00,41.85
TXN,11/13/2013 16:00,42.39
TXN,11/14/2013 16:00,42.63
TXN,11/15/2013 16:00,42.55
TXN,11/18/2013 16:00,42.44
TXN,11/19/2013 16:00,42.15
TXN,11/20/2013 16:00,41.93
TXN,11/21/2013 16:00,42.44
TXN,11/22/2013 16:00,42.64
TXN,11/25/2013 16:00,42.55
TXN,11/26/2013 16:00,42.7
TXN,11/27/2013 16:00,42.52
TXN,11/29/2013 16:00,43
TXN,12/2/2013 16:00,42.81
TXN,12/3/2013 16:00,42.84
TXN,12/4/2013 16:00,42.43
TXN,12/5/2013 16:00,42.66
TXN,12/6/2013 16:00,43.49
TXN,12/9/2013 16:00,43.58
TXN,12/10/2013 16:00,43.41
TXN,12/11/2013 16:00,42.81
TXN,12/12/2013 16:00,42.42
TXN,12/13/2013 16:00,41.95
TXN,12/16/2013 16:00,42.29
TXN,12/17/2013 16:00,42.43
TXN,12/18/2013 16:00,43.1
TXN,12/19/2013 16:00,42.46
TXN,12/20/2013 16:00,42.84
TXN,12/23/2013 16:00,43.36
TXN,12/24/2013 16:00,43.43
TXN,12/26/2013 16:00,43.59
TXN,12/27/2013 16:00,43.67
TXN,12/30/2013 16:00,43.9
TXN,12/31/2013 16:00,43.91
TXN,1/2/2014 16:00,43.1
TXN,1/3/2014 16:00,43.29
TXN,1/6/2014 16:00,42.93
TXN,1/7/2014 16:00,42.7
TXN,1/8/2014 16:00,43.29
TXN,1/9/2014 16:00,43.06
TXN,1/10/2014 16:00,43.11
TXN,1/13/2014 16:00,42.24
TXN,1/14/2014 16:00,43.34
TXN,1/15/2014 16:00,43.54
TXN,1/16/2014 16:00,43.37
TXN,1/17/2014 16:00,43.45
TXN,1/21/2014 16:00,43.85
TXN,1/22/2014 16:00,44.61
TXN,1/23/2014 16:00,44.09
TXN,1/24/2014 16:00,42.95
TXN,1/27/2014 16:00,42.64
TXN,1/28/2014 16:00,42.9
TXN,1/29/2014 16:00,42.4
TXN,1/30/2014 16:00,42.69
TXN,1/31/2014 16:00,42.4
TXN,2/3/2014 16:00,41.5
TXN,2/4/2014 16:00,40.89
TXN,2/5/2014 16:00,40.97
TXN,2/6/2014 16:00,41.23
TXN,2/7/2014 16:00,41.95
TXN,2/10/2014 16:00,42.36
TXN,2/11/2014 16:00,43.13
TXN,2/12/2014 16:00,43.3
TXN,2/13/2014 16:00,43.74
TXN,2/14/2014 16:00,43.86
TXN,2/18/2014 16:00,44.01
TXN,2/19/2014 16:00,43.93
TXN,2/20/2014 16:00,44.2
TXN,2/21/2014 16:00,44.15
TXN,2/24/2014 16:00,44.45
TXN,2/25/2014 16:00,44.47
TXN,2/26/2014 16:00,44.63
TXN,2/27/2014 16:00,44.78
TXN,2/28/2014 16:00,44.96
TXN,3/3/2014 16:00,44.58
TXN,3/4/2014 16:00,45.26
TXN,3/5/2014 16:00,45.18
TXN,3/6/2014 16:00,45.68
TXN,3/7/2014 16:00,45.85
TXN,3/10/2014 16:00,45.87
TXN,3/11/2014 16:00,45.67
TXN,3/12/2014 16:00,46.43
TXN,3/13/2014 16:00,44.99
TXN,3/14/2014 16:00,44.31
TXN,3/17/2014 16:00,45.27
TXN,3/18/2014 16:00,45.4
TXN,3/19/2014 16:00,45.52
TXN,3/20/2014 16:00,46.95
TXN,3/21/2014 16:00,47.15
TXN,3/24/2014 16:00,46.57
TXN,3/25/2014 16:00,46.69
TXN,3/26/2014 16:00,46.39
TXN,3/27/2014 16:00,46.08
TXN,3/28/2014 16:00,46.64
TXN,3/31/2014 16:00,47.16
TXN,4/1/2014 16:00,47.53
TXN,4/2/2014 16:00,47.62
TXN,4/3/2014 16:00,47.69
TXN,4/4/2014 16:00,46.34
TXN,4/7/2014 16:00,46.25
TXN,4/8/2014 16:00,46.77
TXN,4/9/2014 16:00,47.24
TXN,4/10/2014 16:00,45.53
TXN,4/11/2014 16:00,44.98
TXN,4/14/2014 16:00,45.32
TXN,4/15/2014 16:00,45.81
TXN,4/16/2014 16:00,45.21
TXN,4/17/2014 16:00,45.83
TXN,4/21/2014 16:00,46.11
TXN,4/22/2014 16:00,46.59
TXN,4/23/2014 16:00,46.46
TXN,4/24/2014 16:00,48.47
TXN,4/25/2014 16:00,46.34
TXN,4/28/2014 16:00,45.45
TXN,4/29/2014 16:00,46.12
TXN,4/30/2014 16:00,45.45
TXN,5/1/2014 16:00,45.23
TXN,5/2/2014 16:00,45.78
TXN,5/5/2014 16:00,45.72
TXN,5/6/2014 16:00,45.38
TXN,5/7/2014 16:00,45.58
TXN,5/8/2014 16:00,46.11
TXN,5/9/2014 16:00,45.84
TXN,5/12/2014 16:00,46.95
TXN,5/13/2014 16:00,46.14
TXN,5/14/2014 16:00,45.61
TXN,5/15/2014 16:00,44.89
TXN,5/16/2014 16:00,44.99
TXN,5/19/2014 16:00,45.6
TXN,5/20/2014 16:00,45.71
TXN,5/21/2014 16:00,45.65
TXN,5/22/2014 16:00,46.14
TXN,5/23/2014 16:00,46.25
TXN,5/27/2014 16:00,46.35
TXN,5/28/2014 16:00,46.46
TXN,5/29/2014 16:00,46.66
TXN,5/30/2014 16:00,46.98
TXN,6/2/2014 16:00,46.99
TXN,6/3/2014 16:00,46.99
TXN,6/4/2014 16:00,46.85
TXN,6/5/2014 16:00,47.4
TXN,6/6/2014 16:00,47.5
TXN,6/9/2014 16:00,47.88
TXN,6/10/2014 16:00,47.97
TXN,6/11/2014 16:00,48.09
TXN,6/12/2014 16:00,48.14
TXN,6/13/2014 16:00,48.33
TXN,6/16/2014 16:00,48.13
TXN,6/17/2014 16:00,48.26
TXN,6/18/2014 16:00,47.87
TXN,6/19/2014 16:00,47.91
TXN,6/20/2014 16:00,47.94
TXN,6/23/2014 16:00,48.08
TXN,6/24/2014 16:00,47.71
TXN,6/25/2014 16:00,48.04
TXN,6/26/2014 16:00,47.79
TXN,6/27/2014 16:00,47.76
TXN,6/30/2014 16:00,47.79
TXN,7/1/2014 16:00,48.49
TXN,7/2/2014 16:00,48.51
TXN,7/3/2014 16:00,48.95
TXN,7/7/2014 16:00,48.92
TXN,7/8/2014 16:00,48.85
TXN,7/9/2014 16:00,49.28
TXN,7/10/2014 16:00,49
TXN,7/11/2014 16:00,49.29
TXN,7/14/2014 16:00,48.92
TXN,7/15/2014 16:00,48.66
TXN,7/16/2014 16:00,49.05
TXN,7/17/2014 16:00,48.15
TXN,7/18/2014 16:00,48.82
TXN,7/21/2014 16:00,49.17
TXN,7/22/2014 16:00,49.12
TXN,7/23/2014 16:00,48.2
TXN,7/24/2014 16:00,47.86
TXN,7/25/2014 16:00,46.82
TXN,7/28/2014 16:00,47.35
TXN,7/29/2014 16:00,46.77
TXN,7/30/2014 16:00,47.23
TXN,7/31/2014 16:00,46.25
TXN,8/1/2014 16:00,46.24
TXN,8/4/2014 16:00,46.39
TXN,8/5/2014 16:00,45.99
TXN,8/6/2014 16:00,46.17
TXN,8/7/2014 16:00,45.67
TXN,8/8/2014 16:00,46.33
TXN,8/11/2014 16:00,46.5
TXN,8/12/2014 16:00,46.67
TXN,8/13/2014 16:00,47.08
TXN,8/14/2014 16:00,47.26
TXN,8/15/2014 16:00,47.56
TXN,8/18/2014 16:00,47.56
TXN,8/19/2014 16:00,47.69
TXN,8/20/2014 16:00,47.88
TXN,8/21/2014 16:00,48.17
TXN,8/22/2014 16:00,48.02
TXN,8/25/2014 16:00,47.37
TXN,8/26/2014 16:00,47.49
TXN,8/27/2014 16:00,47.78
TXN,8/28/2014 16:00,48.02
TXN,8/29/2014 16:00,48.18
TXN,9/2/2014 16:00,47.91
TXN,9/3/2014 16:00,48.35
TXN,9/4/2014 16:00,48.25
TXN,9/5/2014 16:00,48.58
TXN,9/8/2014 16:00,48.49
TXN,9/9/2014 16:00,48.28
TXN,9/10/2014 16:00,47.99
TXN,9/11/2014 16:00,48.15
TXN,9/12/2014 16:00,47.83
TXN,9/15/2014 16:00,47.59
TXN,9/16/2014 16:00,47.92
TXN,9/17/2014 16:00,48.37
TXN,9/18/2014 16:00,48.98
TXN,9/19/2014 16:00,48.75
TXN,9/22/2014 16:00,48.66
TXN,9/23/2014 16:00,48.66
TXN,9/24/2014 16:00,48.81
TXN,9/25/2014 16:00,48.14
TXN,9/26/2014 16:00,48.33
TXN,9/29/2014 16:00,48.26
TXN,9/30/2014 16:00,47.69
TXN,10/1/2014 16:00,46.88
TXN,10/2/2014 16:00,46.84
TXN,10/3/2014 16:00,46.82
TXN,10/6/2014 16:00,46.63
TXN,10/7/2014 16:00,46.01
TXN,10/8/2014 16:00,46.94
TXN,10/9/2014 16:00,46.02
TXN,10/10/2014 16:00,42.74
TXN,10/13/2014 16:00,41.93
TXN,10/14/2014 16:00,42.31
TXN,10/15/2014 16:00,42.76
TXN,10/16/2014 16:00,43.59
TXN,10/17/2014 16:00,43.67
TXN,10/20/2014 16:00,44.41
TXN,10/21/2014 16:00,46.77
TXN,10/22/2014 16:00,46.62
TXN,10/23/2014 16:00,47
TXN,10/24/2014 16:00,47.57
TXN,10/27/2014 16:00,47.95
TXN,10/28/2014 16:00,48.5
TXN,10/29/2014 16:00,48.33
TXN,10/30/2014 16:00,47.53
TXN,10/31/2014 16:00,49.66
TXN,11/3/2014 16:00,50.08
TXN,11/4/2014 16:00,50.4
TXN,11/5/2014 16:00,51.13
TXN,11/6/2014 16:00,50.91
TXN,11/7/2014 16:00,50.9
TXN,11/10/2014 16:00,51.56
TXN,11/11/2014 16:00,51.32
TXN,11/12/2014 16:00,51.28
TXN,11/13/2014 16:00,51.18
TXN,11/14/2014 16:00,51.63
TXN,11/17/2014 16:00,51.55
TXN,11/18/2014 16:00,51.84
TXN,11/19/2014 16:00,51.94
TXN,11/20/2014 16:00,52.23
TXN,11/21/2014 16:00,52.56
TXN,11/24/2014 16:00,52.85
TXN,11/25/2014 16:00,52.44
TXN,11/26/2014 16:00,54.33
TXN,11/28/2014 16:00,54.42
TXN,12/1/2014 16:00,54.25
TXN,12/2/2014 16:00,54.56
TXN,12/3/2014 16:00,55.62
TXN,12/4/2014 16:00,55.41
TXN,12/5/2014 16:00,55.58
TXN,12/8/2014 16:00,55.08
TXN,12/9/2014 16:00,55.01
TXN,12/10/2014 16:00,54.1
TXN,12/11/2014 16:00,54.49
TXN,12/12/2014 16:00,53.11
TXN,12/15/2014 16:00,53.07
TXN,12/16/2014 16:00,52.47
TXN,12/17/2014 16:00,53.5
TXN,12/18/2014 16:00,54.47
TXN,12/19/2014 16:00,54.23
TXN,12/22/2014 16:00,54.82
TXN,12/23/2014 16:00,54.78
TXN,12/24/2014 16:00,54.86
TXN,12/26/2014 16:00,54.75
TXN,12/29/2014 16:00,54.46
TXN,12/30/2014 16:00,53.93
TXN,12/31/2014 16:00,53.47
TXN,1/2/2015 16:00,53.48
TXN,1/5/2015 16:00,52.65
TXN,1/6/2015 16:00,51.78
TXN,1/7/2015 16:00,52.71
TXN,1/8/2015 16:00,53.57
TXN,1/9/2015 16:00,53.6
TXN,1/12/2015 16:00,53.12
TXN,1/13/2015 16:00,52.79
TXN,1/14/2015 16:00,52.71
TXN,1/15/2015 16:00,52.39
TXN,1/16/2015 16:00,53.29
TXN,1/20/2015 16:00,53.81
TXN,1/21/2015 16:00,54.28
TXN,1/22/2015 16:00,54.97
TXN,1/23/2015 16:00,55.06
TXN,1/26/2015 16:00,55.05
TXN,1/27/2015 16:00,54.83
TXN,1/28/2015 16:00,53.94
TXN,1/29/2015 16:00,54.67
TXN,1/30/2015 16:00,53.45
TXN,2/2/2015 16:00,53.49
TXN,2/3/2015 16:00,54.44
TXN,2/4/2015 16:00,54.62
TXN,2/5/2015 16:00,55.31
TXN,2/6/2015 16:00,54.36
TXN,2/9/2015 16:00,54.27
TXN,2/10/2015 16:00,55.82
TXN,2/11/2015 16:00,56
TXN,2/12/2015 16:00,57.44
TXN,2/13/2015 16:00,57.97
TXN,2/17/2015 16:00,58.2
TXN,2/18/2015 16:00,57.94
TXN,2/19/2015 16:00,58.04
TXN,2/20/2015 16:00,58.52
TXN,2/23/2015 16:00,58.27
TXN,2/24/2015 16:00,58.96
TXN,2/25/2015 16:00,59.1
TXN,2/26/2015 16:00,59.42
TXN,2/27/2015 16:00,58.8
TXN,3/2/2015 16:00,59.94
TXN,3/3/2015 16:00,58.57
TXN,3/4/2015 16:00,58.32
TXN,3/5/2015 16:00,58.34
TXN,3/6/2015 16:00,57.64
TXN,3/9/2015 16:00,58.42
TXN,3/10/2015 16:00,57.1
TXN,3/11/2015 16:00,57.17
TXN,3/12/2015 16:00,57.22
TXN,3/13/2015 16:00,57.12
TXN,3/16/2015 16:00,58.33
TXN,3/17/2015 16:00,57.97
TXN,3/18/2015 16:00,58.3
TXN,3/19/2015 16:00,58.53
TXN,3/20/2015 16:00,59.28
TXN,3/23/2015 16:00,58.66
TXN,3/24/2015 16:00,58.44
TXN,3/25/2015 16:00,55.73
TXN,3/26/2015 16:00,55.8
TXN,3/27/2015 16:00,56.76
TXN,3/30/2015 16:00,58
TXN,3/31/2015 16:00,57.19
TXN,4/1/2015 16:00,56.54
TXN,4/2/2015 16:00,56.72
TXN,4/6/2015 16:00,56.81
TXN,4/7/2015 16:00,56.94
TXN,4/8/2015 16:00,56.97
TXN,4/9/2015 16:00,57.78
TXN,4/10/2015 16:00,57.7
TXN,4/13/2015 16:00,57.21
TXN,4/14/2015 16:00,56.75
TXN,4/15/2015 16:00,58.5
TXN,4/16/2015 16:00,58.41
TXN,4/17/2015 16:00,57.33
TXN,4/20/2015 16:00,58.17
TXN,4/21/2015 16:00,58.16
TXN,4/22/2015 16:00,58.73
TXN,4/23/2015 16:00,54.72
TXN,4/24/2015 16:00,54.73
TXN,4/27/2015 16:00,55.56
TXN,4/28/2015 16:00,55.09
TXN,4/29/2015 16:00,55.02
TXN,4/30/2015 16:00,54.21
TXN,5/1/2015 16:00,55.31
TXN,5/4/2015 16:00,55.3
TXN,5/5/2015 16:00,54.01
TXN,5/6/2015 16:00,53.7
TXN,5/7/2015 16:00,54.06
TXN,5/8/2015 16:00,54.7
TXN,5/11/2015 16:00,54.44
TXN,5/12/2015 16:00,54.17
TXN,5/13/2015 16:00,54.69
TXN,5/14/2015 16:00,55.61
TXN,5/15/2015 16:00,55.61
TXN,5/18/2015 16:00,55.79
TXN,5/19/2015 16:00,55.78
TXN,5/20/2015 16:00,55.63
TXN,5/21/2015 16:00,55.5
TXN,5/22/2015 16:00,55.37
TXN,5/26/2015 16:00,54.56
TXN,5/27/2015 16:00,55.97
TXN,5/28/2015 16:00,55.91
TXN,5/29/2015 16:00,55.92
TXN,6/1/2015 16:00,55.71
TXN,6/2/2015 16:00,55.25
TXN,6/3/2015 16:00,54.89
TXN,6/4/2015 16:00,53.98
TXN,6/5/2015 16:00,53.79
TXN,6/8/2015 16:00,52.82
TXN,6/9/2015 16:00,52.92
TXN,6/10/2015 16:00,54.19
TXN,6/11/2015 16:00,53.64
TXN,6/12/2015 16:00,53.01
TXN,6/15/2015 16:00,53.05
TXN,6/16/2015 16:00,53.09
TXN,6/17/2015 16:00,53.29
TXN,6/18/2015 16:00,54.22
TXN,6/19/2015 16:00,54.51
TXN,6/22/2015 16:00,55.5
TXN,6/23/2015 16:00,54.83
TXN,6/24/2015 16:00,53.99
TXN,6/25/2015 16:00,53.8
TXN,6/26/2015 16:00,52.9
TXN,6/29/2015 16:00,51.52
TXN,6/30/2015 16:00,51.51
TXN,7/1/2015 16:00,51.91
TXN,7/2/2015 16:00,51.97
TXN,7/6/2015 16:00,51.39
TXN,7/7/2015 16:00,51.21
TXN,7/8/2015 16:00,49.53
TXN,7/9/2015 16:00,48.11
TXN,7/10/2015 16:00,49.01
TXN,7/13/2015 16:00,49.33
TXN,7/14/2015 16:00,49.76
TXN,7/15/2015 16:00,49.49
TXN,7/16/2015 16:00,49.36
TXN,7/17/2015 16:00,49.36
TXN,7/20/2015 16:00,50.09
TXN,7/21/2015 16:00,50.23
TXN,7/22/2015 16:00,49.3
TXN,7/23/2015 16:00,50.51
TXN,7/24/2015 16:00,49.03
TXN,7/27/2015 16:00,49.03
TXN,7/28/2015 16:00,50.08
TXN,7/29/2015 16:00,49.96
TXN,7/30/2015 16:00,50.24
TXN,7/31/2015 16:00,49.98
TXN,8/3/2015 16:00,50.09
TXN,8/4/2015 16:00,49.84
TXN,8/5/2015 16:00,50.86
TXN,8/6/2015 16:00,50.25
TXN,8/7/2015 16:00,50.32
TXN,8/10/2015 16:00,52.08
TXN,8/11/2015 16:00,50.64
TXN,8/12/2015 16:00,51.11
TXN,8/13/2015 16:00,50.63
TXN,8/14/2015 16:00,50.64
TXN,8/17/2015 16:00,50.9
TXN,8/18/2015 16:00,49.91
TXN,8/19/2015 16:00,49.2
TXN,8/20/2015 16:00,47.43
TXN,8/21/2015 16:00,45.96
TXN,8/24/2015 16:00,44.89
TXN,8/25/2015 16:00,43.52
TXN,8/26/2015 16:00,45.41
TXN,8/27/2015 16:00,47.06
TXN,8/28/2015 16:00,47.99
TXN,8/31/2015 16:00,47.84
TXN,9/1/2015 16:00,46.34
TXN,9/2/2015 16:00,47.35
TXN,9/3/2015 16:00,47.46
TXN,9/4/2015 16:00,46.53
TXN,9/8/2015 16:00,48.69
TXN,9/9/2015 16:00,47.61
TXN,9/10/2015 16:00,47.41
TXN,9/11/2015 16:00,47.57
TXN,9/14/2015 16:00,47.83
TXN,9/15/2015 16:00,48.3
TXN,9/16/2015 16:00,48.7
TXN,9/17/2015 16:00,48.15
TXN,9/18/2015 16:00,47.8
TXN,9/21/2015 16:00,47.45
TXN,9/22/2015 16:00,46.61
TXN,9/23/2015 16:00,46.58
TXN,9/24/2015 16:00,46.75
TXN,9/25/2015 16:00,47.17
TXN,9/28/2015 16:00,46.95
TXN,9/29/2015 16:00,47.53
TXN,9/30/2015 16:00,49.52
TXN,10/1/2015 16:00,48.44
TXN,10/2/2015 16:00,48.77
TXN,10/5/2015 16:00,50.13
TXN,10/6/2015 16:00,50.46
TXN,10/7/2015 16:00,51.04
TXN,10/8/2015 16:00,51.52
TXN,10/9/2015 16:00,50.87
TXN,10/12/2015 16:00,51.34
TXN,10/13/2015 16:00,50.91
TXN,10/14/2015 16:00,52.65
TXN,10/15/2015 16:00,52.43
TXN,10/16/2015 16:00,52.57
TXN,10/19/2015 16:00,52.64
TXN,10/20/2015 16:00,52.43
TXN,10/21/2015 16:00,51.9
TXN,10/22/2015 16:00,58.09
TXN,10/23/2015 16:00,58.98
TXN,10/26/2015 16:00,58.81
TXN,10/27/2015 16:00,58.42
TXN,10/28/2015 16:00,58.67
TXN,10/29/2015 16:00,56.57
TXN,10/30/2015 16:00,56.72
TXN,11/2/2015 16:00,56.99
TXN,11/3/2015 16:00,57.15
TXN,11/4/2015 16:00,56.95
TXN,11/5/2015 16:00,57.4
TXN,11/6/2015 16:00,57.63
TXN,11/9/2015 16:00,57.21
TXN,11/10/2015 16:00,57.03
TXN,11/11/2015 16:00,57.6
TXN,11/12/2015 16:00,56.67
TXN,11/13/2015 16:00,56.13
TXN,11/16/2015 16:00,56.88
TXN,11/17/2015 16:00,57.07
TXN,11/18/2015 16:00,57.96
TXN,11/19/2015 16:00,57.95
TXN,11/20/2015 16:00,58.12
TXN,11/23/2015 16:00,57.35
TXN,11/24/2015 16:00,57.85
TXN,11/25/2015 16:00,57.27
TXN,11/27/2015 16:00,57.55
TXN,11/30/2015 16:00,58.12
TXN,12/1/2015 16:00,58.31
TXN,12/2/2015 16:00,57.55
TXN,12/3/2015 16:00,57.69
TXN,12/4/2015 16:00,58.88
TXN,12/7/2015 16:00,58.35
TXN,12/8/2015 16:00,57.67
TXN,12/9/2015 16:00,56.76
TXN,12/10/2015 16:00,56.93
TXN,12/11/2015 16:00,56.21
TXN,12/14/2015 16:00,56.22
TXN,12/15/2015 16:00,57.55
TXN,12/16/2015 16:00,58.07
TXN,12/17/2015 16:00,56.53
TXN,12/18/2015 16:00,54.94
TXN,12/21/2015 16:00,55.82
TXN,12/22/2015 16:00,55.61
TXN,12/23/2015 16:00,56.7
TXN,12/24/2015 16:00,56.75
TXN,12/28/2015 16:00,56.42
TXN,12/29/2015 16:00,57.02
TXN,12/30/2015 16:00,56.16
TXN,12/31/2015 16:00,54.81
TXN,1/4/2016 16:00,54.34
TXN,1/5/2016 16:00,53.77
TXN,1/6/2016 16:00,53.42
TXN,1/7/2016 16:00,51.7
TXN,1/8/2016 16:00,50.36
TXN,1/11/2016 16:00,51.21
TXN,1/12/2016 16:00,51.53
TXN,1/13/2016 16:00,49.82
TXN,1/14/2016 16:00,50.03
TXN,1/15/2016 16:00,48.03
TXN,1/19/2016 16:00,48.22
TXN,1/20/2016 16:00,49.01
TXN,1/21/2016 16:00,49.83
TXN,1/22/2016 16:00,50.3
TXN,1/25/2016 16:00,50.08
TXN,1/26/2016 16:00,50.7
TXN,1/27/2016 16:00,50.67
TXN,1/28/2016 16:00,51.13
TXN,1/29/2016 16:00,52.93
TXN,2/1/2016 16:00,52.83
TXN,2/2/2016 16:00,50.64
TXN,2/3/2016 16:00,50.25
TXN,2/4/2016 16:00,51.26
TXN,2/5/2016 16:00,49.88
TXN,2/8/2016 16:00,50.9
TXN,2/9/2016 16:00,50.68
TXN,2/10/2016 16:00,50.75
TXN,2/11/2016 16:00,50.38
TXN,2/12/2016 16:00,51.14
TXN,2/16/2016 16:00,52.54
TXN,2/17/2016 16:00,53.69
TXN,2/18/2016 16:00,53.06
TXN,2/19/2016 16:00,52.76
TXN,2/22/2016 16:00,53.3
TXN,2/23/2016 16:00,52.24
TXN,2/24/2016 16:00,52.46
TXN,2/25/2016 16:00,53.11
TXN,2/26/2016 16:00,53.3
TXN,2/29/2016 16:00,53.02
TXN,3/1/2016 16:00,54.22
TXN,3/2/2016 16:00,54.42
TXN,3/3/2016 16:00,54.87
TXN,3/4/2016 16:00,54.89
TXN,3/7/2016 16:00,55.49
TXN,3/8/2016 16:00,54.53
TXN,3/9/2016 16:00,54.75
TXN,3/10/2016 16:00,55.49
TXN,3/11/2016 16:00,56.06
TXN,3/14/2016 16:00,55.61
TXN,3/15/2016 16:00,55.73
TXN,3/16/2016 16:00,56.14
TXN,3/17/2016 16:00,56.6
TXN,3/18/2016 16:00,57.09
TXN,3/21/2016 16:00,57.02
TXN,3/22/2016 16:00,56.9
TXN,3/23/2016 16:00,56.6
TXN,3/24/2016 16:00,56.7
TXN,3/28/2016 16:00,56.52
TXN,3/29/2016 16:00,57.41
TXN,3/30/2016 16:00,58.37
TXN,3/31/2016 16:00,57.42
TXN,4/1/2016 16:00,57.94
TXN,4/4/2016 16:00,57.72
TXN,4/5/2016 16:00,57.71
TXN,4/6/2016 16:00,58.36
TXN,4/7/2016 16:00,57.15
TXN,4/8/2016 16:00,57.89
TXN,4/11/2016 16:00,57.82
TXN,4/12/2016 16:00,58.44
TXN,4/13/2016 16:00,59.17
TXN,4/14/2016 16:00,59.22
TXN,4/15/2016 16:00,58.93
TXN,4/18/2016 16:00,58.95
TXN,4/19/2016 16:00,58.42
TXN,4/20/2016 16:00,59.05
TXN,4/21/2016 16:00,58.86
TXN,4/22/2016 16:00,58.68
TXN,4/25/2016 16:00,59.02
TXN,4/26/2016 16:00,59.4
TXN,4/27/2016 16:00,59.92
TXN,4/28/2016 16:00,58.69
TXN,4/29/2016 16:00,57.04
TXN,5/2/2016 16:00,57.85
TXN,5/3/2016 16:00,57.2
TXN,5/4/2016 16:00,56.43
TXN,5/5/2016 16:00,56.64
TXN,5/6/2016 16:00,57.2
TXN,5/9/2016 16:00,56.91
TXN,5/10/2016 16:00,57.63
TXN,5/11/2016 16:00,57.63
TXN,5/12/2016 16:00,57.16
TXN,5/13/2016 16:00,57.12
TXN,5/16/2016 16:00,58.02
TXN,5/17/2016 16:00,57.43
TXN,5/18/2016 16:00,58.01
TXN,5/19/2016 16:00,57.23
TXN,5/20/2016 16:00,58.53
TXN,5/23/2016 16:00,58.73
TXN,5/24/2016 16:00,60.09
TXN,5/25/2016 16:00,60.44
TXN,5/26/2016 16:00,60.77
TXN,5/27/2016 16:00,61.02
TXN,5/31/2016 16:00,60.6
TXN,6/1/2016 16:00,61.07
TXN,6/2/2016 16:00,60.76
TXN,6/3/2016 16:00,60.53
TXN,6/6/2016 16:00,61.29
TXN,6/7/2016 16:00,61.56
TXN,6/8/2016 16:00,62.08
TXN,6/9/2016 16:00,62.14
TXN,6/10/2016 16:00,61.91
TXN,6/13/2016 16:00,61.53
TXN,6/14/2016 16:00,61.9
TXN,6/15/2016 16:00,61.69
TXN,6/16/2016 16:00,62.06
TXN,6/17/2016 16:00,61.62
TXN,6/20/2016 16:00,62.01
TXN,6/21/2016 16:00,62.04
TXN,6/22/2016 16:00,62.06
TXN,6/23/2016 16:00,63.3
TXN,6/24/2016 16:00,60.54
TXN,6/27/2016 16:00,59.07
TXN,6/28/2016 16:00,60.27
TXN,6/29/2016 16:00,61.25
TXN,6/30/2016 16:00,62.65
TXN,7/1/2016 16:00,62.11
TXN,7/5/2016 16:00,61.25
TXN,7/6/2016 16:00,61.06
TXN,7/7/2016 16:00,61.77
TXN,7/8/2016 16:00,63.27
TXN,7/11/2016 16:00,63.4
TXN,7/12/2016 16:00,64.38
TXN,7/13/2016 16:00,64.54
TXN,7/14/2016 16:00,64.81
TXN,7/15/2016 16:00,64.85
TXN,7/18/2016 16:00,65.19
TXN,7/19/2016 16:00,64.94
TXN,7/20/2016 16:00,65.45
TXN,7/21/2016 16:00,64.91
TXN,7/22/2016 16:00,65.49
TXN,7/25/2016 16:00,66.22
TXN,7/26/2016 16:00,71.42
TXN,7/27/2016 16:00,71.27
TXN,7/28/2016 16:00,70.23
TXN,7/29/2016 16:00,69.75
TXN,8/1/2016 16:00,69.88
TXN,8/2/2016 16:00,68.85
TXN,8/3/2016 16:00,68.88
TXN,8/4/2016 16:00,69.61
TXN,8/5/2016 16:00,70.15
TXN,8/8/2016 16:00,70.14
TXN,8/9/2016 16:00,70.25
TXN,8/10/2016 16:00,69.89
TXN,8/11/2016 16:00,70
TXN,8/12/2016 16:00,69.84
TXN,8/15/2016 16:00,70.33
TXN,8/16/2016 16:00,69.82
TXN,8/17/2016 16:00,69.82
TXN,8/18/2016 16:00,70.13
TXN,8/19/2016 16:00,70.27
TXN,8/22/2016 16:00,70
TXN,8/23/2016 16:00,69.98
TXN,8/24/2016 16:00,69.9
TXN,8/25/2016 16:00,69.82
TXN,8/26/2016 16:00,69.75
TXN,8/29/2016 16:00,69.98
TXN,8/30/2016 16:00,69.31
TXN,8/31/2016 16:00,69.54
TXN,9/1/2016 16:00,69.7
TXN,9/2/2016 16:00,69.68
TXN,9/6/2016 16:00,69.79
TXN,9/7/2016 16:00,69.49
TXN,9/8/2016 16:00,68.99
TXN,9/9/2016 16:00,66.67
TXN,9/12/2016 16:00,67.94
TXN,9/13/2016 16:00,67.45
TXN,9/14/2016 16:00,67.79
TXN,9/15/2016 16:00,69.22
TXN,9/16/2016 16:00,69.36
TXN,9/19/2016 16:00,69.54
TXN,9/20/2016 16:00,69.18
TXN,9/21/2016 16:00,69.56
TXN,9/22/2016 16:00,69.76
TXN,9/23/2016 16:00,68.98
TXN,9/26/2016 16:00,68.42
TXN,9/27/2016 16:00,69.45
TXN,9/28/2016 16:00,69.74
TXN,9/29/2016 16:00,69.84
TXN,9/30/2016 16:00,70.18
TXN,10/3/2016 16:00,69.66
TXN,10/4/2016 16:00,69.59
TXN,10/5/2016 16:00,70.6
TXN,10/6/2016 16:00,70.96
TXN,10/7/2016 16:00,70.87
TXN,10/10/2016 16:00,69.93
TXN,10/11/2016 16:00,68.76
TXN,10/12/2016 16:00,68.46
TXN,10/13/2016 16:00,67.77
TXN,10/14/2016 16:00,68.49
TXN,10/17/2016 16:00,68.42
TXN,10/18/2016 16:00,69.25
TXN,10/19/2016 16:00,69.49
TXN,10/20/2016 16:00,69.75
TXN,10/21/2016 16:00,69.97
TXN,10/24/2016 16:00,71.68
TXN,10/25/2016 16:00,71.2
TXN,10/26/2016 16:00,71.71
TXN,10/27/2016 16:00,70.73
TXN,10/28/2016 16:00,70.8
TXN,10/31/2016 16:00,70.85
TXN,11/1/2016 16:00,69.44
TXN,11/2/2016 16:00,68.84
TXN,11/3/2016 16:00,67.9
TXN,11/4/2016 16:00,67.6
TXN,11/7/2016 16:00,69.01
TXN,11/8/2016 16:00,69.83
TXN,11/9/2016 16:00,69.79
TXN,11/10/2016 16:00,69.14
TXN,11/11/2016 16:00,69.85
TXN,11/14/2016 16:00,70.02
TXN,11/15/2016 16:00,71.03
TXN,11/16/2016 16:00,71.2
TXN,11/17/2016 16:00,72.08
TXN,11/18/2016 16:00,72.6
TXN,11/21/2016 16:00,73.68
TXN,11/22/2016 16:00,74.4
TXN,11/23/2016 16:00,74.06
TXN,11/25/2016 16:00,74.43
TXN,11/28/2016 16:00,74.53
TXN,11/29/2016 16:00,74.4
TXN,11/30/2016 16:00,73.93
TXN,12/1/2016 16:00,70.41
TXN,12/2/2016 16:00,70.72
TXN,12/5/2016 16:00,70.51
TXN,12/6/2016 16:00,71.37
TXN,12/7/2016 16:00,72.2
TXN,12/8/2016 16:00,72.13
TXN,12/9/2016 16:00,71.99
TXN,12/12/2016 16:00,71.73
TXN,12/13/2016 16:00,73.2
TXN,12/14/2016 16:00,72.5
TXN,12/15/2016 16:00,73.45
TXN,12/16/2016 16:00,72.89
TXN,12/19/2016 16:00,73.57
TXN,12/20/2016 16:00,74.04
TXN,12/21/2016 16:00,74.17
TXN,12/22/2016 16:00,74.2
TXN,12/23/2016 16:00,74.38
TXN,12/27/2016 16:00,74.87
TXN,12/28/2016 16:00,74.05
TXN,12/29/2016 16:00,74.15
TXN,12/30/2016 16:00,72.97
TXN,1/3/2017 16:00,73.58
TXN,1/4/2017 16:00,73.49
TXN,1/5/2017 16:00,72.92
TXN,1/6/2017 16:00,74.15
TXN,1/9/2017 16:00,74.34
TXN,1/10/2017 16:00,74.6
TXN,1/11/2017 16:00,75.2
TXN,1/12/2017 16:00,74.85
TXN,1/13/2017 16:00,75
TXN,1/17/2017 16:00,74.49
TXN,1/18/2017 16:00,74.38
TXN,1/19/2017 16:00,73.88
TXN,1/20/2017 16:00,74.75
TXN,1/23/2017 16:00,75.73
TXN,1/24/2017 16:00,77.08
TXN,1/25/2017 16:00,78.58
TXN,1/26/2017 16:00,79.26
TXN,1/27/2017 16:00,78.03
TXN,1/30/2017 16:00,77.9
TXN,1/31/2017 16:00,75.54
TXN,2/1/2017 16:00,76.27
TXN,2/2/2017 16:00,75.89
TXN,2/3/2017 16:00,76.5
TXN,2/6/2017 16:00,76.22
TXN,2/7/2017 16:00,76.18
TXN,2/8/2017 16:00,75.95
TXN,2/9/2017 16:00,75.3
TXN,2/10/2017 16:00,75.16
TXN,2/13/2017 16:00,75.52
TXN,2/14/2017 16:00,75.64
TXN,2/15/2017 16:00,75.67
TXN,2/16/2017 16:00,76.25
TXN,2/17/2017 16:00,76.44
TXN,2/21/2017 16:00,77.08
TXN,2/22/2017 16:00,77.23
TXN,2/23/2017 16:00,77.14
TXN,2/24/2017 16:00,77.24
TXN,2/27/2017 16:00,77.19
TXN,2/28/2017 16:00,76.62
TXN,3/1/2017 16:00,78.15
TXN,3/2/2017 16:00,78.08
TXN,3/3/2017 16:00,77.86
TXN,3/6/2017 16:00,78.31
TXN,3/7/2017 16:00,79.12
TXN,3/8/2017 16:00,79.34
TXN,3/9/2017 16:00,79.13
TXN,3/10/2017 16:00,80.33
TXN,3/13/2017 16:00,81.02
TXN,3/14/2017 16:00,81.09
TXN,3/15/2017 16:00,81.82
TXN,3/16/2017 16:00,81.71
TXN,3/17/2017 16:00,82.2
TXN,3/20/2017 16:00,81.59
TXN,3/21/2017 16:00,79.75
TXN,3/22/2017 16:00,80.69
TXN,3/23/2017 16:00,80.67
TXN,3/24/2017 16:00,80.59
TXN,3/27/2017 16:00,80.53
TXN,3/28/2017 16:00,80.61
TXN,3/29/2017 16:00,80.49
TXN,3/30/2017 16:00,81.04
TXN,3/31/2017 16:00,80.56
TXN,4/3/2017 16:00,80.36
TXN,4/4/2017 16:00,80.6
TXN,4/5/2017 16:00,80.08
TXN,4/6/2017 16:00,80.1
TXN,4/7/2017 16:00,80.53
TXN,4/10/2017 16:00,80.13
TXN,4/11/2017 16:00,79.41
TXN,4/12/2017 16:00,78.48
TXN,4/13/2017 16:00,77.84
TXN,4/17/2017 16:00,78.72
TXN,4/18/2017 16:00,79.61
TXN,4/19/2017 16:00,79.37
TXN,4/20/2017 16:00,80.76
TXN,4/21/2017 16:00,79.81
TXN,4/24/2017 16:00,81.08
TXN,4/25/2017 16:00,82.36
TXN,4/26/2017 16:00,81.11
TXN,4/27/2017 16:00,80.8
TXN,4/28/2017 16:00,79.18
TXN,5/1/2017 16:00,79.29
TXN,5/2/2017 16:00,79.25
TXN,5/3/2017 16:00,79.77
TXN,5/4/2017 16:00,79.3
TXN,5/5/2017 16:00,79.63
TXN,5/8/2017 16:00,79.46
TXN,5/9/2017 16:00,79.45
TXN,5/10/2017 16:00,80.49
TXN,5/11/2017 16:00,80.4
TXN,5/12/2017 16:00,80.69
TXN,5/15/2017 16:00,81.55
TXN,5/16/2017 16:00,82.27
TXN,5/17/2017 16:00,78.68
TXN,5/18/2017 16:00,79.23
TXN,5/19/2017 16:00,80.3
TXN,5/22/2017 16:00,80.37
TXN,5/23/2017 16:00,79.69
TXN,5/24/2017 16:00,80.05
TXN,5/25/2017 16:00,80.79
TXN,5/26/2017 16:00,81.12
TXN,5/30/2017 16:00,81.97
TXN,5/31/2017 16:00,82.49
TXN,6/1/2017 16:00,81.49
TXN,6/2/2017 16:00,81.63
TXN,6/5/2017 16:00,81.89
TXN,6/6/2017 16:00,82.22
TXN,6/7/2017 16:00,82.89
TXN,6/8/2017 16:00,84.34
TXN,6/9/2017 16:00,80.9
TXN,6/12/2017 16:00,81.05
TXN,6/13/2017 16:00,80.99
TXN,6/14/2017 16:00,80.16
TXN,6/15/2017 16:00,80.08
TXN,6/16/2017 16:00,79.7
TXN,6/19/2017 16:00,81.42
TXN,6/20/2017 16:00,79.57
TXN,6/21/2017 16:00,79.67
TXN,6/22/2017 16:00,79.05
TXN,6/23/2017 16:00,79.58
TXN,6/26/2017 16:00,78.31
TXN,6/27/2017 16:00,76.95
TXN,6/28/2017 16:00,78.06
TXN,6/29/2017 16:00,76.9
TXN,6/30/2017 16:00,76.93
TXN,7/3/2017 16:00,76.41
TXN,7/5/2017 16:00,76.91
TXN,7/6/2017 16:00,76.86
TXN,7/7/2017 16:00,78.48
TXN,7/10/2017 16:00,78.78
TXN,7/11/2017 16:00,79.04
TXN,7/12/2017 16:00,80.52
TXN,7/13/2017 16:00,80.54
TXN,7/14/2017 16:00,82
TXN,7/17/2017 16:00,81.66
TXN,7/18/2017 16:00,82.16
TXN,7/19/2017 16:00,82.16
TXN,7/20/2017 16:00,82.69
TXN,7/21/2017 16:00,81.7
TXN,7/24/2017 16:00,80.92
TXN,7/25/2017 16:00,81.39
TXN,7/26/2017 16:00,82.53
TXN,7/27/2017 16:00,80.97
TXN,7/28/2017 16:00,80.71
TXN,7/31/2017 16:00,81.38
TXN,8/1/2017 16:00,81.71
TXN,8/2/2017 16:00,81.31
TXN,8/3/2017 16:00,81.36
TXN,8/4/2017 16:00,81.43
TXN,8/7/2017 16:00,82.17
TXN,8/8/2017 16:00,82.45
TXN,8/9/2017 16:00,82.28
TXN,8/10/2017 16:00,80.36
TXN,8/11/2017 16:00,80.89
TXN,8/14/2017 16:00,82.05
TXN,8/15/2017 16:00,81.95
TXN,8/16/2017 16:00,82.46
TXN,8/17/2017 16:00,80.15
TXN,8/18/2017 16:00,79.97
TXN,8/21/2017 16:00,79.89
TXN,8/22/2017 16:00,80.75
TXN,8/23/2017 16:00,80.89
TXN,8/24/2017 16:00,81.25
TXN,8/25/2017 16:00,80.98
TXN,8/28/2017 16:00,80.76
TXN,8/29/2017 16:00,81.03
TXN,8/30/2017 16:00,82.31
TXN,8/31/2017 16:00,82.82
TXN,9/1/2017 16:00,82.54
TXN,9/5/2017 16:00,81.85
TXN,9/6/2017 16:00,82.07
TXN,9/7/2017 16:00,82
TXN,9/8/2017 16:00,81.38
TXN,9/11/2017 16:00,82.22
TXN,9/12/2017 16:00,82.89
TXN,9/13/2017 16:00,82.7
TXN,9/14/2017 16:00,83.29
TXN,9/15/2017 16:00,84.84
TXN,9/18/2017 16:00,86.14
TXN,9/19/2017 16:00,86.81
TXN,9/20/2017 16:00,85.83
TXN,9/21/2017 16:00,86.05
TXN,9/22/2017 16:00,88.27
TXN,9/25/2017 16:00,87.5
TXN,9/26/2017 16:00,87.7
TXN,9/27/2017 16:00,88.81
TXN,9/28/2017 16:00,89.65
TXN,9/29/2017 16:00,89.64
TXN,10/2/2017 16:00,89.65
TXN,10/3/2017 16:00,89.94
TXN,10/4/2017 16:00,90.49
TXN,10/5/2017 16:00,91.14
TXN,10/6/2017 16:00,91.35
TXN,10/9/2017 16:00,91.58
TXN,10/10/2017 16:00,92.38
TXN,10/11/2017 16:00,92.87
TXN,10/12/2017 16:00,92.62
TXN,10/13/2017 16:00,93.59
TXN,10/16/2017 16:00,94.23
TXN,10/17/2017 16:00,94.27
TXN,10/18/2017 16:00,93.43
TXN,10/19/2017 16:00,93.45
TXN,10/20/2017 16:00,95.18
TXN,10/23/2017 16:00,96.21
TXN,10/24/2017 16:00,96.44
TXN,10/25/2017 16:00,95.82
TXN,10/26/2017 16:00,96.15
TXN,10/27/2017 16:00,97.5
TXN,10/30/2017 16:00,96.06
TXN,10/31/2017 16:00,96.69
TXN,11/1/2017 16:00,96.35
TXN,11/2/2017 16:00,96.79
TXN,11/3/2017 16:00,97.98
TXN,11/6/2017 16:00,98.54
TXN,11/7/2017 16:00,98.4
TXN,11/8/2017 16:00,98.44
TXN,11/9/2017 16:00,97.05
TXN,11/10/2017 16:00,96.94
TXN,11/13/2017 16:00,97.03
TXN,11/14/2017 16:00,96.96
TXN,11/15/2017 16:00,96.77
TXN,11/16/2017 16:00,98.32
TXN,11/17/2017 16:00,97.74
TXN,11/20/2017 16:00,98.28
TXN,11/21/2017 16:00,99.19
TXN,11/22/2017 16:00,98.08
TXN,11/24/2017 13:00,99.3
TXN,11/27/2017 16:00,98.63
TXN,11/28/2017 16:00,99.48
TXN,11/29/2017 16:00,96.88
TXN,11/30/2017 16:00,97.29
TXN,12/1/2017 16:00,97.18
TXN,12/4/2017 16:00,95.97
TXN,12/5/2017 16:00,96.9
TXN,12/6/2017 16:00,97.02
TXN,12/7/2017 16:00,97.78
TXN,12/8/2017 16:00,98.02
TXN,12/11/2017 16:00,98.83
TXN,12/12/2017 16:00,98.43
TXN,12/13/2017 16:00,98.86
TXN,12/14/2017 16:00,100.25
TXN,12/15/2017 16:00,101.22
TXN,12/18/2017 16:00,103.27
TXN,12/19/2017 16:00,104.1
TXN,12/20/2017 16:00,104.8
TXN,12/21/2017 16:00,104.07
TXN,12/22/2017 16:00,104.13
TXN,12/26/2017 16:00,104.15
TXN,12/27/2017 16:00,104.53
TXN,12/28/2017 16:00,104.82
TXN,12/29/2017 16:00,104.44
TXN,1/2/2018 16:00,105.57
TXN,1/3/2018 16:00,108.43
TXN,1/4/2018 16:00,108.29
TXN,1/5/2018 16:00,109.12
TXN,1/8/2018 16:00,109.64
TXN,1/9/2018 16:00,110.39
TXN,1/10/2018 16:00,109.7
TXN,1/11/2018 16:00,110.67
TXN,1/12/2018 16:00,112.72
TXN,1/16/2018 16:00,112.92
TXN,1/17/2018 16:00,119.16
TXN,1/18/2018 16:00,116.41
TXN,1/19/2018 16:00,116.83
TXN,1/22/2018 16:00,119.44
TXN,1/23/2018 16:00,119.89
TXN,1/24/2018 16:00,109.7
TXN,1/25/2018 16:00,110.15
TXN,1/26/2018 16:00,113.69
TXN,1/29/2018 16:00,112.65
TXN,1/30/2018 16:00,109.89
TXN,1/31/2018 16:00,109.67
TXN,2/1/2018 16:00,110.08
TXN,2/2/2018 16:00,107.66
TXN,2/5/2018 16:00,104.21
TXN,2/6/2018 16:00,105.87
TXN,2/7/2018 16:00,101.98
TXN,2/8/2018 16:00,97.66
TXN,2/9/2018 16:00,100.49
TXN,2/12/2018 16:00,101.94
TXN,2/13/2018 16:00,100.98
TXN,2/14/2018 16:00,102.68
TXN,2/15/2018 16:00,104.57
TXN,2/16/2018 16:00,104.47
TXN,2/20/2018 16:00,105.29
TXN,2/21/2018 16:00,103.66
TXN,2/22/2018 16:00,103.93
TXN,2/23/2018 16:00,107.04
TXN,2/26/2018 16:00,109.63
TXN,2/27/2018 16:00,108.34
TXN,2/28/2018 16:00,108.35
TXN,3/1/2018 16:00,106.53
TXN,3/2/2018 16:00,108.22
TXN,3/5/2018 16:00,109.01
TXN,3/6/2018 16:00,109.69
TXN,3/7/2018 16:00,108.56
TXN,3/8/2018 16:00,109.49
TXN,3/9/2018 16:00,111.53
TXN,3/12/2018 16:00,111.63
TXN,3/13/2018 16:00,110.59
TXN,3/14/2018 16:00,109.97
TXN,3/15/2018 16:00,109.71
TXN,3/16/2018 16:00,109.97
TXN,3/19/2018 16:00,107.86
TXN,3/20/2018 16:00,109.46
TXN,3/21/2018 16:00,108.64
TXN,3/22/2018 16:00,103.9
TXN,3/23/2018 16:00,101.36
TXN,3/26/2018 16:00,106.6
TXN,3/27/2018 16:00,102.56
TXN,3/28/2018 16:00,101.91
TXN,3/29/2018 16:00,103.89
TXN,4/2/2018 16:00,100.65
TXN,4/3/2018 16:00,102.18
TXN,4/4/2018 16:00,104.21
TXN,4/5/2018 16:00,102.24
TXN,4/6/2018 16:00,99.46
TXN,4/9/2018 16:00,99.81
TXN,4/10/2018 16:00,102.36
TXN,4/11/2018 16:00,102.34
TXN,4/12/2018 16:00,104.24
TXN,4/13/2018 16:00,102.16
TXN,4/16/2018 16:00,103.5
TXN,4/17/2018 16:00,105.39
TXN,4/18/2018 16:00,105.35
TXN,4/19/2018 16:00,101.29
TXN,4/20/2018 16:00,99.96
TXN,4/23/2018 16:00,98.09
TXN,4/24/2018 16:00,98.42
TXN,4/25/2018 16:00,103
TXN,4/26/2018 16:00,102.72
TXN,4/27/2018 16:00,102.51
TXN,4/30/2018 16:00,101.43
TXN,5/1/2018 16:00,103.4
TXN,5/2/2018 16:00,102.96
TXN,5/3/2018 16:00,103.6
TXN,5/4/2018 16:00,104.69
TXN,5/7/2018 16:00,104.51
TXN,5/8/2018 16:00,105.46
TXN,5/9/2018 16:00,107.54
TXN,5/10/2018 16:00,109.97
TXN,5/11/2018 16:00,109.25
TXN,5/14/2018 16:00,110.64
TXN,5/15/2018 16:00,109.21
TXN,5/16/2018 16:00,111.4
TXN,5/17/2018 16:00,110.33
TXN,5/18/2018 16:00,110.54
TXN,5/21/2018 16:00,110.41
TXN,5/22/2018 16:00,110.86
TXN,5/23/2018 16:00,111.07
TXN,5/24/2018 16:00,110.75
TXN,5/25/2018 16:00,111.56
TXN,5/29/2018 16:00,110.94
TXN,5/30/2018 16:00,111.85
TXN,5/31/2018 16:00,111.91
TXN,6/1/2018 16:00,114.8
TXN,6/4/2018 16:00,115.74
TXN,6/5/2018 16:00,117.66
TXN,6/6/2018 16:00,118.11
TXN,6/7/2018 16:00,117.24
TXN,6/8/2018 16:00,115.74
TXN,6/11/2018 16:00,115.28
TXN,6/12/2018 16:00,115.41
TXN,6/13/2018 16:00,114
TXN,6/14/2018 16:00,114.72
TXN,6/15/2018 16:00,115.89
TXN,6/18/2018 16:00,114.39
TXN,6/19/2018 16:00,113.66
TXN,6/20/2018 16:00,114.24
TXN,6/21/2018 16:00,112.11
TXN,6/22/2018 16:00,112.38
TXN,6/25/2018 16:00,110.19
TXN,6/26/2018 16:00,111.51
TXN,6/27/2018 16:00,108.78
TXN,6/28/2018 16:00,109.1
TXN,6/29/2018 16:00,110.25
TXN,7/2/2018 16:00,110.24
TXN,7/3/2018 13:00,108.91
TXN,7/5/2018 16:00,111.51
TXN,7/6/2018 16:00,112.71
TXN,7/9/2018 16:00,112.09
TXN,7/10/2018 16:00,113.73
TXN,7/11/2018 16:00,111.76
TXN,7/12/2018 16:00,115.84
TXN,7/13/2018 16:00,115.14
TXN,7/16/2018 16:00,114.56
TXN,7/17/2018 16:00,115.8
TXN,7/18/2018 16:00,115.68
TXN,7/19/2018 16:00,114.59
TXN,7/20/2018 16:00,115
TXN,7/23/2018 16:00,114.67
TXN,7/24/2018 16:00,113.8
TXN,7/25/2018 16:00,113.22
TXN,7/26/2018 16:00,113.3
TXN,7/27/2018 16:00,112.6
TXN,7/30/2018 16:00,110.91
TXN,7/31/2018 16:00,111.32
TXN,8/1/2018 16:00,111
TXN,8/2/2018 16:00,112.21
TXN,8/3/2018 16:00,112.84
TXN,8/6/2018 16:00,113.11
TXN,8/7/2018 16:00,115.76
TXN,8/8/2018 16:00,116.16
TXN,8/9/2018 16:00,114.34
TXN,8/10/2018 16:00,110.09
TXN,8/13/2018 16:00,109.94
TXN,8/14/2018 16:00,110.34
TXN,8/15/2018 16:00,109.6
TXN,8/16/2018 16:00,109.4
TXN,8/17/2018 16:00,109.64
TXN,8/20/2018 16:00,109.03
TXN,8/21/2018 16:00,111.51
TXN,8/22/2018 16:00,112.19
TXN,8/23/2018 16:00,112.4
TXN,8/24/2018 16:00,113.64
TXN,8/27/2018 16:00,115.25
TXN,8/28/2018 16:00,115.02
TXN,8/29/2018 16:00,115.47
TXN,8/30/2018 16:00,112.58
TXN,8/31/2018 16:00,112.4
TXN,9/4/2018 16:00,112.54
TXN,9/5/2018 16:00,111.13
TXN,9/6/2018 16:00,110.89
TXN,9/7/2018 16:00,108.46
TXN,9/10/2018 16:00,108.32
TXN,9/11/2018 16:00,106.05
TXN,9/12/2018 16:00,104.54
TXN,9/13/2018 16:00,105.72
TXN,9/14/2018 16:00,105.36
TXN,9/17/2018 16:00,103.7
TXN,9/18/2018 16:00,104.91
TXN,9/19/2018 16:00,107.37
TXN,9/20/2018 16:00,108.49
TXN,9/21/2018 16:00,110.05
TXN,9/24/2018 16:00,109.8
TXN,9/25/2018 16:00,107.55
TXN,9/26/2018 16:00,106.22
TXN,9/27/2018 16:00,107.29
TXN,9/28/2018 16:00,107.29
TXN,10/1/2018 16:00,107.74
TXN,10/2/2018 16:00,108.46
TXN,10/3/2018 16:00,108.18
TXN,10/4/2018 16:00,105.87
TXN,10/5/2018 16:00,103.28
TXN,10/8/2018 16:00,101.93
TXN,10/9/2018 16:00,102.87
TXN,10/10/2018 16:00,99.24
TXN,10/11/2018 16:00,99.53
TXN,10/12/2018 16:00,101.09
TXN,10/15/2018 16:00,99.43
TXN,10/16/2018 16:00,102.15
TXN,10/17/2018 16:00,101.54
TXN,10/18/2018 16:00,99.54
TXN,10/19/2018 16:00,98.26
TXN,10/22/2018 16:00,99.72
TXN,10/23/2018 16:00,100.25
TXN,10/24/2018 16:00,92.01
TXN,10/25/2018 16:00,91.77
TXN,10/26/2018 16:00,90.56
TXN,10/29/2018 16:00,90.18
TXN,10/30/2018 16:00,92.99
TXN,10/31/2018 16:00,92.83
TXN,11/1/2018 16:00,97.6
TXN,11/2/2018 16:00,95.06
TXN,11/5/2018 16:00,95.66
TXN,11/6/2018 16:00,97.14
TXN,11/7/2018 16:00,97.2
TXN,11/8/2018 16:00,98.48
TXN,11/9/2018 16:00,96.1
TXN,11/12/2018 16:00,93.47
TXN,11/13/2018 16:00,94.48
TXN,11/14/2018 16:00,94.7
TXN,11/15/2018 16:00,97.96
TXN,11/16/2018 16:00,97.85
TXN,11/19/2018 16:00,94.62
TXN,11/20/2018 16:00,96.84
TXN,11/21/2018 16:00,96.13
TXN,11/23/2018 13:00,95.1
TXN,11/26/2018 16:00,96.38
TXN,11/27/2018 16:00,96.28
TXN,11/28/2018 16:00,98.26
TXN,11/29/2018 16:00,97.43
TXN,11/30/2018 16:00,99.85
TXN,12/3/2018 16:00,101.17
TXN,12/4/2018 16:00,96.11
TXN,12/6/2018 16:00,97.32
TXN,12/7/2018 16:00,92.38
TXN,12/10/2018 16:00,93.8
TXN,12/11/2018 16:00,94.54
TXN,12/12/2018 16:00,95.81
TXN,12/13/2018 16:00,95.84
TXN,12/14/2018 16:00,94.26
TXN,12/17/2018 16:00,91.92
TXN,12/18/2018 16:00,94.54
TXN,12/19/2018 16:00,90.53
TXN,12/20/2018 16:00,90.09
TXN,12/21/2018 16:00,90.41
TXN,12/24/2018 13:00,87.8
TXN,12/26/2018 16:00,92.98
TXN,12/27/2018 16:00,93.81
TXN,12/28/2018 16:00,93.81
TXN,12/31/2018 16:00,94.5
TXN,1/2/2019 16:00,94.45
TXN,1/3/2019 16:00,88.88
TXN,1/4/2019 16:00,92.9
TXN,1/7/2019 16:00,94.5
TXN,1/8/2019 16:00,94.38
TXN,1/9/2019 16:00,96.24
TXN,1/10/2019 16:00,97.72
TXN,1/11/2019 16:00,98.59
TXN,1/14/2019 16:00,96.33
TXN,1/15/2019 16:00,97.63
TXN,1/16/2019 16:00,97.17
TXN,1/17/2019 16:00,97.54
TXN,1/18/2019 16:00,99.42
TXN,1/22/2019 16:00,96.62
TXN,1/23/2019 16:00,95.49
TXN,1/24/2019 16:00,102.09
TXN,1/25/2019 16:00,104.41
TXN,1/28/2019 16:00,102.68
TXN,1/29/2019 16:00,101.35
TXN,1/30/2019 16:00,102.14
TXN,1/31/2019 16:00,100.68
TXN,2/1/2019 16:00,101.99
TXN,2/4/2019 16:00,101.8
TXN,2/5/2019 16:00,102.32
TXN,2/6/2019 16:00,106.48
TXN,2/7/2019 16:00,103.86
TXN,2/8/2019 16:00,104.55
TXN,2/11/2019 16:00,104.76
TXN,2/12/2019 16:00,106.44
TXN,2/13/2019 16:00,107.15
TXN,2/14/2019 16:00,106.97
TXN,2/15/2019 16:00,107.57
TXN,2/19/2019 16:00,107.28
TXN,2/20/2019 16:00,107.94
TXN,2/21/2019 16:00,106.64
TXN,2/22/2019 16:00,107.31
TXN,2/25/2019 16:00,108.19
TXN,2/26/2019 16:00,107.27
TXN,2/27/2019 16:00,105.71
TXN,2/28/2019 16:00,105.78
TXN,3/1/2019 16:00,106.76
TXN,3/4/2019 16:00,107.4
TXN,3/5/2019 16:00,106.57
TXN,3/6/2019 16:00,105.42
TXN,3/7/2019 16:00,104.95
TXN,3/8/2019 16:00,104.86
TXN,3/11/2019 16:00,106.45
TXN,3/12/2019 16:00,106.52
TXN,3/13/2019 16:00,107.58
TXN,3/14/2019 16:00,107.1
TXN,3/15/2019 16:00,110.74
TXN,3/18/2019 16:00,109.81
TXN,3/19/2019 16:00,110.02
TXN,3/20/2019 16:00,109.63
TXN,3/21/2019 16:00,112.22
TXN,3/22/2019 16:00,109.68
TXN,3/25/2019 16:00,107.11
TXN,3/26/2019 16:00,108.33
TXN,3/27/2019 16:00,105.97
TXN,3/28/2019 16:00,104.91
TXN,3/29/2019 16:00,106.07
TXN,4/1/2019 16:00,108.64
TXN,4/2/2019 16:00,110.28
TXN,4/3/2019 16:00,112.75
TXN,4/4/2019 16:00,113.24
TXN,4/5/2019 16:00,113.63
TXN,4/8/2019 16:00,115.22
TXN,4/9/2019 16:00,113.94
TXN,4/10/2019 16:00,114.92
TXN,4/11/2019 16:00,114.88
TXN,4/12/2019 16:00,116.76
TXN,4/15/2019 16:00,115.09
TXN,4/16/2019 16:00,116.37
TXN,4/17/2019 16:00,115.6
TXN,4/18/2019 16:00,115.51
TXN,4/22/2019 16:00,114.95
TXN,4/23/2019 16:00,116.38
TXN,4/24/2019 16:00,118.43
TXN,4/25/2019 16:00,117.17
TXN,4/26/2019 16:00,117.21
TXN,4/29/2019 16:00,116.7
TXN,4/30/2019 16:00,117.83
TXN,5/1/2019 16:00,116.29
TXN,5/2/2019 16:00,117.46
TXN,5/3/2019 16:00,117.47
TXN,5/6/2019 16:00,115.86
TXN,5/7/2019 16:00,113.93
TXN,5/8/2019 16:00,112.56
TXN,5/9/2019 16:00,112.15
TXN,5/10/2019 16:00,112.6
TXN,5/13/2019 16:00,107.11
TXN,5/14/2019 16:00,109.04
TXN,5/15/2019 16:00,110.29
TXN,5/16/2019 16:00,109.21
TXN,5/17/2019 16:00,106.79
TXN,5/20/2019 16:00,104.73
TXN,5/21/2019 16:00,107
TXN,5/22/2019 16:00,106.78
TXN,5/23/2019 16:00,105.83
TXN,5/24/2019 16:00,105.06
TXN,5/28/2019 16:00,103.21
TXN,5/29/2019 16:00,104.15
TXN,5/30/2019 16:00,105.44
TXN,5/31/2019 16:00,104.31
TXN,6/3/2019 16:00,105.17
TXN,6/4/2019 16:00,109.12
TXN,6/5/2019 16:00,109.48
TXN,6/6/2019 16:00,110.19
TXN,6/7/2019 16:00,111.17
TXN,6/10/2019 16:00,112.63
TXN,6/11/2019 16:00,112.93
TXN,6/12/2019 16:00,110.34
TXN,6/13/2019 16:00,111.18
TXN,6/14/2019 16:00,107.31
TXN,6/17/2019 16:00,106.72
TXN,6/18/2019 16:00,111.04
TXN,6/19/2019 16:00,111.3
TXN,6/20/2019 16:00,112.71
TXN,6/21/2019 16:00,112.32
TXN,6/24/2019 16:00,112.73
TXN,6/25/2019 16:00,111.48
TXN,6/26/2019 16:00,114.43
TXN,6/27/2019 16:00,115.86
TXN,6/28/2019 16:00,114.76
TXN,7/1/2019 16:00,117.19
TXN,7/2/2019 16:00,116.06
TXN,7/3/2019 13:00,115.94
TXN,7/5/2019 16:00,115.75
TXN,7/8/2019 16:00,114.93
TXN,7/9/2019 16:00,115.78
TXN,7/10/2019 16:00,116.64
TXN,7/11/2019 16:00,116.72
TXN,7/12/2019 16:00,118.32
TXN,7/15/2019 16:00,119.84
TXN,7/16/2019 16:00,118.68
TXN,7/17/2019 16:00,117.18
TXN,7/18/2019 16:00,118.57
TXN,7/19/2019 16:00,117.26
TXN,7/22/2019 16:00,118.18
TXN,7/23/2019 16:00,120.07
TXN,7/24/2019 16:00,129
TXN,7/25/2019 16:00,127.35
TXN,7/26/2019 16:00,128.16
TXN,7/29/2019 16:00,129.97
TXN,7/30/2019 16:00,128.54
TXN,7/31/2019 16:00,125.01
TXN,8/1/2019 16:00,123.45
TXN,8/2/2019 16:00,121.82
TXN,8/5/2019 16:00,116.93
TXN,8/6/2019 16:00,119
TXN,8/7/2019 16:00,120.72
TXN,8/8/2019 16:00,124.31
TXN,8/9/2019 16:00,120.61
TXN,8/12/2019 16:00,120.08
TXN,8/13/2019 16:00,123.34
TXN,8/14/2019 16:00,120.6
TXN,8/15/2019 16:00,119.85
TXN,8/16/2019 16:00,122.82
TXN,8/19/2019 16:00,124.6
TXN,8/20/2019 16:00,124.31
TXN,8/21/2019 16:00,126.04
TXN,8/22/2019 16:00,125.21
TXN,8/23/2019 16:00,120.29
TXN,8/26/2019 16:00,121.67
TXN,8/27/2019 16:00,122.18
TXN,8/28/2019 16:00,122.74
TXN,8/29/2019 16:00,123.57
TXN,8/30/2019 16:00,123.75
TXN,9/3/2019 16:00,121.74
TXN,9/4/2019 16:00,124.59
TXN,9/5/2019 16:00,126.81
TXN,9/6/2019 16:00,127.09
TXN,9/9/2019 16:00,127.1
TXN,9/10/2019 16:00,127.04
TXN,9/11/2019 16:00,128.58
TXN,9/12/2019 16:00,130.22
TXN,9/13/2019 16:00,129.61
TXN,9/16/2019 16:00,128.36
TXN,9/17/2019 16:00,129.56
TXN,9/18/2019 16:00,129.31
TXN,9/19/2019 16:00,128.83
TXN,9/20/2019 16:00,126.67
TXN,9/23/2019 16:00,127.77
TXN,9/24/2019 16:00,125.81
TXN,9/25/2019 16:00,127.74
TXN,9/26/2019 16:00,128.11
TXN,9/27/2019 16:00,127.14
TXN,9/30/2019 16:00,129.24
TXN,10/1/2019 16:00,128.59
TXN,10/2/2019 16:00,126.84
TXN,10/3/2019 16:00,128.7
TXN,10/4/2019 16:00,130.14
TXN,10/7/2019 16:00,128.85
TXN,10/8/2019 16:00,124.98
TXN,10/9/2019 16:00,127.44
TXN,10/10/2019 16:00,127.73
TXN,10/11/2019 16:00,130.09
TXN,10/14/2019 16:00,129.75
TXN,10/15/2019 16:00,131.69
TXN,10/16/2019 16:00,129.5
TXN,10/17/2019 16:00,130.13
TXN,10/18/2019 16:00,129.46
TXN,10/21/2019 16:00,130.93
TXN,10/22/2019 16:00,128.57
TXN,10/23/2019 16:00,118.95
TXN,10/24/2019 16:00,118.41
TXN,10/25/2019 16:00,120.51
TXN,10/28/2019 16:00,120
TXN,10/29/2019 16:00,120.29
TXN,10/30/2019 16:00,117.79
TXN,10/31/2019 16:00,117.99
TXN,11/1/2019 16:00,118.04
TXN,11/4/2019 16:00,120.97
TXN,11/5/2019 16:00,119.86
TXN,11/6/2019 16:00,120.36
TXN,11/7/2019 16:00,119.92
TXN,11/8/2019 16:00,120.11
TXN,11/11/2019 16:00,118.08
TXN,11/12/2019 16:00,119.02
TXN,11/13/2019 16:00,118.42
TXN,11/14/2019 16:00,117.57
TXN,11/15/2019 16:00,118
TXN,11/18/2019 16:00,117.89
TXN,11/19/2019 16:00,117.84
TXN,11/20/2019 16:00,116.23
TXN,11/21/2019 16:00,116.1
TXN,11/22/2019 16:00,117.01
TXN,11/25/2019 16:00,119.01
TXN,11/26/2019 16:00,119.13
TXN,11/27/2019 16:00,121.73
TXN,11/29/2019 13:00,120.21
TXN,12/2/2019 16:00,118.79
TXN,12/3/2019 16:00,117.75
TXN,12/4/2019 16:00,120.28
TXN,12/5/2019 16:00,120.74
TXN,12/6/2019 16:00,122.37
TXN,12/9/2019 16:00,122
TXN,12/10/2019 16:00,121.37
TXN,12/11/2019 16:00,123.72
TXN,12/12/2019 16:00,126.07
TXN,12/13/2019 16:00,126.64
TXN,12/16/2019 16:00,127.07
TXN,12/17/2019 16:00,127.09
TXN,12/18/2019 16:00,126.35
TXN,12/19/2019 16:00,126.4
TXN,12/20/2019 16:00,128.95
TXN,12/23/2019 16:00,128.55
TXN,12/24/2019 13:00,128.53
TXN,12/26/2019 16:00,128.48
TXN,12/27/2019 16:00,128.57
TXN,12/30/2019 16:00,127.66
TXN,12/31/2019 16:00,128.29
TXN,1/2/2020 16:00,129.57
TXN,1/3/2020 16:00,127.85
TXN,1/6/2020 16:00,126.96
TXN,1/7/2020 16:00,129.41
TXN,1/8/2020 16:00,129.76
TXN,1/9/2020 16:00,131.33
TXN,1/10/2020 16:00,130
TXN,1/13/2020 16:00,129.95
TXN,1/14/2020 16:00,130.67
TXN,1/15/2020 16:00,129.17
TXN,1/16/2020 16:00,130.16
TXN,1/17/2020 16:00,131.7
TXN,1/21/2020 16:00,130.86
TXN,1/22/2020 16:00,133.34
TXN,1/23/2020 16:00,134.25
TXN,1/24/2020 16:00,130.52
TXN,1/27/2020 16:00,126.31
TXN,1/28/2020 16:00,128.04
TXN,1/29/2020 16:00,125.49
TXN,1/30/2020 16:00,124.42
TXN,1/31/2020 16:00,120.65
TXN,2/3/2020 16:00,123.4
TXN,2/4/2020 16:00,126.47
TXN,2/5/2020 16:00,132.44
TXN,2/6/2020 16:00,132.52
TXN,2/7/2020 16:00,128.7
TXN,2/10/2020 16:00,129.65
TXN,2/11/2020 16:00,130.7
TXN,2/12/2020 16:00,132.42
TXN,2/13/2020 16:00,132.81
TXN,2/14/2020 16:00,132.21
TXN,2/18/2020 16:00,131.24
TXN,2/19/2020 16:00,133.13
TXN,2/20/2020 16:00,131.47
TXN,2/21/2020 16:00,128.52
TXN,2/24/2020 16:00,121.44
TXN,2/25/2020 16:00,118.38
TXN,2/26/2020 16:00,118.79
TXN,2/27/2020 16:00,113.13
TXN,2/28/2020 16:00,114.14
TXN,3/2/2020 16:00,118.97
TXN,3/3/2020 16:00,113.81
TXN,3/4/2020 16:00,119.05
TXN,3/5/2020 16:00,114.72
TXN,3/6/2020 16:00,113.16
TXN,3/9/2020 16:00,105.04
TXN,3/10/2020 16:00,112.12
TXN,3/11/2020 16:00,106.5
TXN,3/12/2020 16:00,97.53
TXN,3/13/2020 16:00,106.04
TXN,3/16/2020 16:00,93.5
TXN,3/17/2020 16:00,106.15
TXN,3/18/2020 16:00,100
TXN,3/19/2020 16:00,101.57
TXN,3/20/2020 16:00,97.6
TXN,3/23/2020 16:00,98.44
TXN,3/24/2020 16:00,105.36
TXN,3/25/2020 16:00,99.16
TXN,3/26/2020 16:00,107.76
TXN,3/27/2020 16:00,100.5
TXN,3/30/2020 16:00,102.02
TXN,3/31/2020 16:00,99.93
TXN,4/1/2020 16:00,96.89
TXN,4/2/2020 16:00,102.02
TXN,4/3/2020 16:00,99.98
TXN,4/6/2020 16:00,108.96
TXN,4/7/2020 16:00,106.26
TXN,4/8/2020 16:00,110.17
TXN,4/9/2020 16:00,107.69
TXN,4/13/2020 16:00,107.67
TXN,4/14/2020 16:00,110.95
TXN,4/15/2020 16:00,107.98
TXN,4/16/2020 16:00,111.39
TXN,4/17/2020 16:00,113.55
TXN,4/20/2020 16:00,111.53
TXN,4/21/2020 16:00,106.84
TXN,4/22/2020 16:00,111.98
TXN,4/23/2020 16:00,110.46
TXN,4/24/2020 16:00,113.93
TXN,4/27/2020 16:00,115.78
TXN,4/28/2020 16:00,114.24
TXN,4/29/2020 16:00,119.4
TXN,4/30/2020 16:00,116.07
TXN,5/1/2020 16:00,109.71
TXN,5/4/2020 16:00,110.5
TXN,5/5/2020 16:00,111.54
TXN,5/6/2020 16:00,112.42
TXN,5/7/2020 16:00,113.65
TXN,5/8/2020 16:00,115
TXN,5/11/2020 16:00,114.88
TXN,5/12/2020 16:00,111.69
TXN,5/13/2020 16:00,109.07
TXN,5/14/2020 16:00,110.35
TXN,5/15/2020 16:00,108.24
TXN,5/18/2020 16:00,114.42
TXN,5/19/2020 16:00,112.68
TXN,5/20/2020 16:00,117.48
TXN,5/21/2020 16:00,113.46
TXN,5/22/2020 16:00,113.43
TXN,5/26/2020 16:00,115.73
TXN,5/27/2020 16:00,117.82
TXN,5/28/2020 16:00,115.87
TXN,5/29/2020 16:00,118.74
TXN,6/1/2020 16:00,117.86
TXN,6/2/2020 16:00,122.67
TXN,6/3/2020 16:00,127.21
TXN,6/4/2020 16:00,128.58
TXN,6/5/2020 16:00,131.44
TXN,6/8/2020 16:00,132.86
TXN,6/9/2020 16:00,132.12
TXN,6/10/2020 16:00,131.4
TXN,6/11/2020 16:00,124.61
TXN,6/12/2020 16:00,123.97
TXN,6/15/2020 16:00,124.23
TXN,6/16/2020 16:00,126.11
TXN,6/17/2020 16:00,126.22
TXN,6/18/2020 16:00,125.98
TXN,6/19/2020 16:00,124.89
TXN,6/22/2020 16:00,125.23
TXN,6/23/2020 16:00,126.62
TXN,6/24/2020 16:00,123.99
TXN,6/25/2020 16:00,125.06
TXN,6/26/2020 16:00,123.37
TXN,6/29/2020 16:00,124.77
TXN,6/30/2020 16:00,126.97
TXN,7/1/2020 16:00,124.8
TXN,7/2/2020 16:00,125.81
TXN,7/6/2020 16:00,129.53
TXN,7/7/2020 16:00,128.6
TXN,7/8/2020 16:00,129.26
TXN,7/9/2020 16:00,130.43
TXN,7/10/2020 16:00,130.53
TXN,7/13/2020 16:00,128.82
TXN,7/14/2020 16:00,131.89
TXN,7/15/2020 16:00,132.15
TXN,7/16/2020 16:00,132.18
TXN,7/17/2020 16:00,133.89
TXN,7/20/2020 16:00,136.58
TXN,7/21/2020 16:00,135.48
TXN,7/22/2020 16:00,132.53
TXN,7/23/2020 16:00,129.04
TXN,7/24/2020 16:00,129.63
TXN,7/27/2020 16:00,132.12
TXN,7/28/2020 16:00,130.13
TXN,7/29/2020 16:00,131.64
TXN,7/30/2020 16:00,128.89
TXN,7/31/2020 16:00,127.55
TXN,8/3/2020 16:00,129.32
TXN,8/4/2020 16:00,132.23
TXN,8/5/2020 16:00,132.7
TXN,8/6/2020 16:00,133.74
TXN,8/7/2020 16:00,133.56
TXN,8/10/2020 16:00,135.41
TXN,8/11/2020 16:00,136.04
TXN,8/12/2020 16:00,138.64
TXN,8/13/2020 16:00,137.15
TXN,8/14/2020 16:00,137.35
TXN,8/17/2020 16:00,138.28
TXN,8/18/2020 16:00,139.31
TXN,8/19/2020 16:00,138.48
TXN,8/20/2020 16:00,138.57
TXN,8/21/2020 16:00,140.33
TXN,8/24/2020 16:00,141.02
TXN,8/25/2020 16:00,141.66
TXN,8/26/2020 16:00,142.45
TXN,8/27/2020 16:00,141.49
TXN,8/28/2020 16:00,143.49
TXN,8/31/2020 16:00,142.15
TXN,9/1/2020 16:00,144.96
TXN,9/2/2020 16:00,147.64
TXN,9/3/2020 16:00,141.67
TXN,9/4/2020 16:00,140.47
TXN,9/8/2020 16:00,136.04
TXN,9/9/2020 16:00,139.68
TXN,9/10/2020 16:00,137.19
TXN,9/11/2020 16:00,136.37
TXN,9/14/2020 16:00,138.53
TXN,9/15/2020 16:00,140.64
TXN,9/16/2020 16:00,139.68
TXN,9/17/2020 16:00,140.4
TXN,9/18/2020 16:00,138.66
TXN,9/21/2020 16:00,136.98
TXN,9/22/2020 16:00,138.65
TXN,9/23/2020 16:00,135.16
TXN,9/24/2020 16:00,136.69
TXN,9/25/2020 16:00,138.32
TXN,9/28/2020 16:00,141.94
TXN,9/29/2020 16:00,141.5
TXN,9/30/2020 16:00,142.79
TXN,10/1/2020 16:00,144.91
TXN,10/2/2020 16:00,141.09
TXN,10/5/2020 16:00,144.08
TXN,10/6/2020 16:00,143.85
TXN,10/7/2020 16:00,146.75
TXN,10/8/2020 16:00,148.06
TXN,10/9/2020 16:00,150.91
TXN,10/12/2020 16:00,154.9
TXN,10/13/2020 16:00,154.49
TXN,10/14/2020 16:00,152.77
TXN,10/15/2020 16:00,152.55
TXN,10/16/2020 16:00,153.12
TXN,10/19/2020 16:00,150.76
TXN,10/20/2020 16:00,150.83
TXN,10/21/2020 16:00,146.13
TXN,10/22/2020 16:00,148.22
TXN,10/23/2020 16:00,149.96
TXN,10/26/2020 16:00,145.95
TXN,10/27/2020 16:00,147.12
TXN,10/28/2020 16:00,143
TXN,10/29/2020 16:00,146.19
TXN,10/30/2020 16:00,144.59
TXN,11/2/2020 16:00,145.6
TXN,11/3/2020 16:00,147.3
TXN,11/4/2020 16:00,152.03
TXN,11/5/2020 16:00,155.56
TXN,11/6/2020 16:00,157.74
TXN,11/9/2020 16:00,156.22
TXN,11/10/2020 16:00,151.49
TXN,11/11/2020 16:00,155.7
TXN,11/12/2020 16:00,154.5
TXN,11/13/2020 16:00,156.65
TXN,11/16/2020 16:00,158.31
TXN,11/17/2020 16:00,155.5
TXN,11/18/2020 16:00,153.55
TXN,11/19/2020 16:00,157.27
TXN,11/20/2020 16:00,156.82
TXN,11/23/2020 16:00,157.42
TXN,11/24/2020 16:00,159.35
TXN,11/25/2020 16:00,157.6
TXN,11/27/2020 13:00,158.99
TXN,11/30/2020 16:00,161.25
TXN,12/1/2020 16:00,163.49
TXN,12/2/2020 16:00,162.72
TXN,12/3/2020 16:00,161.98
TXN,12/4/2020 16:00,166.52
TXN,12/7/2020 16:00,166.29
TXN,12/8/2020 16:00,166.68
TXN,12/9/2020 16:00,162.76
TXN,12/10/2020 16:00,162
TXN,12/11/2020 16:00,160.61
TXN,12/14/2020 16:00,160.12
TXN,12/15/2020 16:00,162.38
TXN,12/16/2020 16:00,162.12
TXN,12/17/2020 16:00,162.69
TXN,12/18/2020 16:00,164.07
TXN,12/21/2020 16:00,162.43
TXN,12/22/2020 16:00,162.52
TXN,12/23/2020 16:00,160.98
TXN,12/24/2020 13:00,161.64
TXN,12/28/2020 16:00,161.47
TXN,12/29/2020 16:00,161.18
TXN,12/30/2020 16:00,162.7
TXN,12/31/2020 16:00,164.13
TXN,1/4/2021 16:00,162.22
TXN,1/5/2021 16:00,163.41
TXN,1/6/2021 16:00,164.22
TXN,1/7/2021 16:00,167.94
TXN,1/8/2021 16:00,171.16
TXN,1/11/2021 16:00,171.31
TXN,1/12/2021 16:00,172.3
TXN,1/13/2021 16:00,171.41
TXN,1/14/2021 16:00,171.71
TXN,1/15/2021 16:00,169.19
TXN,1/19/2021 16:00,174.19
TXN,1/20/2021 16:00,173.33
TXN,1/21/2021 16:00,175.1
TXN,1/22/2021 16:00,172.81
TXN,1/25/2021 16:00,172.92
TXN,1/26/2021 16:00,171.47
TXN,1/27/2021 16:00,162.93
TXN,1/28/2021 16:00,169.23
TXN,1/29/2021 16:00,165.69
TXN,2/1/2021 16:00,172.46
TXN,2/2/2021 16:00,174.75
TXN,2/3/2021 16:00,168.58
TXN,2/4/2021 16:00,172
TXN,2/5/2021 16:00,169.93
TXN,2/8/2021 16:00,175.12
TXN,2/9/2021 16:00,173.69
TXN,2/10/2021 16:00,174.36
TXN,2/11/2021 16:00,179.22
TXN,2/12/2021 16:00,179.64
TXN,2/16/2021 16:00,180.76
TXN,2/17/2021 16:00,178.53
TXN,2/18/2021 16:00,176.51
TXN,2/19/2021 16:00,178.35
TXN,2/22/2021 16:00,173.09
TXN,2/23/2021 16:00,172.85
TXN,2/24/2021 16:00,179.39
TXN,2/25/2021 16:00,170.53
TXN,2/26/2021 16:00,172.27
TXN,3/1/2021 16:00,177.67
TXN,3/2/2021 16:00,174.89
TXN,3/3/2021 16:00,170.59
TXN,3/4/2021 16:00,163.25
TXN,3/5/2021 16:00,167.94
TXN,3/8/2021 16:00,162.11
TXN,3/9/2021 16:00,170.36
TXN,3/10/2021 16:00,169.42
TXN,3/11/2021 16:00,174.95
TXN,3/12/2021 16:00,173.57
TXN,3/15/2021 16:00,174.91
TXN,3/16/2021 16:00,177.14
TXN,3/17/2021 16:00,179.35
TXN,3/18/2021 16:00,174.36
TXN,3/19/2021 16:00,175.98
TXN,3/22/2021 16:00,180.1
TXN,3/23/2021 16:00,178.78
TXN,3/24/2021 16:00,178.9
TXN,3/25/2021 16:00,178.49
TXN,3/26/2021 16:00,188.2
TXN,3/29/2021 16:00,186.18
TXN,3/30/2021 16:00,185.94
TXN,3/31/2021 16:00,188.99
TXN,4/1/2021 16:00,192.06
TXN,4/5/2021 16:00,196.93
TXN,4/6/2021 16:00,194.59
TXN,4/7/2021 16:00,193.09
TXN,4/8/2021 16:00,195.2
TXN,4/9/2021 16:00,195.43
TXN,4/12/2021 16:00,192.43
TXN,4/13/2021 16:00,191.24
TXN,4/14/2021 16:00,190.33
TXN,4/15/2021 16:00,193.17
TXN,4/16/2021 16:00,191.93
TXN,4/19/2021 16:00,187.06
TXN,4/20/2021 16:00,185.27
TXN,4/21/2021 16:00,188.9
TXN,4/22/2021 16:00,185.8
TXN,4/23/2021 16:00,188.82
TXN,4/26/2021 16:00,191.36
TXN,4/27/2021 16:00,190.21
TXN,4/28/2021 16:00,181.82
TXN,4/29/2021 16:00,185.82
TXN,4/30/2021 16:00,180.51
TXN,5/3/2021 16:00,178.8
TXN,5/4/2021 16:00,179.03
TXN,5/5/2021 16:00,181.65
TXN,5/6/2021 16:00,184.27
TXN,5/7/2021 16:00,187.76
TXN,5/10/2021 16:00,182.05
TXN,5/11/2021 16:00,183.2
TXN,5/12/2021 16:00,176.6
TXN,5/13/2021 16:00,178.99
TXN,5/14/2021 16:00,183.27
TXN,5/17/2021 16:00,180.83
TXN,5/18/2021 16:00,178.87
TXN,5/19/2021 16:00,181.72
TXN,5/20/2021 16:00,185.3
TXN,5/21/2021 16:00,185.01
TXN,5/24/2021 16:00,188.69
TXN,5/25/2021 16:00,188.7
TXN,5/26/2021 16:00,188.36
TXN,5/27/2021 16:00,189.13
TXN,5/28/2021 16:00,189.82
TXN,6/1/2021 16:00,189
TXN,6/2/2021 16:00,190.75
TXN,6/3/2021 16:00,186
TXN,6/4/2021 16:00,190.07
TXN,6/7/2021 16:00,188.55
TXN,6/8/2021 16:00,186.93
TXN,6/9/2021 16:00,186.45
TXN,6/10/2021 16:00,188
TXN,6/11/2021 16:00,188.67
TXN,6/14/2021 16:00,190.26
TXN,6/15/2021 16:00,188.61
TXN,6/16/2021 16:00,187.73
TXN,6/17/2021 16:00,187.65
TXN,6/18/2021 16:00,183.07
TXN,6/21/2021 16:00,186.11
TXN,6/22/2021 16:00,187.04
TXN,6/23/2021 16:00,186.1
TXN,6/24/2021 16:00,188.61
TXN,6/25/2021 16:00,188.17
TXN,6/28/2021 16:00,191.53
TXN,6/29/2021 16:00,192.88
TXN,6/30/2021 16:00,192.3
TXN,7/1/2021 16:00,190.84
TXN,7/2/2021 16:00,192.21
TXN,7/6/2021 16:00,191.2
TXN,7/7/2021 16:00,189.78
TXN,7/8/2021 16:00,188.24
TXN,7/9/2021 16:00,190.27
TXN,7/12/2021 16:00,191.92
TXN,7/13/2021 16:00,191.2
TXN,7/14/2021 16:00,191.28
TXN,7/15/2021 16:00,188.26
TXN,7/16/2021 16:00,186.12
TXN,7/19/2021 16:00,186.24
TXN,7/20/2021 16:00,187.77
TXN,7/21/2021 16:00,194.24
TXN,7/22/2021 16:00,183.91
TXN,7/23/2021 16:00,186.85
TXN,7/26/2021 16:00,188.26
TXN,7/27/2021 16:00,185.13
TXN,7/28/2021 16:00,186.85
TXN,7/29/2021 16:00,189.83
TXN,7/30/2021 16:00,190.62
TXN,8/2/2021 16:00,190.72
TXN,8/3/2021 16:00,189.34
TXN,8/4/2021 16:00,192.38
TXN,8/5/2021 16:00,193.16
TXN,8/6/2021 16:00,192.96
TXN,8/9/2021 16:00,190.45
TXN,8/10/2021 16:00,189.65
TXN,8/11/2021 16:00,189.5
TXN,8/12/2021 16:00,187.87
TXN,8/13/2021 16:00,188.7
TXN,8/16/2021 16:00,189.85
TXN,8/17/2021 16:00,186.32
TXN,8/18/2021 16:00,183.8
TXN,8/19/2021 16:00,185.04
TXN,8/20/2021 16:00,184.97
TXN,8/23/2021 16:00,187.85
TXN,8/24/2021 16:00,187.82
TXN,8/25/2021 16:00,188.09
TXN,8/26/2021 16:00,187.97
TXN,8/27/2021 16:00,190.52
TXN,8/30/2021 16:00,191.43
TXN,8/31/2021 16:00,190.91
TXN,9/1/2021 16:00,188.35
TXN,9/2/2021 16:00,189.41
TXN,9/3/2021 16:00,189.88
TXN,9/7/2021 16:00,189.46
TXN,9/8/2021 16:00,188.8
TXN,9/9/2021 16:00,188.47
TXN,9/10/2021 16:00,190.65
TXN,9/13/2021 16:00,193.98
TXN,9/14/2021 16:00,195.11
TXN,9/15/2021 16:00,197.5
TXN,9/16/2021 16:00,196.82
TXN,9/17/2021 16:00,196.25
TXN,9/20/2021 16:00,192.59
TXN,9/21/2021 16:00,192.96
TXN,9/22/2021 16:00,195.92
TXN,9/23/2021 16:00,198.67
TXN,9/24/2021 16:00,200.65
TXN,9/27/2021 16:00,200.33
TXN,9/28/2021 16:00,194.89
TXN,9/29/2021 16:00,193.07
TXN,9/30/2021 16:00,192.21
TXN,10/1/2021 16:00,193.79
TXN,10/4/2021 16:00,190.4
TXN,10/5/2021 16:00,193.88
TXN,10/6/2021 16:00,194.39
TXN,10/7/2021 16:00,195.31
TXN,10/8/2021 16:00,195.24
TXN,10/11/2021 16:00,193.37
TXN,10/12/2021 16:00,188.48
TXN,10/13/2021 16:00,187.1
TXN,10/14/2021 16:00,192.49
TXN,10/15/2021 16:00,194.45
TXN,10/18/2021 16:00,194.91
TXN,10/19/2021 16:00,198.23
TXN,10/20/2021 16:00,199.38
TXN,10/21/2021 16:00,201.29
TXN,10/22/2021 16:00,199.07
TXN,10/25/2021 16:00,200.2
TXN,10/26/2021 16:00,196.98
TXN,10/27/2021 16:00,187.1
TXN,10/28/2021 16:00,187.87
TXN,10/29/2021 16:00,187.48
TXN,11/1/2021 16:00,187.47
TXN,11/2/2021 16:00,189.34
TXN,11/3/2021 16:00,189.19
TXN,11/4/2021 16:00,191.11
TXN,11/5/2021 16:00,193.4
TXN,11/8/2021 16:00,192.36
TXN,11/9/2021 16:00,190.79
TXN,11/10/2021 16:00,187.02
TXN,11/11/2021 16:00,188.6
TXN,11/12/2021 16:00,190.08
TXN,11/15/2021 16:00,189.23
TXN,11/16/2021 16:00,188.52
TXN,11/17/2021 16:00,189.57
TXN,11/18/2021 16:00,193.47
TXN,11/19/2021 16:00,195.16
TXN,11/22/2021 16:00,192.5
TXN,11/23/2021 16:00,192.64
TXN,11/24/2021 16:00,193.6
TXN,11/26/2021 13:00,188.26
TXN,11/29/2021 16:00,194.38
TXN,11/30/2021 16:00,192.37
TXN,12/1/2021 16:00,191.76
TXN,12/2/2021 16:00,193.58
TXN,12/3/2021 16:00,193.38
TXN,12/6/2021 16:00,194.61
TXN,12/7/2021 16:00,199.03
TXN,12/8/2021 16:00,196.39
TXN,12/9/2021 16:00,193.4
TXN,12/10/2021 16:00,196
TXN,12/13/2021 16:00,193.24
TXN,12/14/2021 16:00,190.27
TXN,12/15/2021 16:00,193.44
TXN,12/16/2021 16:00,188.24
TXN,12/17/2021 16:00,186.3
TXN,12/20/2021 16:00,184.24
TXN,12/21/2021 16:00,186.37
TXN,12/22/2021 16:00,186.93
TXN,12/23/2021 16:00,187.4
TXN,12/27/2021 16:00,191.84
TXN,12/28/2021 16:00,191.1
TXN,12/29/2021 16:00,190.81
TXN,12/30/2021 16:00,189.41
TXN,12/31/2021 16:00,188.47
TXN,1/3/2022 16:00,190.6
TXN,1/4/2022 16:00,190.8
TXN,1/5/2022 16:00,186.82
TXN,1/6/2022 16:00,186.76
TXN,1/7/2022 16:00,179.44
TXN,1/10/2022 16:00,182.96
TXN,1/11/2022 16:00,184.64
TXN,1/12/2022 16:00,186.03
TXN,1/13/2022 16:00,184.15
TXN,1/14/2022 16:00,187.01
TXN,1/18/2022 16:00,182.28
TXN,1/19/2022 16:00,178.3
TXN,1/20/2022 16:00,173.45
TXN,1/21/2022 16:00,175.64
TXN,1/24/2022 16:00,178.34
TXN,1/25/2022 16:00,173.96
TXN,1/26/2022 16:00,178.33
TXN,1/27/2022 16:00,174.81
TXN,1/28/2022 16:00,177.29
TXN,1/31/2022 16:00,179.49
TXN,2/1/2022 16:00,181.29
TXN,2/2/2022 16:00,187.84
TXN,2/3/2022 16:00,175.59
TXN,2/4/2022 16:00,171.42
TXN,2/7/2022 16:00,169.95
TXN,2/8/2022 16:00,172.63
TXN,2/9/2022 16:00,176.71
TXN,2/10/2022 16:00,170.66
TXN,2/11/2022 16:00,164.4
TXN,2/14/2022 16:00,162.47
TXN,2/15/2022 16:00,166.17
TXN,2/16/2022 16:00,168.24
TXN,2/17/2022 16:00,164.65
TXN,2/18/2022 16:00,166.74
TXN,2/22/2022 16:00,166.69
TXN,2/23/2022 16:00,165.64
TXN,2/24/2022 16:00,169.59
TXN,2/25/2022 16:00,170.82
TXN,2/28/2022 16:00,169.99
TXN,3/1/2022 16:00,167.29
TXN,3/2/2022 16:00,170.1
TXN,3/3/2022 16:00,171
TXN,3/4/2022 16:00,169.98
TXN,3/7/2022 16:00,164.89
TXN,3/8/2022 16:00,167.34
TXN,3/9/2022 16:00,172.46
TXN,3/10/2022 16:00,172.75
TXN,3/11/2022 16:00,170.36
TXN,3/14/2022 16:00,166.72
TXN,3/15/2022 16:00,172.32
TXN,3/16/2022 16:00,176.33
TXN,3/17/2022 16:00,178.47
TXN,3/18/2022 16:00,180.1
TXN,3/21/2022 16:00,180.46
TXN,3/22/2022 16:00,182.35
TXN,3/23/2022 16:00,179.08
TXN,3/24/2022 16:00,184.21
TXN,3/25/2022 16:00,184.9
TXN,3/28/2022 16:00,185.68
TXN,3/29/2022 16:00,191.01
TXN,3/30/2022 16:00,187.45
TXN,3/31/2022 16:00,183.48
TXN,4/1/2022 16:00,182.08
TXN,4/4/2022 16:00,182.71
TXN,4/5/2022 16:00,177.18
TXN,4/6/2022 16:00,177.25
TXN,4/7/2022 16:00,177.6
TXN,4/8/2022 16:00,174.11
TXN,4/11/2022 16:00,171.94
TXN,4/12/2022 16:00,173
TXN,4/13/2022 16:00,175.11
TXN,4/14/2022 16:00,173.66
TXN,4/18/2022 16:00,176.56
TXN,4/19/2022 16:00,179.06
TXN,4/20/2022 16:00,179.42
TXN,4/21/2022 16:00,177.23
TXN,4/22/2022 16:00,173.31
TXN,4/25/2022 16:00,173.91
TXN,4/26/2022 16:00,168.44
TXN,4/27/2022 16:00,169.39
TXN,4/28/2022 16:00,175.85
TXN,4/29/2022 16:00,170.25
TXN,5/2/2022 16:00,174
TXN,5/3/2022 16:00,172.54
TXN,5/4/2022 16:00,176.23
TXN,5/5/2022 16:00,170.28
TXN,5/6/2022 16:00,167.45
TXN,5/9/2022 16:00,164.94
TXN,5/10/2022 16:00,168.24
TXN,5/11/2022 16:00,164.69
TXN,5/12/2022 16:00,165.9
TXN,5/13/2022 16:00,169.74
TXN,5/16/2022 16:00,168.5
TXN,5/17/2022 16:00,174.98
TXN,5/18/2022 16:00,170.3
TXN,5/19/2022 16:00,167.62
TXN,5/20/2022 16:00,169.81
TXN,5/23/2022 16:00,169.93
TXN,5/24/2022 16:00,167.86
TXN,5/25/2022 16:00,170.01
TXN,5/26/2022 16:00,174.13
TXN,5/27/2022 16:00,177.97
TXN,5/31/2022 16:00,176.76
TXN,6/1/2022 16:00,174.42
TXN,6/2/2022 16:00,176.72
TXN,6/3/2022 16:00,172.33
TXN,6/6/2022 16:00,167.76
TXN,6/7/2022 16:00,169.85
TXN,6/8/2022 16:00,165.37
TXN,6/9/2022 16:00,161.58
TXN,6/10/2022 16:00,157.78
TXN,6/13/2022 16:00,153.53
TXN,6/14/2022 16:00,154.08
TXN,6/15/2022 16:00,155.92
TXN,6/16/2022 16:00,151.37
TXN,6/17/2022 16:00,150.2
TXN,6/21/2022 16:00,153.46
TXN,6/22/2022 16:00,152.6
TXN,6/23/2022 16:00,151.14
TXN,6/24/2022 16:00,155.95
TXN,6/27/2022 16:00,155.62
TXN,6/28/2022 16:00,154.16
TXN,6/29/2022 16:00,152.78
TXN,6/30/2022 16:00,153.65
TXN,7/1/2022 16:00,148.54
TXN,7/5/2022 16:00,149.1
TXN,7/6/2022 16:00,150.81
TXN,7/7/2022 16:00,154.69
TXN,7/8/2022 16:00,155.53
TXN,7/11/2022 16:00,153.56
TXN,7/12/2022 16:00,154.46
TXN,7/13/2022 16:00,154.29
TXN,7/14/2022 16:00,157.85
TXN,7/15/2022 16:00,160.54
TXN,7/18/2022 16:00,159.67
TXN,7/19/2022 16:00,164.64
TXN,7/20/2022 16:00,165.33
TXN,7/21/2022 16:00,166.54
TXN,7/22/2022 16:00,163.9
TXN,7/25/2022 16:00,163.2
TXN,7/26/2022 16:00,160.84
TXN,7/27/2022 16:00,171.54
TXN,7/28/2022 16:00,175.75
TXN,7/29/2022 16:00,178.89
TXN,8/1/2022 16:00,178.8
TXN,8/2/2022 16:00,177.22
TXN,8/3/2022 16:00,183.47
TXN,8/4/2022 16:00,184.91
TXN,8/5/2022 16:00,184.3
TXN,8/8/2022 16:00,182.8
TXN,8/9/2022 16:00,177.71
TXN,8/10/2022 16:00,183.12
TXN,8/11/2022 16:00,182.06
TXN,8/12/2022 16:00,185.38
TXN,8/15/2022 16:00,185.4
TXN,8/16/2022 16:00,183.36
TXN,8/17/2022 16:00,176.71
TXN,8/18/2022 16:00,178.46
TXN,8/19/2022 16:00,176.45
TXN,8/22/2022 16:00,171.44
TXN,8/23/2022 16:00,172.52
TXN,8/24/2022 16:00,172.19
TXN,8/25/2022 16:00,177.31
TXN,8/26/2022 16:00,169.49
TXN,8/29/2022 16:00,167.94
TXN,8/30/2022 16:00,166.74
TXN,8/31/2022 16:00,165.21
TXN,9/1/2022 16:00,166.16
TXN,9/2/2022 16:00,163
TXN,9/6/2022 16:00,163.1
TXN,9/7/2022 16:00,165.82
TXN,9/8/2022 16:00,168.41
TXN,9/9/2022 16:00,170.74
TXN,9/12/2022 16:00,170.58
TXN,9/13/2022 16:00,162.65
TXN,9/14/2022 16:00,165.26
TXN,9/15/2022 16:00,162.67
TXN,9/16/2022 16:00,165.26
TXN,9/19/2022 16:00,166.25
TXN,9/20/2022 16:00,166.06
TXN,9/21/2022 16:00,163.3
TXN,9/22/2022 16:00,162.62
TXN,9/23/2022 16:00,161.29
TXN,9/26/2022 16:00,160.46
TXN,9/27/2022 16:00,160.71
TXN,9/28/2022 16:00,162.8
TXN,9/29/2022 16:00,158.45
TXN,9/30/2022 16:00,154.78
TXN,10/3/2022 16:00,159.84
TXN,10/4/2022 16:00,165.15
TXN,10/5/2022 16:00,167.8
TXN,10/6/2022 16:00,166.54
TXN,10/7/2022 16:00,159.28
TXN,10/10/2022 16:00,156.79
TXN,10/11/2022 16:00,153.45
TXN,10/12/2022 16:00,151.55
TXN,10/13/2022 16:00,154.34
TXN,10/14/2022 16:00,148.34
TXN,10/17/2022 16:00,150.99
TXN,10/18/2022 16:00,151.51
TXN,10/19/2022 16:00,152.65
TXN,10/20/2022 16:00,153.72
TXN,10/21/2022 16:00,159.72
TXN,10/24/2022 16:00,161.65
TXN,10/25/2022 16:00,162.16
TXN,10/26/2022 16:00,157.87
TXN,10/27/2022 16:00,156.76
TXN,10/28/2022 16:00,161.36
TXN,10/31/2022 16:00,160.63
TXN,11/1/2022 16:00,162.9
TXN,11/2/2022 16:00,158.49
TXN,11/3/2022 16:00,156.52
TXN,11/4/2022 16:00,162.65
TXN,11/7/2022 16:00,165.69
TXN,11/8/2022 16:00,168.11
TXN,11/9/2022 16:00,164.99
TXN,11/10/2022 16:00,174.69
TXN,11/11/2022 16:00,179.49
TXN,11/14/2022 16:00,177.44
TXN,11/15/2022 16:00,177.57
TXN,11/16/2022 16:00,173.46
TXN,11/17/2022 16:00,175.36
TXN,11/18/2022 16:00,175.18
TXN,11/21/2022 16:00,172.4
TXN,11/22/2022 16:00,177.22
TXN,11/23/2022 16:00,178.98
TXN,11/25/2022 13:05,177.07
TXN,11/28/2022 16:00,173
TXN,11/29/2022 16:00,172.98
TXN,11/30/2022 16:00,180.46
TXN,12/1/2022 16:00,177.5
TXN,12/2/2022 16:00,177.66
TXN,12/5/2022 16:00,177.39
TXN,12/6/2022 16:00,174.34
TXN,12/7/2022 16:00,173.75
TXN,12/8/2022 16:00,176.36
TXN,12/9/2022 16:00,174.26
TXN,12/12/2022 16:00,177.48
TXN,12/13/2022 16:00,177.5
TXN,12/14/2022 16:00,175.82
TXN,12/15/2022 16:00,170.01
TXN,12/16/2022 16:00,169.55
TXN,12/19/2022 16:00,167.61
TXN,12/20/2022 16:00,166.09
TXN,12/21/2022 16:00,168.73
TXN,12/22/2022 16:00,164.7
TXN,12/23/2022 16:00,164.38
TXN,12/27/2022 16:00,163.78
TXN,12/28/2022 16:00,161.19
TXN,12/29/2022 16:00,165.02
TXN,12/30/2022 16:00,165.22
