Ticker,Date,Close
AAPL,1/4/2010 16:00,7.64
AAPL,1/5/2010 16:00,7.66
AAPL,1/6/2010 16:00,7.53
AAPL,1/7/2010 16:00,7.52
AAPL,1/8/2010 16:00,7.57
AAPL,1/11/2010 16:00,7.5
AAPL,1/12/2010 16:00,7.42
AAPL,1/13/2010 16:00,7.52
AAPL,1/14/2010 16:00,7.48
AAPL,1/15/2010 16:00,7.35
AAPL,1/19/2010 16:00,7.68
AAPL,1/20/2010 16:00,7.56
AAPL,1/21/2010 16:00,7.43
AAPL,1/22/2010 16:00,7.06
AAPL,1/25/2010 16:00,7.25
AAPL,1/26/2010 16:00,7.36
AAPL,1/27/2010 16:00,7.42
AAPL,1/28/2010 16:00,7.12
AAPL,1/29/2010 16:00,6.86
AAPL,2/1/2010 16:00,6.95
AAPL,2/2/2010 16:00,7
AAPL,2/3/2010 16:00,7.12
AAPL,2/4/2010 16:00,6.86
AAPL,2/5/2010 16:00,6.98
AAPL,2/8/2010 16:00,6.93
AAPL,2/9/2010 16:00,7.01
AAPL,2/10/2010 16:00,6.97
AAPL,2/11/2010 16:00,7.1
AAPL,2/12/2010 16:00,7.16
AAPL,2/16/2010 16:00,7.26
AAPL,2/17/2010 16:00,7.23
AAPL,2/18/2010 16:00,7.25
AAPL,2/19/2010 16:00,7.2
AAPL,2/22/2010 16:00,7.16
AAPL,2/23/2010 16:00,7.04
AAPL,2/24/2010 16:00,7.17
AAPL,2/25/2010 16:00,7.21
AAPL,2/26/2010 16:00,7.31
AAPL,3/1/2010 16:00,7.46
AAPL,3/2/2010 16:00,7.46
AAPL,3/3/2010 16:00,7.48
AAPL,3/4/2010 16:00,7.53
AAPL,3/5/2010 16:00,7.82
AAPL,3/8/2010 16:00,7.82
AAPL,3/9/2010 16:00,7.97
AAPL,3/10/2010 16:00,8.03
AAPL,3/11/2010 16:00,8.05
AAPL,3/12/2010 16:00,8.09
AAPL,3/15/2010 16:00,7.99
AAPL,3/16/2010 16:00,8.02
AAPL,3/17/2010 16:00,8
AAPL,3/18/2010 16:00,8.02
AAPL,3/19/2010 16:00,7.94
AAPL,3/22/2010 16:00,8.03
AAPL,3/23/2010 16:00,8.16
AAPL,3/24/2010 16:00,8.19
AAPL,3/25/2010 16:00,8.09
AAPL,3/26/2010 16:00,8.25
AAPL,3/29/2010 16:00,8.3
AAPL,3/30/2010 16:00,8.42
AAPL,3/31/2010 16:00,8.39
AAPL,4/1/2010 16:00,8.43
AAPL,4/5/2010 16:00,8.52
AAPL,4/6/2010 16:00,8.56
AAPL,4/7/2010 16:00,8.59
AAPL,4/8/2010 16:00,8.57
AAPL,4/9/2010 16:00,8.64
AAPL,4/12/2010 16:00,8.65
AAPL,4/13/2010 16:00,8.66
AAPL,4/14/2010 16:00,8.77
AAPL,4/15/2010 16:00,8.89
AAPL,4/16/2010 16:00,8.84
AAPL,4/19/2010 16:00,8.82
AAPL,4/20/2010 16:00,8.74
AAPL,4/21/2010 16:00,9.26
AAPL,4/22/2010 16:00,9.52
AAPL,4/23/2010 16:00,9.67
AAPL,4/26/2010 16:00,9.63
AAPL,4/27/2010 16:00,9.36
AAPL,4/28/2010 16:00,9.34
AAPL,4/29/2010 16:00,9.59
AAPL,4/30/2010 16:00,9.32
AAPL,5/3/2010 16:00,9.51
AAPL,5/4/2010 16:00,9.24
AAPL,5/5/2010 16:00,9.14
AAPL,5/6/2010 16:00,8.79
AAPL,5/7/2010 16:00,8.42
AAPL,5/10/2010 16:00,9.07
AAPL,5/11/2010 16:00,9.16
AAPL,5/12/2010 16:00,9.36
AAPL,5/13/2010 16:00,9.23
AAPL,5/14/2010 16:00,9.07
AAPL,5/17/2010 16:00,9.08
AAPL,5/18/2010 16:00,9.01
AAPL,5/19/2010 16:00,8.87
AAPL,5/20/2010 16:00,8.49
AAPL,5/21/2010 16:00,8.65
AAPL,5/24/2010 16:00,8.81
AAPL,5/25/2010 16:00,8.76
AAPL,5/26/2010 16:00,8.72
AAPL,5/27/2010 16:00,9.05
AAPL,5/28/2010 16:00,9.17
AAPL,6/1/2010 16:00,9.32
AAPL,6/2/2010 16:00,9.43
AAPL,6/3/2010 16:00,9.4
AAPL,6/4/2010 16:00,9.14
AAPL,6/7/2010 16:00,8.96
AAPL,6/8/2010 16:00,8.9
AAPL,6/9/2010 16:00,8.69
AAPL,6/10/2010 16:00,8.95
AAPL,6/11/2010 16:00,9.05
AAPL,6/14/2010 16:00,9.08
AAPL,6/15/2010 16:00,9.27
AAPL,6/16/2010 16:00,9.54
AAPL,6/17/2010 16:00,9.71
AAPL,6/18/2010 16:00,9.79
AAPL,6/21/2010 16:00,9.65
AAPL,6/22/2010 16:00,9.78
AAPL,6/23/2010 16:00,9.68
AAPL,6/24/2010 16:00,9.61
AAPL,6/25/2010 16:00,9.53
AAPL,6/28/2010 16:00,9.58
AAPL,6/29/2010 16:00,9.15
AAPL,6/30/2010 16:00,8.98
AAPL,7/1/2010 16:00,8.87
AAPL,7/2/2010 16:00,8.82
AAPL,7/6/2010 16:00,8.88
AAPL,7/7/2010 16:00,9.24
AAPL,7/8/2010 16:00,9.22
AAPL,7/9/2010 16:00,9.27
AAPL,7/12/2010 16:00,9.19
AAPL,7/13/2010 16:00,8.99
AAPL,7/14/2010 16:00,9.03
AAPL,7/15/2010 16:00,8.98
AAPL,7/16/2010 16:00,8.93
AAPL,7/19/2010 16:00,8.77
AAPL,7/20/2010 16:00,9
AAPL,7/21/2010 16:00,9.08
AAPL,7/22/2010 16:00,9.25
AAPL,7/23/2010 16:00,9.28
AAPL,7/26/2010 16:00,9.26
AAPL,7/27/2010 16:00,9.43
AAPL,7/28/2010 16:00,9.32
AAPL,7/29/2010 16:00,9.22
AAPL,7/30/2010 16:00,9.19
AAPL,8/2/2010 16:00,9.35
AAPL,8/3/2010 16:00,9.35
AAPL,8/4/2010 16:00,9.39
AAPL,8/5/2010 16:00,9.35
AAPL,8/6/2010 16:00,9.29
AAPL,8/9/2010 16:00,9.35
AAPL,8/10/2010 16:00,9.26
AAPL,8/11/2010 16:00,8.94
AAPL,8/12/2010 16:00,8.99
AAPL,8/13/2010 16:00,8.9
AAPL,8/16/2010 16:00,8.84
AAPL,8/17/2010 16:00,9
AAPL,8/18/2010 16:00,9.04
AAPL,8/19/2010 16:00,8.92
AAPL,8/20/2010 16:00,8.92
AAPL,8/23/2010 16:00,8.78
AAPL,8/24/2010 16:00,8.57
AAPL,8/25/2010 16:00,8.67
AAPL,8/26/2010 16:00,8.58
AAPL,8/27/2010 16:00,8.63
AAPL,8/30/2010 16:00,8.66
AAPL,8/31/2010 16:00,8.68
AAPL,9/1/2010 16:00,8.94
AAPL,9/2/2010 16:00,9.01
AAPL,9/3/2010 16:00,9.24
AAPL,9/7/2010 16:00,9.21
AAPL,9/8/2010 16:00,9.39
AAPL,9/9/2010 16:00,9.4
AAPL,9/10/2010 16:00,9.41
AAPL,9/13/2010 16:00,9.54
AAPL,9/14/2010 16:00,9.57
AAPL,9/15/2010 16:00,9.65
AAPL,9/16/2010 16:00,9.88
AAPL,9/17/2010 16:00,9.83
AAPL,9/20/2010 16:00,10.12
AAPL,9/21/2010 16:00,10.13
AAPL,9/22/2010 16:00,10.28
AAPL,9/23/2010 16:00,10.32
AAPL,9/24/2010 16:00,10.44
AAPL,9/27/2010 16:00,10.4
AAPL,9/28/2010 16:00,10.25
AAPL,9/29/2010 16:00,10.26
AAPL,9/30/2010 16:00,10.13
AAPL,10/1/2010 16:00,10.09
AAPL,10/4/2010 16:00,9.95
AAPL,10/5/2010 16:00,10.32
AAPL,10/6/2010 16:00,10.29
AAPL,10/7/2010 16:00,10.33
AAPL,10/8/2010 16:00,10.5
AAPL,10/11/2010 16:00,10.55
AAPL,10/12/2010 16:00,10.66
AAPL,10/13/2010 16:00,10.72
AAPL,10/14/2010 16:00,10.8
AAPL,10/15/2010 16:00,11.24
AAPL,10/18/2010 16:00,11.36
AAPL,10/19/2010 16:00,11.05
AAPL,10/20/2010 16:00,11.09
AAPL,10/21/2010 16:00,11.05
AAPL,10/22/2010 16:00,10.98
AAPL,10/25/2010 16:00,11.03
AAPL,10/26/2010 16:00,11
AAPL,10/27/2010 16:00,10.99
AAPL,10/28/2010 16:00,10.9
AAPL,10/29/2010 16:00,10.75
AAPL,11/1/2010 16:00,10.86
AAPL,11/2/2010 16:00,11.05
AAPL,11/3/2010 16:00,11.17
AAPL,11/4/2010 16:00,11.37
AAPL,11/5/2010 16:00,11.33
AAPL,11/8/2010 16:00,11.38
AAPL,11/9/2010 16:00,11.29
AAPL,11/10/2010 16:00,11.36
AAPL,11/11/2010 16:00,11.31
AAPL,11/12/2010 16:00,11
AAPL,11/15/2010 16:00,10.97
AAPL,11/16/2010 16:00,10.77
AAPL,11/17/2010 16:00,10.73
AAPL,11/18/2010 16:00,11.02
AAPL,11/19/2010 16:00,10.95
AAPL,11/22/2010 16:00,11.19
AAPL,11/23/2010 16:00,11.03
AAPL,11/24/2010 16:00,11.24
AAPL,11/26/2010 16:00,11.25
AAPL,11/29/2010 16:00,11.32
AAPL,11/30/2010 16:00,11.11
AAPL,12/1/2010 16:00,11.3
AAPL,12/2/2010 16:00,11.36
AAPL,12/3/2010 16:00,11.34
AAPL,12/6/2010 16:00,11.43
AAPL,12/7/2010 16:00,11.36
AAPL,12/8/2010 16:00,11.46
AAPL,12/9/2010 16:00,11.42
AAPL,12/10/2010 16:00,11.45
AAPL,12/13/2010 16:00,11.49
AAPL,12/14/2010 16:00,11.44
AAPL,12/15/2010 16:00,11.44
AAPL,12/16/2010 16:00,11.47
AAPL,12/17/2010 16:00,11.45
AAPL,12/20/2010 16:00,11.51
AAPL,12/21/2010 16:00,11.58
AAPL,12/22/2010 16:00,11.61
AAPL,12/23/2010 16:00,11.56
AAPL,12/27/2010 16:00,11.6
AAPL,12/28/2010 16:00,11.62
AAPL,12/29/2010 16:00,11.62
AAPL,12/30/2010 16:00,11.56
AAPL,12/31/2010 16:00,11.52
AAPL,1/3/2011 16:00,11.77
AAPL,1/4/2011 16:00,11.83
AAPL,1/5/2011 16:00,11.93
AAPL,1/6/2011 16:00,11.92
AAPL,1/7/2011 16:00,12
AAPL,1/10/2011 16:00,12.23
AAPL,1/11/2011 16:00,12.2
AAPL,1/12/2011 16:00,12.3
AAPL,1/13/2011 16:00,12.35
AAPL,1/14/2011 16:00,12.45
AAPL,1/18/2011 16:00,12.17
AAPL,1/19/2011 16:00,12.1
AAPL,1/20/2011 16:00,11.88
AAPL,1/21/2011 16:00,11.67
AAPL,1/24/2011 16:00,12.05
AAPL,1/25/2011 16:00,12.19
AAPL,1/26/2011 16:00,12.28
AAPL,1/27/2011 16:00,12.26
AAPL,1/28/2011 16:00,12
AAPL,1/31/2011 16:00,12.12
AAPL,2/1/2011 16:00,12.32
AAPL,2/2/2011 16:00,12.3
AAPL,2/3/2011 16:00,12.27
AAPL,2/4/2011 16:00,12.38
AAPL,2/7/2011 16:00,12.57
AAPL,2/8/2011 16:00,12.69
AAPL,2/9/2011 16:00,12.79
AAPL,2/10/2011 16:00,12.66
AAPL,2/11/2011 16:00,12.74
AAPL,2/14/2011 16:00,12.83
AAPL,2/15/2011 16:00,12.85
AAPL,2/16/2011 16:00,12.97
AAPL,2/17/2011 16:00,12.8
AAPL,2/18/2011 16:00,12.52
AAPL,2/22/2011 16:00,12.09
AAPL,2/23/2011 16:00,12.24
AAPL,2/24/2011 16:00,12.25
AAPL,2/25/2011 16:00,12.43
AAPL,2/28/2011 16:00,12.61
AAPL,3/1/2011 16:00,12.48
AAPL,3/2/2011 16:00,12.58
AAPL,3/3/2011 16:00,12.84
AAPL,3/4/2011 16:00,12.86
AAPL,3/7/2011 16:00,12.69
AAPL,3/8/2011 16:00,12.71
AAPL,3/9/2011 16:00,12.59
AAPL,3/10/2011 16:00,12.38
AAPL,3/11/2011 16:00,12.57
AAPL,3/14/2011 16:00,12.63
AAPL,3/15/2011 16:00,12.34
AAPL,3/16/2011 16:00,11.79
AAPL,3/17/2011 16:00,11.95
AAPL,3/18/2011 16:00,11.81
AAPL,3/21/2011 16:00,12.12
AAPL,3/22/2011 16:00,12.19
AAPL,3/23/2011 16:00,12.11
AAPL,3/24/2011 16:00,12.32
AAPL,3/25/2011 16:00,12.56
AAPL,3/28/2011 16:00,12.52
AAPL,3/29/2011 16:00,12.53
AAPL,3/30/2011 16:00,12.45
AAPL,3/31/2011 16:00,12.45
AAPL,4/1/2011 16:00,12.31
AAPL,4/4/2011 16:00,12.19
AAPL,4/5/2011 16:00,12.1
AAPL,4/6/2011 16:00,12.07
AAPL,4/7/2011 16:00,12.07
AAPL,4/8/2011 16:00,11.97
AAPL,4/11/2011 16:00,11.81
AAPL,4/12/2011 16:00,11.87
AAPL,4/13/2011 16:00,12
AAPL,4/14/2011 16:00,11.87
AAPL,4/15/2011 16:00,11.7
AAPL,4/18/2011 16:00,11.85
AAPL,4/19/2011 16:00,12.07
AAPL,4/20/2011 16:00,12.23
AAPL,4/21/2011 16:00,12.52
AAPL,4/25/2011 16:00,12.61
AAPL,4/26/2011 16:00,12.52
AAPL,4/27/2011 16:00,12.51
AAPL,4/28/2011 16:00,12.38
AAPL,4/29/2011 16:00,12.5
AAPL,5/2/2011 16:00,12.37
AAPL,5/3/2011 16:00,12.44
AAPL,5/4/2011 16:00,12.48
AAPL,5/5/2011 16:00,12.38
AAPL,5/6/2011 16:00,12.38
AAPL,5/9/2011 16:00,12.41
AAPL,5/10/2011 16:00,12.48
AAPL,5/11/2011 16:00,12.4
AAPL,5/12/2011 16:00,12.38
AAPL,5/13/2011 16:00,12.16
AAPL,5/16/2011 16:00,11.9
AAPL,5/17/2011 16:00,12.01
AAPL,5/18/2011 16:00,12.14
AAPL,5/19/2011 16:00,12.16
AAPL,5/20/2011 16:00,11.97
AAPL,5/23/2011 16:00,11.94
AAPL,5/24/2011 16:00,11.86
AAPL,5/25/2011 16:00,12.03
AAPL,5/26/2011 16:00,11.96
AAPL,5/27/2011 16:00,12.05
AAPL,5/31/2011 16:00,12.42
AAPL,6/1/2011 16:00,12.34
AAPL,6/2/2011 16:00,12.36
AAPL,6/3/2011 16:00,12.27
AAPL,6/6/2011 16:00,12.07
AAPL,6/7/2011 16:00,11.86
AAPL,6/8/2011 16:00,11.87
AAPL,6/9/2011 16:00,11.84
AAPL,6/10/2011 16:00,11.64
AAPL,6/13/2011 16:00,11.66
AAPL,6/14/2011 16:00,11.87
AAPL,6/15/2011 16:00,11.67
AAPL,6/16/2011 16:00,11.61
AAPL,6/17/2011 16:00,11.44
AAPL,6/20/2011 16:00,11.26
AAPL,6/21/2011 16:00,11.62
AAPL,6/22/2011 16:00,11.52
AAPL,6/23/2011 16:00,11.83
AAPL,6/24/2011 16:00,11.66
AAPL,6/27/2011 16:00,11.86
AAPL,6/28/2011 16:00,11.97
AAPL,6/29/2011 16:00,11.93
AAPL,6/30/2011 16:00,11.99
AAPL,7/1/2011 16:00,12.26
AAPL,7/5/2011 16:00,12.48
AAPL,7/6/2011 16:00,12.56
AAPL,7/7/2011 16:00,12.76
AAPL,7/8/2011 16:00,12.85
AAPL,7/11/2011 16:00,12.64
AAPL,7/12/2011 16:00,12.63
AAPL,7/13/2011 16:00,12.79
AAPL,7/14/2011 16:00,12.78
AAPL,7/15/2011 16:00,13.03
AAPL,7/18/2011 16:00,13.35
AAPL,7/19/2011 16:00,13.46
AAPL,7/20/2011 16:00,13.82
AAPL,7/21/2011 16:00,13.83
AAPL,7/22/2011 16:00,14.05
AAPL,7/25/2011 16:00,14.23
AAPL,7/26/2011 16:00,14.41
AAPL,7/27/2011 16:00,14.02
AAPL,7/28/2011 16:00,13.99
AAPL,7/29/2011 16:00,13.95
AAPL,8/1/2011 16:00,14.17
AAPL,8/2/2011 16:00,13.89
AAPL,8/3/2011 16:00,14.02
AAPL,8/4/2011 16:00,13.48
AAPL,8/5/2011 16:00,13.34
AAPL,8/8/2011 16:00,12.61
AAPL,8/9/2011 16:00,13.36
AAPL,8/10/2011 16:00,12.99
AAPL,8/11/2011 16:00,13.35
AAPL,8/12/2011 16:00,13.46
AAPL,8/15/2011 16:00,13.69
AAPL,8/16/2011 16:00,13.59
AAPL,8/17/2011 16:00,13.59
AAPL,8/18/2011 16:00,13.07
AAPL,8/19/2011 16:00,12.72
AAPL,8/22/2011 16:00,12.73
AAPL,8/23/2011 16:00,13.34
AAPL,8/24/2011 16:00,13.44
AAPL,8/25/2011 16:00,13.35
AAPL,8/26/2011 16:00,13.7
AAPL,8/29/2011 16:00,13.93
AAPL,8/30/2011 16:00,13.93
AAPL,8/31/2011 16:00,13.74
AAPL,9/1/2011 16:00,13.61
AAPL,9/2/2011 16:00,13.36
AAPL,9/6/2011 16:00,13.56
AAPL,9/7/2011 16:00,13.71
AAPL,9/8/2011 16:00,13.72
AAPL,9/9/2011 16:00,13.48
AAPL,9/12/2011 16:00,13.57
AAPL,9/13/2011 16:00,13.74
AAPL,9/14/2011 16:00,13.9
AAPL,9/15/2011 16:00,14.03
AAPL,9/16/2011 16:00,14.3
AAPL,9/19/2011 16:00,14.7
AAPL,9/20/2011 16:00,14.77
AAPL,9/21/2011 16:00,14.72
AAPL,9/22/2011 16:00,14.35
AAPL,9/23/2011 16:00,14.44
AAPL,9/26/2011 16:00,14.4
AAPL,9/27/2011 16:00,14.26
AAPL,9/28/2011 16:00,14.18
AAPL,9/29/2011 16:00,13.95
AAPL,9/30/2011 16:00,13.62
AAPL,10/3/2011 16:00,13.38
AAPL,10/4/2011 16:00,13.3
AAPL,10/5/2011 16:00,13.51
AAPL,10/6/2011 16:00,13.48
AAPL,10/7/2011 16:00,13.21
AAPL,10/10/2011 16:00,13.89
AAPL,10/11/2011 16:00,14.3
AAPL,10/12/2011 16:00,14.36
AAPL,10/13/2011 16:00,14.59
AAPL,10/14/2011 16:00,15.07
AAPL,10/17/2011 16:00,15
AAPL,10/18/2011 16:00,15.08
AAPL,10/19/2011 16:00,14.24
AAPL,10/20/2011 16:00,14.12
AAPL,10/21/2011 16:00,14.03
AAPL,10/24/2011 16:00,14.49
AAPL,10/25/2011 16:00,14.21
AAPL,10/26/2011 16:00,14.31
AAPL,10/27/2011 16:00,14.45
AAPL,10/28/2011 16:00,14.46
AAPL,10/31/2011 16:00,14.46
AAPL,11/1/2011 16:00,14.16
AAPL,11/2/2011 16:00,14.19
AAPL,11/3/2011 16:00,14.4
AAPL,11/4/2011 16:00,14.29
AAPL,11/7/2011 16:00,14.28
AAPL,11/8/2011 16:00,14.51
AAPL,11/9/2011 16:00,14.12
AAPL,11/10/2011 16:00,13.76
AAPL,11/11/2011 16:00,13.74
AAPL,11/14/2011 16:00,13.55
AAPL,11/15/2011 16:00,13.89
AAPL,11/16/2011 16:00,13.74
AAPL,11/17/2011 16:00,13.48
AAPL,11/18/2011 16:00,13.39
AAPL,11/21/2011 16:00,13.18
AAPL,11/22/2011 16:00,13.45
AAPL,11/23/2011 16:00,13.11
AAPL,11/25/2011 16:00,12.98
AAPL,11/28/2011 16:00,13.43
AAPL,11/29/2011 16:00,13.33
AAPL,11/30/2011 16:00,13.65
AAPL,12/1/2011 16:00,13.85
AAPL,12/2/2011 16:00,13.92
AAPL,12/5/2011 16:00,14.04
AAPL,12/6/2011 16:00,13.96
AAPL,12/7/2011 16:00,13.9
AAPL,12/8/2011 16:00,13.95
AAPL,12/9/2011 16:00,14.06
AAPL,12/12/2011 16:00,13.99
AAPL,12/13/2011 16:00,13.89
AAPL,12/14/2011 16:00,13.58
AAPL,12/15/2011 16:00,13.53
AAPL,12/16/2011 16:00,13.61
AAPL,12/19/2011 16:00,13.65
AAPL,12/20/2011 16:00,14.14
AAPL,12/21/2011 16:00,14.16
AAPL,12/22/2011 16:00,14.23
AAPL,12/23/2011 16:00,14.4
AAPL,12/27/2011 16:00,14.52
AAPL,12/28/2011 16:00,14.38
AAPL,12/29/2011 16:00,14.47
AAPL,12/30/2011 16:00,14.46
AAPL,1/3/2012 16:00,14.69
AAPL,1/4/2012 16:00,14.77
AAPL,1/5/2012 16:00,14.93
AAPL,1/6/2012 16:00,15.09
AAPL,1/9/2012 16:00,15.06
AAPL,1/10/2012 16:00,15.12
AAPL,1/11/2012 16:00,15.09
AAPL,1/12/2012 16:00,15.05
AAPL,1/13/2012 16:00,14.99
AAPL,1/17/2012 16:00,15.17
AAPL,1/18/2012 16:00,15.33
AAPL,1/19/2012 16:00,15.28
AAPL,1/20/2012 16:00,15.01
AAPL,1/23/2012 16:00,15.26
AAPL,1/24/2012 16:00,15.01
AAPL,1/25/2012 16:00,15.95
AAPL,1/26/2012 16:00,15.88
AAPL,1/27/2012 16:00,15.97
AAPL,1/30/2012 16:00,16.18
AAPL,1/31/2012 16:00,16.3
AAPL,2/1/2012 16:00,16.29
AAPL,2/2/2012 16:00,16.25
AAPL,2/3/2012 16:00,16.42
AAPL,2/6/2012 16:00,16.57
AAPL,2/7/2012 16:00,16.74
AAPL,2/8/2012 16:00,17.02
AAPL,2/9/2012 16:00,17.61
AAPL,2/10/2012 16:00,17.62
AAPL,2/13/2012 16:00,17.95
AAPL,2/14/2012 16:00,18.2
AAPL,2/15/2012 16:00,17.77
AAPL,2/16/2012 16:00,17.94
AAPL,2/17/2012 16:00,17.93
AAPL,2/21/2012 16:00,18.39
AAPL,2/22/2012 16:00,18.32
AAPL,2/23/2012 16:00,18.44
AAPL,2/24/2012 16:00,18.66
AAPL,2/27/2012 16:00,18.78
AAPL,2/28/2012 16:00,19.12
AAPL,2/29/2012 16:00,19.37
AAPL,3/1/2012 16:00,19.45
AAPL,3/2/2012 16:00,19.47
AAPL,3/5/2012 16:00,19.04
AAPL,3/6/2012 16:00,18.94
AAPL,3/7/2012 16:00,18.95
AAPL,3/8/2012 16:00,19.36
AAPL,3/9/2012 16:00,19.47
AAPL,3/12/2012 16:00,19.71
AAPL,3/13/2012 16:00,20.29
AAPL,3/14/2012 16:00,21.06
AAPL,3/15/2012 16:00,20.91
AAPL,3/16/2012 16:00,20.91
AAPL,3/19/2012 16:00,21.47
AAPL,3/20/2012 16:00,21.64
AAPL,3/21/2012 16:00,21.52
AAPL,3/22/2012 16:00,21.41
AAPL,3/23/2012 16:00,21.29
AAPL,3/26/2012 16:00,21.68
AAPL,3/27/2012 16:00,21.95
AAPL,3/28/2012 16:00,22.06
AAPL,3/29/2012 16:00,21.78
AAPL,3/30/2012 16:00,21.41
AAPL,4/2/2012 16:00,22.09
AAPL,4/3/2012 16:00,22.48
AAPL,4/4/2012 16:00,22.3
AAPL,4/5/2012 16:00,22.63
AAPL,4/9/2012 16:00,22.72
AAPL,4/10/2012 16:00,22.44
AAPL,4/11/2012 16:00,22.36
AAPL,4/12/2012 16:00,22.24
AAPL,4/13/2012 16:00,21.62
AAPL,4/16/2012 16:00,20.72
AAPL,4/17/2012 16:00,21.78
AAPL,4/18/2012 16:00,21.73
AAPL,4/19/2012 16:00,20.98
AAPL,4/20/2012 16:00,20.46
AAPL,4/23/2012 16:00,20.42
AAPL,4/24/2012 16:00,20.01
AAPL,4/25/2012 16:00,21.79
AAPL,4/26/2012 16:00,21.7
AAPL,4/27/2012 16:00,21.54
AAPL,4/30/2012 16:00,20.86
AAPL,5/1/2012 16:00,20.79
AAPL,5/2/2012 16:00,20.93
AAPL,5/3/2012 16:00,20.78
AAPL,5/4/2012 16:00,20.19
AAPL,5/7/2012 16:00,20.34
AAPL,5/8/2012 16:00,20.29
AAPL,5/9/2012 16:00,20.33
AAPL,5/10/2012 16:00,20.38
AAPL,5/11/2012 16:00,20.24
AAPL,5/14/2012 16:00,19.94
AAPL,5/15/2012 16:00,19.76
AAPL,5/16/2012 16:00,19.5
AAPL,5/17/2012 16:00,18.93
AAPL,5/18/2012 16:00,18.94
AAPL,5/21/2012 16:00,20.05
AAPL,5/22/2012 16:00,19.89
AAPL,5/23/2012 16:00,20.38
AAPL,5/24/2012 16:00,20.19
AAPL,5/25/2012 16:00,20.08
AAPL,5/29/2012 16:00,20.44
AAPL,5/30/2012 16:00,20.68
AAPL,5/31/2012 16:00,20.63
AAPL,6/1/2012 16:00,20.04
AAPL,6/4/2012 16:00,20.15
AAPL,6/5/2012 16:00,20.1
AAPL,6/6/2012 16:00,20.41
AAPL,6/7/2012 16:00,20.42
AAPL,6/8/2012 16:00,20.73
AAPL,6/11/2012 16:00,20.4
AAPL,6/12/2012 16:00,20.58
AAPL,6/13/2012 16:00,20.43
AAPL,6/14/2012 16:00,20.41
AAPL,6/15/2012 16:00,20.5
AAPL,6/18/2012 16:00,20.92
AAPL,6/19/2012 16:00,20.98
AAPL,6/20/2012 16:00,20.92
AAPL,6/21/2012 16:00,20.63
AAPL,6/22/2012 16:00,20.79
AAPL,6/25/2012 16:00,20.38
AAPL,6/26/2012 16:00,20.43
AAPL,6/27/2012 16:00,20.52
AAPL,6/28/2012 16:00,20.32
AAPL,6/29/2012 16:00,20.86
AAPL,7/2/2012 16:00,21.16
AAPL,7/3/2012 16:00,21.41
AAPL,7/5/2012 16:00,21.78
AAPL,7/6/2012 16:00,21.64
AAPL,7/9/2012 16:00,21.92
AAPL,7/10/2012 16:00,21.72
AAPL,7/11/2012 16:00,21.59
AAPL,7/12/2012 16:00,21.39
AAPL,7/13/2012 16:00,21.61
AAPL,7/16/2012 16:00,21.68
AAPL,7/17/2012 16:00,21.68
AAPL,7/18/2012 16:00,21.65
AAPL,7/19/2012 16:00,21.94
AAPL,7/20/2012 16:00,21.58
AAPL,7/23/2012 16:00,21.57
AAPL,7/24/2012 16:00,21.46
AAPL,7/25/2012 16:00,20.53
AAPL,7/26/2012 16:00,20.53
AAPL,7/27/2012 16:00,20.9
AAPL,7/30/2012 16:00,21.25
AAPL,7/31/2012 16:00,21.81
AAPL,8/1/2012 16:00,21.67
AAPL,8/2/2012 16:00,21.71
AAPL,8/3/2012 16:00,21.99
AAPL,8/6/2012 16:00,22.23
AAPL,8/7/2012 16:00,22.18
AAPL,8/8/2012 16:00,22.14
AAPL,8/9/2012 16:00,22.17
AAPL,8/10/2012 16:00,22.2
AAPL,8/13/2012 16:00,22.5
AAPL,8/14/2012 16:00,22.56
AAPL,8/15/2012 16:00,22.53
AAPL,8/16/2012 16:00,22.73
AAPL,8/17/2012 16:00,23.15
AAPL,8/20/2012 16:00,23.76
AAPL,8/21/2012 16:00,23.43
AAPL,8/22/2012 16:00,23.89
AAPL,8/23/2012 16:00,23.67
AAPL,8/24/2012 16:00,23.69
AAPL,8/27/2012 16:00,24.13
AAPL,8/28/2012 16:00,24.1
AAPL,8/29/2012 16:00,24.05
AAPL,8/30/2012 16:00,23.71
AAPL,8/31/2012 16:00,23.76
AAPL,9/4/2012 16:00,24.11
AAPL,9/5/2012 16:00,23.94
AAPL,9/6/2012 16:00,24.15
AAPL,9/7/2012 16:00,24.3
AAPL,9/10/2012 16:00,23.67
AAPL,9/11/2012 16:00,23.59
AAPL,9/12/2012 16:00,23.92
AAPL,9/13/2012 16:00,24.39
AAPL,9/14/2012 16:00,24.69
AAPL,9/17/2012 16:00,24.99
AAPL,9/18/2012 16:00,25.07
AAPL,9/19/2012 16:00,25.08
AAPL,9/20/2012 16:00,24.95
AAPL,9/21/2012 16:00,25
AAPL,9/24/2012 16:00,24.67
AAPL,9/25/2012 16:00,24.05
AAPL,9/26/2012 16:00,23.76
AAPL,9/27/2012 16:00,24.33
AAPL,9/28/2012 16:00,23.83
AAPL,10/1/2012 16:00,23.55
AAPL,10/2/2012 16:00,23.62
AAPL,10/3/2012 16:00,23.98
AAPL,10/4/2012 16:00,23.81
AAPL,10/5/2012 16:00,23.31
AAPL,10/8/2012 16:00,22.79
AAPL,10/9/2012 16:00,22.71
AAPL,10/10/2012 16:00,22.89
AAPL,10/11/2012 16:00,22.43
AAPL,10/12/2012 16:00,22.49
AAPL,10/15/2012 16:00,22.67
AAPL,10/16/2012 16:00,23.21
AAPL,10/17/2012 16:00,23.02
AAPL,10/18/2012 16:00,22.59
AAPL,10/19/2012 16:00,21.78
AAPL,10/22/2012 16:00,22.64
AAPL,10/23/2012 16:00,21.91
AAPL,10/24/2012 16:00,22.03
AAPL,10/25/2012 16:00,21.77
AAPL,10/26/2012 16:00,21.57
AAPL,10/31/2012 16:00,21.26
AAPL,11/1/2012 16:00,21.3
AAPL,11/2/2012 16:00,20.6
AAPL,11/5/2012 16:00,20.88
AAPL,11/6/2012 16:00,20.82
AAPL,11/7/2012 16:00,19.93
AAPL,11/8/2012 16:00,19.21
AAPL,11/9/2012 16:00,19.54
AAPL,11/12/2012 16:00,19.39
AAPL,11/13/2012 16:00,19.39
AAPL,11/14/2012 16:00,19.17
AAPL,11/15/2012 16:00,18.77
AAPL,11/16/2012 16:00,18.85
AAPL,11/19/2012 16:00,20.2
AAPL,11/20/2012 16:00,20.03
AAPL,11/21/2012 16:00,20.06
AAPL,11/23/2012 16:00,20.41
AAPL,11/26/2012 16:00,21.05
AAPL,11/27/2012 16:00,20.89
AAPL,11/28/2012 16:00,20.82
AAPL,11/29/2012 16:00,21.05
AAPL,11/30/2012 16:00,20.9
AAPL,12/3/2012 16:00,20.94
AAPL,12/4/2012 16:00,20.57
AAPL,12/5/2012 16:00,19.24
AAPL,12/6/2012 16:00,19.54
AAPL,12/7/2012 16:00,19.04
AAPL,12/10/2012 16:00,18.92
AAPL,12/11/2012 16:00,19.34
AAPL,12/12/2012 16:00,19.25
AAPL,12/13/2012 16:00,18.92
AAPL,12/14/2012 16:00,18.21
AAPL,12/17/2012 16:00,18.53
AAPL,12/18/2012 16:00,19.07
AAPL,12/19/2012 16:00,18.8
AAPL,12/20/2012 16:00,18.63
AAPL,12/21/2012 16:00,18.55
AAPL,12/24/2012 16:00,18.58
AAPL,12/26/2012 16:00,18.32
AAPL,12/27/2012 16:00,18.4
AAPL,12/28/2012 16:00,18.2
AAPL,12/31/2012 16:00,19.01
AAPL,1/2/2013 16:00,19.61
AAPL,1/3/2013 16:00,19.36
AAPL,1/4/2013 16:00,18.82
AAPL,1/7/2013 16:00,18.71
AAPL,1/8/2013 16:00,18.76
AAPL,1/9/2013 16:00,18.47
AAPL,1/10/2013 16:00,18.7
AAPL,1/11/2013 16:00,18.58
AAPL,1/14/2013 16:00,17.92
AAPL,1/15/2013 16:00,17.35
AAPL,1/16/2013 16:00,18.07
AAPL,1/17/2013 16:00,17.95
AAPL,1/18/2013 16:00,17.86
AAPL,1/22/2013 16:00,18.03
AAPL,1/23/2013 16:00,18.36
AAPL,1/24/2013 16:00,16.09
AAPL,1/25/2013 16:00,15.71
AAPL,1/28/2013 16:00,16.07
AAPL,1/29/2013 16:00,16.37
AAPL,1/30/2013 16:00,16.32
AAPL,1/31/2013 16:00,16.27
AAPL,2/1/2013 16:00,16.2
AAPL,2/4/2013 16:00,15.8
AAPL,2/5/2013 16:00,16.35
AAPL,2/6/2013 16:00,16.33
AAPL,2/7/2013 16:00,16.72
AAPL,2/8/2013 16:00,16.96
AAPL,2/11/2013 16:00,17.14
AAPL,2/12/2013 16:00,16.71
AAPL,2/13/2013 16:00,16.68
AAPL,2/14/2013 16:00,16.66
AAPL,2/15/2013 16:00,16.43
AAPL,2/19/2013 16:00,16.43
AAPL,2/20/2013 16:00,16.03
AAPL,2/21/2013 16:00,15.93
AAPL,2/22/2013 16:00,16.1
AAPL,2/25/2013 16:00,15.81
AAPL,2/26/2013 16:00,16.03
AAPL,2/27/2013 16:00,15.88
AAPL,2/28/2013 16:00,15.76
AAPL,3/1/2013 16:00,15.37
AAPL,3/4/2013 16:00,15
AAPL,3/5/2013 16:00,15.4
AAPL,3/6/2013 16:00,15.2
AAPL,3/7/2013 16:00,15.38
AAPL,3/8/2013 16:00,15.42
AAPL,3/11/2013 16:00,15.64
AAPL,3/12/2013 16:00,15.3
AAPL,3/13/2013 16:00,15.3
AAPL,3/14/2013 16:00,15.45
AAPL,3/15/2013 16:00,15.85
AAPL,3/18/2013 16:00,16.28
AAPL,3/19/2013 16:00,16.23
AAPL,3/20/2013 16:00,16.15
AAPL,3/21/2013 16:00,16.17
AAPL,3/22/2013 16:00,16.5
AAPL,3/25/2013 16:00,16.56
AAPL,3/26/2013 16:00,16.47
AAPL,3/27/2013 16:00,16.15
AAPL,3/28/2013 16:00,15.81
AAPL,4/1/2013 16:00,15.32
AAPL,4/2/2013 16:00,15.35
AAPL,4/3/2013 16:00,15.43
AAPL,4/4/2013 16:00,15.28
AAPL,4/5/2013 16:00,15.11
AAPL,4/8/2013 16:00,15.22
AAPL,4/9/2013 16:00,15.25
AAPL,4/10/2013 16:00,15.56
AAPL,4/11/2013 16:00,15.51
AAPL,4/12/2013 16:00,15.35
AAPL,4/15/2013 16:00,14.99
AAPL,4/16/2013 16:00,15.22
AAPL,4/17/2013 16:00,14.39
AAPL,4/18/2013 16:00,14
AAPL,4/19/2013 16:00,13.95
AAPL,4/22/2013 16:00,14.24
AAPL,4/23/2013 16:00,14.5
AAPL,4/24/2013 16:00,14.48
AAPL,4/25/2013 16:00,14.59
AAPL,4/26/2013 16:00,14.9
AAPL,4/29/2013 16:00,15.36
AAPL,4/30/2013 16:00,15.81
AAPL,5/1/2013 16:00,15.69
AAPL,5/2/2013 16:00,15.91
AAPL,5/3/2013 16:00,16.07
AAPL,5/6/2013 16:00,16.45
AAPL,5/7/2013 16:00,16.38
AAPL,5/8/2013 16:00,16.57
AAPL,5/9/2013 16:00,16.31
AAPL,5/10/2013 16:00,16.18
AAPL,5/13/2013 16:00,16.24
AAPL,5/14/2013 16:00,15.85
AAPL,5/15/2013 16:00,15.32
AAPL,5/16/2013 16:00,15.52
AAPL,5/17/2013 16:00,15.47
AAPL,5/20/2013 16:00,15.82
AAPL,5/21/2013 16:00,15.7
AAPL,5/22/2013 16:00,15.76
AAPL,5/23/2013 16:00,15.79
AAPL,5/24/2013 16:00,15.9
AAPL,5/28/2013 16:00,15.77
AAPL,5/29/2013 16:00,15.89
AAPL,5/30/2013 16:00,16.13
AAPL,5/31/2013 16:00,16.06
AAPL,6/3/2013 16:00,16.1
AAPL,6/4/2013 16:00,16.05
AAPL,6/5/2013 16:00,15.9
AAPL,6/6/2013 16:00,15.66
AAPL,6/7/2013 16:00,15.78
AAPL,6/10/2013 16:00,15.67
AAPL,6/11/2013 16:00,15.63
AAPL,6/12/2013 16:00,15.44
AAPL,6/13/2013 16:00,15.57
AAPL,6/14/2013 16:00,15.36
AAPL,6/17/2013 16:00,15.43
AAPL,6/18/2013 16:00,15.42
AAPL,6/19/2013 16:00,15.11
AAPL,6/20/2013 16:00,14.89
AAPL,6/21/2013 16:00,14.77
AAPL,6/24/2013 16:00,14.38
AAPL,6/25/2013 16:00,14.38
AAPL,6/26/2013 16:00,14.22
AAPL,6/27/2013 16:00,14.06
AAPL,6/28/2013 16:00,14.16
AAPL,7/1/2013 16:00,14.62
AAPL,7/2/2013 16:00,14.95
AAPL,7/3/2013 16:00,15.03
AAPL,7/5/2013 16:00,14.91
AAPL,7/8/2013 16:00,14.82
AAPL,7/9/2013 16:00,15.08
AAPL,7/10/2013 16:00,15.03
AAPL,7/11/2013 16:00,15.26
AAPL,7/12/2013 16:00,15.23
AAPL,7/15/2013 16:00,15.27
AAPL,7/16/2013 16:00,15.36
AAPL,7/17/2013 16:00,15.37
AAPL,7/18/2013 16:00,15.42
AAPL,7/19/2013 16:00,15.18
AAPL,7/22/2013 16:00,15.23
AAPL,7/23/2013 16:00,14.96
AAPL,7/24/2013 16:00,15.73
AAPL,7/25/2013 16:00,15.66
AAPL,7/26/2013 16:00,15.75
AAPL,7/29/2013 16:00,15.99
AAPL,7/30/2013 16:00,16.19
AAPL,7/31/2013 16:00,16.16
AAPL,8/1/2013 16:00,16.31
AAPL,8/2/2013 16:00,16.52
AAPL,8/5/2013 16:00,16.77
AAPL,8/6/2013 16:00,16.62
AAPL,8/7/2013 16:00,16.61
AAPL,8/8/2013 16:00,16.46
AAPL,8/9/2013 16:00,16.23
AAPL,8/12/2013 16:00,16.69
AAPL,8/13/2013 16:00,17.48
AAPL,8/14/2013 16:00,17.8
AAPL,8/15/2013 16:00,17.78
AAPL,8/16/2013 16:00,17.94
AAPL,8/19/2013 16:00,18.13
AAPL,8/20/2013 16:00,17.9
AAPL,8/21/2013 16:00,17.94
AAPL,8/22/2013 16:00,17.96
AAPL,8/23/2013 16:00,17.89
AAPL,8/26/2013 16:00,17.96
AAPL,8/27/2013 16:00,17.45
AAPL,8/28/2013 16:00,17.53
AAPL,8/29/2013 16:00,17.56
AAPL,8/30/2013 16:00,17.4
AAPL,9/3/2013 16:00,17.45
AAPL,9/4/2013 16:00,17.81
AAPL,9/5/2013 16:00,17.69
AAPL,9/6/2013 16:00,17.79
AAPL,9/9/2013 16:00,18.08
AAPL,9/10/2013 16:00,17.67
AAPL,9/11/2013 16:00,16.7
AAPL,9/12/2013 16:00,16.88
AAPL,9/13/2013 16:00,16.6
AAPL,9/16/2013 16:00,16.08
AAPL,9/17/2013 16:00,16.26
AAPL,9/18/2013 16:00,16.6
AAPL,9/19/2013 16:00,16.87
AAPL,9/20/2013 16:00,16.69
AAPL,9/23/2013 16:00,17.52
AAPL,9/24/2013 16:00,17.47
AAPL,9/25/2013 16:00,17.2
AAPL,9/26/2013 16:00,17.36
AAPL,9/27/2013 16:00,17.24
AAPL,9/30/2013 16:00,17.03
AAPL,10/1/2013 16:00,17.43
AAPL,10/2/2013 16:00,17.48
AAPL,10/3/2013 16:00,17.26
AAPL,10/4/2013 16:00,17.25
AAPL,10/7/2013 16:00,17.42
AAPL,10/8/2013 16:00,17.18
AAPL,10/9/2013 16:00,17.38
AAPL,10/10/2013 16:00,17.49
AAPL,10/11/2013 16:00,17.6
AAPL,10/14/2013 16:00,17.72
AAPL,10/15/2013 16:00,17.81
AAPL,10/16/2013 16:00,17.9
AAPL,10/17/2013 16:00,18.02
AAPL,10/18/2013 16:00,18.17
AAPL,10/21/2013 16:00,18.62
AAPL,10/22/2013 16:00,18.57
AAPL,10/23/2013 16:00,18.75
AAPL,10/24/2013 16:00,19
AAPL,10/25/2013 16:00,18.78
AAPL,10/28/2013 16:00,18.92
AAPL,10/29/2013 16:00,18.45
AAPL,10/30/2013 16:00,18.75
AAPL,10/31/2013 16:00,18.67
AAPL,11/1/2013 16:00,18.57
AAPL,11/4/2013 16:00,18.81
AAPL,11/5/2013 16:00,18.77
AAPL,11/6/2013 16:00,18.6
AAPL,11/7/2013 16:00,18.3
AAPL,11/8/2013 16:00,18.59
AAPL,11/11/2013 16:00,18.54
AAPL,11/12/2013 16:00,18.57
AAPL,11/13/2013 16:00,18.59
AAPL,11/14/2013 16:00,18.86
AAPL,11/15/2013 16:00,18.75
AAPL,11/18/2013 16:00,18.52
AAPL,11/19/2013 16:00,18.56
AAPL,11/20/2013 16:00,18.39
AAPL,11/21/2013 16:00,18.61
AAPL,11/22/2013 16:00,18.56
AAPL,11/25/2013 16:00,18.7
AAPL,11/26/2013 16:00,19.05
AAPL,11/27/2013 16:00,19.5
AAPL,11/29/2013 16:00,19.86
AAPL,12/2/2013 16:00,19.69
AAPL,12/3/2013 16:00,20.23
AAPL,12/4/2013 16:00,20.18
AAPL,12/5/2013 16:00,20.28
AAPL,12/6/2013 16:00,20
AAPL,12/9/2013 16:00,20.23
AAPL,12/10/2013 16:00,20.2
AAPL,12/11/2013 16:00,20.05
AAPL,12/12/2013 16:00,20.02
AAPL,12/13/2013 16:00,19.8
AAPL,12/16/2013 16:00,19.91
AAPL,12/17/2013 16:00,19.82
AAPL,12/18/2013 16:00,19.67
AAPL,12/19/2013 16:00,19.45
AAPL,12/20/2013 16:00,19.61
AAPL,12/23/2013 16:00,20.36
AAPL,12/24/2013 16:00,20.27
AAPL,12/26/2013 16:00,20.14
AAPL,12/27/2013 16:00,20
AAPL,12/30/2013 16:00,19.8
AAPL,12/31/2013 16:00,20.04
AAPL,1/2/2014 16:00,19.75
AAPL,1/3/2014 16:00,19.32
AAPL,1/6/2014 16:00,19.43
AAPL,1/7/2014 16:00,19.29
AAPL,1/8/2014 16:00,19.41
AAPL,1/9/2014 16:00,19.16
AAPL,1/10/2014 16:00,19.03
AAPL,1/13/2014 16:00,19.13
AAPL,1/14/2014 16:00,19.51
AAPL,1/15/2014 16:00,19.91
AAPL,1/16/2014 16:00,19.79
AAPL,1/17/2014 16:00,19.31
AAPL,1/21/2014 16:00,19.61
AAPL,1/22/2014 16:00,19.7
AAPL,1/23/2014 16:00,19.86
AAPL,1/24/2014 16:00,19.5
AAPL,1/27/2014 16:00,19.66
AAPL,1/28/2014 16:00,18.09
AAPL,1/29/2014 16:00,17.88
AAPL,1/30/2014 16:00,17.85
AAPL,1/31/2014 16:00,17.88
AAPL,2/3/2014 16:00,17.91
AAPL,2/4/2014 16:00,18.17
AAPL,2/5/2014 16:00,18.31
AAPL,2/6/2014 16:00,18.3
AAPL,2/7/2014 16:00,18.56
AAPL,2/10/2014 16:00,18.89
AAPL,2/11/2014 16:00,19.14
AAPL,2/12/2014 16:00,19.14
AAPL,2/13/2014 16:00,19.44
AAPL,2/14/2014 16:00,19.43
AAPL,2/18/2014 16:00,19.5
AAPL,2/19/2014 16:00,19.19
AAPL,2/20/2014 16:00,18.97
AAPL,2/21/2014 16:00,18.76
AAPL,2/24/2014 16:00,18.84
AAPL,2/25/2014 16:00,18.65
AAPL,2/26/2014 16:00,18.48
AAPL,2/27/2014 16:00,18.85
AAPL,2/28/2014 16:00,18.79
AAPL,3/3/2014 16:00,18.85
AAPL,3/4/2014 16:00,18.97
AAPL,3/5/2014 16:00,19.01
AAPL,3/6/2014 16:00,18.96
AAPL,3/7/2014 16:00,18.94
AAPL,3/10/2014 16:00,18.96
AAPL,3/11/2014 16:00,19.15
AAPL,3/12/2014 16:00,19.16
AAPL,3/13/2014 16:00,18.95
AAPL,3/14/2014 16:00,18.74
AAPL,3/17/2014 16:00,18.81
AAPL,3/18/2014 16:00,18.98
AAPL,3/19/2014 16:00,18.97
AAPL,3/20/2014 16:00,18.88
AAPL,3/21/2014 16:00,19.03
AAPL,3/24/2014 16:00,19.26
AAPL,3/25/2014 16:00,19.46
AAPL,3/26/2014 16:00,19.28
AAPL,3/27/2014 16:00,19.2
AAPL,3/28/2014 16:00,19.17
AAPL,3/31/2014 16:00,19.17
AAPL,4/1/2014 16:00,19.34
AAPL,4/2/2014 16:00,19.38
AAPL,4/3/2014 16:00,19.24
AAPL,4/4/2014 16:00,18.99
AAPL,4/7/2014 16:00,18.7
AAPL,4/8/2014 16:00,18.69
AAPL,4/9/2014 16:00,18.94
AAPL,4/10/2014 16:00,18.7
AAPL,4/11/2014 16:00,18.56
AAPL,4/14/2014 16:00,18.63
AAPL,4/15/2014 16:00,18.5
AAPL,4/16/2014 16:00,18.54
AAPL,4/17/2014 16:00,18.75
AAPL,4/21/2014 16:00,18.97
AAPL,4/22/2014 16:00,18.99
AAPL,4/23/2014 16:00,18.74
AAPL,4/24/2014 16:00,20.28
AAPL,4/25/2014 16:00,20.43
AAPL,4/28/2014 16:00,21.22
AAPL,4/29/2014 16:00,21.15
AAPL,4/30/2014 16:00,21.07
AAPL,5/1/2014 16:00,21.12
AAPL,5/2/2014 16:00,21.16
AAPL,5/5/2014 16:00,21.46
AAPL,5/6/2014 16:00,21.23
AAPL,5/7/2014 16:00,21.15
AAPL,5/8/2014 16:00,21
AAPL,5/9/2014 16:00,20.91
AAPL,5/12/2014 16:00,21.17
AAPL,5/13/2014 16:00,21.21
AAPL,5/14/2014 16:00,21.21
AAPL,5/15/2014 16:00,21.03
AAPL,5/16/2014 16:00,21.34
AAPL,5/19/2014 16:00,21.59
AAPL,5/20/2014 16:00,21.6
AAPL,5/21/2014 16:00,21.65
AAPL,5/22/2014 16:00,21.69
AAPL,5/23/2014 16:00,21.93
AAPL,5/27/2014 16:00,22.34
AAPL,5/28/2014 16:00,22.29
AAPL,5/29/2014 16:00,22.69
AAPL,5/30/2014 16:00,22.61
AAPL,6/2/2014 16:00,22.45
AAPL,6/3/2014 16:00,22.77
AAPL,6/4/2014 16:00,23.03
AAPL,6/5/2014 16:00,23.12
AAPL,6/6/2014 16:00,23.06
AAPL,6/9/2014 16:00,23.43
AAPL,6/10/2014 16:00,23.56
AAPL,6/11/2014 16:00,23.47
AAPL,6/12/2014 16:00,23.07
AAPL,6/13/2014 16:00,22.82
AAPL,6/16/2014 16:00,23.05
AAPL,6/17/2014 16:00,23.02
AAPL,6/18/2014 16:00,23.05
AAPL,6/19/2014 16:00,22.97
AAPL,6/20/2014 16:00,22.73
AAPL,6/23/2014 16:00,22.71
AAPL,6/24/2014 16:00,22.57
AAPL,6/25/2014 16:00,22.59
AAPL,6/26/2014 16:00,22.73
AAPL,6/27/2014 16:00,23
AAPL,6/30/2014 16:00,23.23
AAPL,7/1/2014 16:00,23.38
AAPL,7/2/2014 16:00,23.37
AAPL,7/3/2014 16:00,23.51
AAPL,7/7/2014 16:00,23.99
AAPL,7/8/2014 16:00,23.84
AAPL,7/9/2014 16:00,23.85
AAPL,7/10/2014 16:00,23.76
AAPL,7/11/2014 16:00,23.81
AAPL,7/14/2014 16:00,24.11
AAPL,7/15/2014 16:00,23.83
AAPL,7/16/2014 16:00,23.7
AAPL,7/17/2014 16:00,23.27
AAPL,7/18/2014 16:00,23.61
AAPL,7/21/2014 16:00,23.48
AAPL,7/22/2014 16:00,23.68
AAPL,7/23/2014 16:00,24.3
AAPL,7/24/2014 16:00,24.26
AAPL,7/25/2014 16:00,24.42
AAPL,7/28/2014 16:00,24.76
AAPL,7/29/2014 16:00,24.6
AAPL,7/30/2014 16:00,24.54
AAPL,7/31/2014 16:00,23.9
AAPL,8/1/2014 16:00,24.03
AAPL,8/4/2014 16:00,23.9
AAPL,8/5/2014 16:00,23.78
AAPL,8/6/2014 16:00,23.74
AAPL,8/7/2014 16:00,23.62
AAPL,8/8/2014 16:00,23.69
AAPL,8/11/2014 16:00,24
AAPL,8/12/2014 16:00,23.99
AAPL,8/13/2014 16:00,24.31
AAPL,8/14/2014 16:00,24.38
AAPL,8/15/2014 16:00,24.5
AAPL,8/18/2014 16:00,24.79
AAPL,8/19/2014 16:00,25.13
AAPL,8/20/2014 16:00,25.14
AAPL,8/21/2014 16:00,25.15
AAPL,8/22/2014 16:00,25.33
AAPL,8/25/2014 16:00,25.39
AAPL,8/26/2014 16:00,25.22
AAPL,8/27/2014 16:00,25.53
AAPL,8/28/2014 16:00,25.56
AAPL,8/29/2014 16:00,25.63
AAPL,9/2/2014 16:00,25.83
AAPL,9/3/2014 16:00,24.74
AAPL,9/4/2014 16:00,24.53
AAPL,9/5/2014 16:00,24.74
AAPL,9/8/2014 16:00,24.59
AAPL,9/9/2014 16:00,24.5
AAPL,9/10/2014 16:00,25.25
AAPL,9/11/2014 16:00,25.36
AAPL,9/12/2014 16:00,25.42
AAPL,9/15/2014 16:00,25.41
AAPL,9/16/2014 16:00,25.22
AAPL,9/17/2014 16:00,25.4
AAPL,9/18/2014 16:00,25.45
AAPL,9/19/2014 16:00,25.24
AAPL,9/22/2014 16:00,25.27
AAPL,9/23/2014 16:00,25.66
AAPL,9/24/2014 16:00,25.44
AAPL,9/25/2014 16:00,24.47
AAPL,9/26/2014 16:00,25.19
AAPL,9/29/2014 16:00,25.03
AAPL,9/30/2014 16:00,25.19
AAPL,10/1/2014 16:00,24.8
AAPL,10/2/2014 16:00,24.98
AAPL,10/3/2014 16:00,24.91
AAPL,10/6/2014 16:00,24.91
AAPL,10/7/2014 16:00,24.69
AAPL,10/8/2014 16:00,25.2
AAPL,10/9/2014 16:00,25.26
AAPL,10/10/2014 16:00,25.18
AAPL,10/13/2014 16:00,24.95
AAPL,10/14/2014 16:00,24.69
AAPL,10/15/2014 16:00,24.39
AAPL,10/16/2014 16:00,24.07
AAPL,10/17/2014 16:00,24.42
AAPL,10/20/2014 16:00,24.94
AAPL,10/21/2014 16:00,25.62
AAPL,10/22/2014 16:00,25.75
AAPL,10/23/2014 16:00,26.21
AAPL,10/24/2014 16:00,26.31
AAPL,10/27/2014 16:00,26.28
AAPL,10/28/2014 16:00,26.69
AAPL,10/29/2014 16:00,26.84
AAPL,10/30/2014 16:00,26.75
AAPL,10/31/2014 16:00,27
AAPL,11/3/2014 16:00,27.35
AAPL,11/4/2014 16:00,27.15
AAPL,11/5/2014 16:00,27.22
AAPL,11/6/2014 16:00,27.18
AAPL,11/7/2014 16:00,27.25
AAPL,11/10/2014 16:00,27.21
AAPL,11/11/2014 16:00,27.43
AAPL,11/12/2014 16:00,27.81
AAPL,11/13/2014 16:00,28.21
AAPL,11/14/2014 16:00,28.55
AAPL,11/17/2014 16:00,28.5
AAPL,11/18/2014 16:00,28.87
AAPL,11/19/2014 16:00,28.67
AAPL,11/20/2014 16:00,29.08
AAPL,11/21/2014 16:00,29.12
AAPL,11/24/2014 16:00,29.66
AAPL,11/25/2014 16:00,29.4
AAPL,11/26/2014 16:00,29.75
AAPL,11/28/2014 16:00,29.73
AAPL,12/1/2014 16:00,28.77
AAPL,12/2/2014 16:00,28.66
AAPL,12/3/2014 16:00,28.98
AAPL,12/4/2014 16:00,28.87
AAPL,12/5/2014 16:00,28.75
AAPL,12/8/2014 16:00,28.1
AAPL,12/9/2014 16:00,28.53
AAPL,12/10/2014 16:00,27.99
AAPL,12/11/2014 16:00,27.91
AAPL,12/12/2014 16:00,27.43
AAPL,12/15/2014 16:00,27.06
AAPL,12/16/2014 16:00,26.69
AAPL,12/17/2014 16:00,27.35
AAPL,12/18/2014 16:00,28.16
AAPL,12/19/2014 16:00,27.95
AAPL,12/22/2014 16:00,28.24
AAPL,12/23/2014 16:00,28.14
AAPL,12/24/2014 16:00,28
AAPL,12/26/2014 16:00,28.5
AAPL,12/29/2014 16:00,28.48
AAPL,12/30/2014 16:00,28.13
AAPL,12/31/2014 16:00,27.6
AAPL,1/2/2015 16:00,27.33
AAPL,1/5/2015 16:00,26.56
AAPL,1/6/2015 16:00,26.57
AAPL,1/7/2015 16:00,26.94
AAPL,1/8/2015 16:00,27.97
AAPL,1/9/2015 16:00,28
AAPL,1/12/2015 16:00,27.31
AAPL,1/13/2015 16:00,27.56
AAPL,1/14/2015 16:00,27.45
AAPL,1/15/2015 16:00,26.71
AAPL,1/16/2015 16:00,26.5
AAPL,1/20/2015 16:00,27.18
AAPL,1/21/2015 16:00,27.39
AAPL,1/22/2015 16:00,28.1
AAPL,1/23/2015 16:00,28.25
AAPL,1/26/2015 16:00,28.28
AAPL,1/27/2015 16:00,27.29
AAPL,1/28/2015 16:00,28.83
AAPL,1/29/2015 16:00,29.73
AAPL,1/30/2015 16:00,29.29
AAPL,2/2/2015 16:00,29.66
AAPL,2/3/2015 16:00,29.66
AAPL,2/4/2015 16:00,29.89
AAPL,2/5/2015 16:00,29.99
AAPL,2/6/2015 16:00,29.73
AAPL,2/9/2015 16:00,29.93
AAPL,2/10/2015 16:00,30.51
AAPL,2/11/2015 16:00,31.22
AAPL,2/12/2015 16:00,31.62
AAPL,2/13/2015 16:00,31.77
AAPL,2/17/2015 16:00,31.96
AAPL,2/18/2015 16:00,32.18
AAPL,2/19/2015 16:00,32.11
AAPL,2/20/2015 16:00,32.37
AAPL,2/23/2015 16:00,33.25
AAPL,2/24/2015 16:00,33.04
AAPL,2/25/2015 16:00,32.2
AAPL,2/26/2015 16:00,32.6
AAPL,2/27/2015 16:00,32.12
AAPL,3/2/2015 16:00,32.27
AAPL,3/3/2015 16:00,32.34
AAPL,3/4/2015 16:00,32.14
AAPL,3/5/2015 16:00,31.6
AAPL,3/6/2015 16:00,31.65
AAPL,3/9/2015 16:00,31.79
AAPL,3/10/2015 16:00,31.13
AAPL,3/11/2015 16:00,30.56
AAPL,3/12/2015 16:00,31.11
AAPL,3/13/2015 16:00,30.9
AAPL,3/16/2015 16:00,31.24
AAPL,3/17/2015 16:00,31.76
AAPL,3/18/2015 16:00,32.12
AAPL,3/19/2015 16:00,31.87
AAPL,3/20/2015 16:00,31.48
AAPL,3/23/2015 16:00,31.8
AAPL,3/24/2015 16:00,31.67
AAPL,3/25/2015 16:00,30.85
AAPL,3/26/2015 16:00,31.06
AAPL,3/27/2015 16:00,30.81
AAPL,3/30/2015 16:00,31.59
AAPL,3/31/2015 16:00,31.11
AAPL,4/1/2015 16:00,31.06
AAPL,4/2/2015 16:00,31.33
AAPL,4/6/2015 16:00,31.84
AAPL,4/7/2015 16:00,31.5
AAPL,4/8/2015 16:00,31.4
AAPL,4/9/2015 16:00,31.64
AAPL,4/10/2015 16:00,31.78
AAPL,4/13/2015 16:00,31.71
AAPL,4/14/2015 16:00,31.58
AAPL,4/15/2015 16:00,31.7
AAPL,4/16/2015 16:00,31.54
AAPL,4/17/2015 16:00,31.19
AAPL,4/20/2015 16:00,31.9
AAPL,4/21/2015 16:00,31.73
AAPL,4/22/2015 16:00,32.16
AAPL,4/23/2015 16:00,32.42
AAPL,4/24/2015 16:00,32.57
AAPL,4/27/2015 16:00,33.16
AAPL,4/28/2015 16:00,32.64
AAPL,4/29/2015 16:00,32.16
AAPL,4/30/2015 16:00,31.29
AAPL,5/1/2015 16:00,32.24
AAPL,5/4/2015 16:00,32.17
AAPL,5/5/2015 16:00,31.45
AAPL,5/6/2015 16:00,31.25
AAPL,5/7/2015 16:00,31.32
AAPL,5/8/2015 16:00,31.91
AAPL,5/11/2015 16:00,31.58
AAPL,5/12/2015 16:00,31.47
AAPL,5/13/2015 16:00,31.5
AAPL,5/14/2015 16:00,32.24
AAPL,5/15/2015 16:00,32.19
AAPL,5/18/2015 16:00,32.55
AAPL,5/19/2015 16:00,32.52
AAPL,5/20/2015 16:00,32.52
AAPL,5/21/2015 16:00,32.85
AAPL,5/22/2015 16:00,33.14
AAPL,5/26/2015 16:00,32.41
AAPL,5/27/2015 16:00,33.01
AAPL,5/28/2015 16:00,32.95
AAPL,5/29/2015 16:00,32.57
AAPL,6/1/2015 16:00,32.63
AAPL,6/2/2015 16:00,32.49
AAPL,6/3/2015 16:00,32.53
AAPL,6/4/2015 16:00,32.34
AAPL,6/5/2015 16:00,32.16
AAPL,6/8/2015 16:00,31.95
AAPL,6/9/2015 16:00,31.86
AAPL,6/10/2015 16:00,32.22
AAPL,6/11/2015 16:00,32.15
AAPL,6/12/2015 16:00,31.79
AAPL,6/15/2015 16:00,31.73
AAPL,6/16/2015 16:00,31.9
AAPL,6/17/2015 16:00,31.83
AAPL,6/18/2015 16:00,31.97
AAPL,6/19/2015 16:00,31.65
AAPL,6/22/2015 16:00,31.9
AAPL,6/23/2015 16:00,31.76
AAPL,6/24/2015 16:00,32.03
AAPL,6/25/2015 16:00,31.88
AAPL,6/26/2015 16:00,31.69
AAPL,6/29/2015 16:00,31.13
AAPL,6/30/2015 16:00,31.36
AAPL,7/1/2015 16:00,31.65
AAPL,7/2/2015 16:00,31.61
AAPL,7/6/2015 16:00,31.5
AAPL,7/7/2015 16:00,31.42
AAPL,7/8/2015 16:00,30.64
AAPL,7/9/2015 16:00,30.02
AAPL,7/10/2015 16:00,30.82
AAPL,7/13/2015 16:00,31.42
AAPL,7/14/2015 16:00,31.4
AAPL,7/15/2015 16:00,31.71
AAPL,7/16/2015 16:00,32.13
AAPL,7/17/2015 16:00,32.41
AAPL,7/20/2015 16:00,33.02
AAPL,7/21/2015 16:00,32.69
AAPL,7/22/2015 16:00,31.31
AAPL,7/23/2015 16:00,31.29
AAPL,7/24/2015 16:00,31.13
AAPL,7/27/2015 16:00,30.69
AAPL,7/28/2015 16:00,30.85
AAPL,7/29/2015 16:00,30.75
AAPL,7/30/2015 16:00,30.59
AAPL,7/31/2015 16:00,30.33
AAPL,8/3/2015 16:00,29.61
AAPL,8/4/2015 16:00,28.66
AAPL,8/5/2015 16:00,28.85
AAPL,8/6/2015 16:00,28.78
AAPL,8/7/2015 16:00,28.88
AAPL,8/10/2015 16:00,29.93
AAPL,8/11/2015 16:00,28.37
AAPL,8/12/2015 16:00,28.81
AAPL,8/13/2015 16:00,28.79
AAPL,8/14/2015 16:00,28.99
AAPL,8/17/2015 16:00,29.29
AAPL,8/18/2015 16:00,29.13
AAPL,8/19/2015 16:00,28.75
AAPL,8/20/2015 16:00,28.16
AAPL,8/21/2015 16:00,26.44
AAPL,8/24/2015 16:00,25.78
AAPL,8/25/2015 16:00,25.94
AAPL,8/26/2015 16:00,27.42
AAPL,8/27/2015 16:00,28.23
AAPL,8/28/2015 16:00,28.32
AAPL,8/31/2015 16:00,28.19
AAPL,9/1/2015 16:00,26.93
AAPL,9/2/2015 16:00,28.09
AAPL,9/3/2015 16:00,27.59
AAPL,9/4/2015 16:00,27.32
AAPL,9/8/2015 16:00,28.08
AAPL,9/9/2015 16:00,27.54
AAPL,9/10/2015 16:00,28.14
AAPL,9/11/2015 16:00,28.55
AAPL,9/14/2015 16:00,28.83
AAPL,9/15/2015 16:00,29.07
AAPL,9/16/2015 16:00,29.1
AAPL,9/17/2015 16:00,28.48
AAPL,9/18/2015 16:00,28.36
AAPL,9/21/2015 16:00,28.8
AAPL,9/22/2015 16:00,28.35
AAPL,9/23/2015 16:00,28.58
AAPL,9/24/2015 16:00,28.75
AAPL,9/25/2015 16:00,28.68
AAPL,9/28/2015 16:00,28.11
AAPL,9/29/2015 16:00,27.27
AAPL,9/30/2015 16:00,27.58
AAPL,10/1/2015 16:00,27.4
AAPL,10/2/2015 16:00,27.6
AAPL,10/5/2015 16:00,27.7
AAPL,10/6/2015 16:00,27.83
AAPL,10/7/2015 16:00,27.7
AAPL,10/8/2015 16:00,27.38
AAPL,10/9/2015 16:00,28.03
AAPL,10/12/2015 16:00,27.9
AAPL,10/13/2015 16:00,27.95
AAPL,10/14/2015 16:00,27.55
AAPL,10/15/2015 16:00,27.97
AAPL,10/16/2015 16:00,27.76
AAPL,10/19/2015 16:00,27.93
AAPL,10/20/2015 16:00,28.44
AAPL,10/21/2015 16:00,28.44
AAPL,10/22/2015 16:00,28.88
AAPL,10/23/2015 16:00,29.77
AAPL,10/26/2015 16:00,28.82
AAPL,10/27/2015 16:00,28.64
AAPL,10/28/2015 16:00,29.82
AAPL,10/29/2015 16:00,30.13
AAPL,10/30/2015 16:00,29.88
AAPL,11/2/2015 16:00,30.3
AAPL,11/3/2015 16:00,30.64
AAPL,11/4/2015 16:00,30.5
AAPL,11/5/2015 16:00,30.23
AAPL,11/6/2015 16:00,30.27
AAPL,11/9/2015 16:00,30.14
AAPL,11/10/2015 16:00,29.19
AAPL,11/11/2015 16:00,29.03
AAPL,11/12/2015 16:00,28.93
AAPL,11/13/2015 16:00,28.09
AAPL,11/16/2015 16:00,28.54
AAPL,11/17/2015 16:00,28.42
AAPL,11/18/2015 16:00,29.32
AAPL,11/19/2015 16:00,29.7
AAPL,11/20/2015 16:00,29.83
AAPL,11/23/2015 16:00,29.44
AAPL,11/24/2015 16:00,29.72
AAPL,11/25/2015 16:00,29.51
AAPL,11/27/2015 16:00,29.45
AAPL,11/30/2015 16:00,29.58
AAPL,12/1/2015 16:00,29.34
AAPL,12/2/2015 16:00,29.07
AAPL,12/3/2015 16:00,28.8
AAPL,12/4/2015 16:00,29.76
AAPL,12/7/2015 16:00,29.57
AAPL,12/8/2015 16:00,29.56
AAPL,12/9/2015 16:00,28.91
AAPL,12/10/2015 16:00,29.04
AAPL,12/11/2015 16:00,28.3
AAPL,12/14/2015 16:00,28.12
AAPL,12/15/2015 16:00,27.62
AAPL,12/16/2015 16:00,27.84
AAPL,12/17/2015 16:00,27.25
AAPL,12/18/2015 16:00,26.51
AAPL,12/21/2015 16:00,26.83
AAPL,12/22/2015 16:00,26.81
AAPL,12/23/2015 16:00,27.15
AAPL,12/24/2015 16:00,27.01
AAPL,12/28/2015 16:00,26.71
AAPL,12/29/2015 16:00,27.19
AAPL,12/30/2015 16:00,26.83
AAPL,12/31/2015 16:00,26.32
AAPL,1/4/2016 16:00,26.34
AAPL,1/5/2016 16:00,25.68
AAPL,1/6/2016 16:00,25.18
AAPL,1/7/2016 16:00,24.11
AAPL,1/8/2016 16:00,24.24
AAPL,1/11/2016 16:00,24.63
AAPL,1/12/2016 16:00,24.99
AAPL,1/13/2016 16:00,24.35
AAPL,1/14/2016 16:00,24.88
AAPL,1/15/2016 16:00,24.28
AAPL,1/19/2016 16:00,24.17
AAPL,1/20/2016 16:00,24.2
AAPL,1/21/2016 16:00,24.08
AAPL,1/22/2016 16:00,25.36
AAPL,1/25/2016 16:00,24.86
AAPL,1/26/2016 16:00,25
AAPL,1/27/2016 16:00,23.36
AAPL,1/28/2016 16:00,23.52
AAPL,1/29/2016 16:00,24.34
AAPL,2/1/2016 16:00,24.11
AAPL,2/2/2016 16:00,23.62
AAPL,2/3/2016 16:00,24.09
AAPL,2/4/2016 16:00,24.15
AAPL,2/5/2016 16:00,23.51
AAPL,2/8/2016 16:00,23.75
AAPL,2/9/2016 16:00,23.75
AAPL,2/10/2016 16:00,23.57
AAPL,2/11/2016 16:00,23.43
AAPL,2/12/2016 16:00,23.5
AAPL,2/16/2016 16:00,24.16
AAPL,2/17/2016 16:00,24.53
AAPL,2/18/2016 16:00,24.07
AAPL,2/19/2016 16:00,24.01
AAPL,2/22/2016 16:00,24.22
AAPL,2/23/2016 16:00,23.67
AAPL,2/24/2016 16:00,24.03
AAPL,2/25/2016 16:00,24.19
AAPL,2/26/2016 16:00,24.23
AAPL,2/29/2016 16:00,24.17
AAPL,3/1/2016 16:00,25.13
AAPL,3/2/2016 16:00,25.19
AAPL,3/3/2016 16:00,25.38
AAPL,3/4/2016 16:00,25.75
AAPL,3/7/2016 16:00,25.47
AAPL,3/8/2016 16:00,25.26
AAPL,3/9/2016 16:00,25.28
AAPL,3/10/2016 16:00,25.29
AAPL,3/11/2016 16:00,25.57
AAPL,3/14/2016 16:00,25.63
AAPL,3/15/2016 16:00,26.15
AAPL,3/16/2016 16:00,26.49
AAPL,3/17/2016 16:00,26.45
AAPL,3/18/2016 16:00,26.48
AAPL,3/21/2016 16:00,26.48
AAPL,3/22/2016 16:00,26.68
AAPL,3/23/2016 16:00,26.53
AAPL,3/24/2016 16:00,26.42
AAPL,3/28/2016 16:00,26.3
AAPL,3/29/2016 16:00,26.92
AAPL,3/30/2016 16:00,27.39
AAPL,3/31/2016 16:00,27.25
AAPL,4/1/2016 16:00,27.5
AAPL,4/4/2016 16:00,27.78
AAPL,4/5/2016 16:00,27.45
AAPL,4/6/2016 16:00,27.74
AAPL,4/7/2016 16:00,27.14
AAPL,4/8/2016 16:00,27.17
AAPL,4/11/2016 16:00,27.26
AAPL,4/12/2016 16:00,27.61
AAPL,4/13/2016 16:00,28.01
AAPL,4/14/2016 16:00,28.03
AAPL,4/15/2016 16:00,27.46
AAPL,4/18/2016 16:00,26.87
AAPL,4/19/2016 16:00,26.73
AAPL,4/20/2016 16:00,26.78
AAPL,4/21/2016 16:00,26.49
AAPL,4/22/2016 16:00,26.42
AAPL,4/25/2016 16:00,26.27
AAPL,4/26/2016 16:00,26.09
AAPL,4/27/2016 16:00,24.46
AAPL,4/28/2016 16:00,23.71
AAPL,4/29/2016 16:00,23.44
AAPL,5/2/2016 16:00,23.41
AAPL,5/3/2016 16:00,23.8
AAPL,5/4/2016 16:00,23.55
AAPL,5/5/2016 16:00,23.31
AAPL,5/6/2016 16:00,23.18
AAPL,5/9/2016 16:00,23.2
AAPL,5/10/2016 16:00,23.36
AAPL,5/11/2016 16:00,23.13
AAPL,5/12/2016 16:00,22.59
AAPL,5/13/2016 16:00,22.63
AAPL,5/16/2016 16:00,23.47
AAPL,5/17/2016 16:00,23.37
AAPL,5/18/2016 16:00,23.64
AAPL,5/19/2016 16:00,23.55
AAPL,5/20/2016 16:00,23.81
AAPL,5/23/2016 16:00,24.11
AAPL,5/24/2016 16:00,24.48
AAPL,5/25/2016 16:00,24.91
AAPL,5/26/2016 16:00,25.1
AAPL,5/27/2016 16:00,25.09
AAPL,5/31/2016 16:00,24.97
AAPL,6/1/2016 16:00,24.62
AAPL,6/2/2016 16:00,24.43
AAPL,6/3/2016 16:00,24.48
AAPL,6/6/2016 16:00,24.66
AAPL,6/7/2016 16:00,24.76
AAPL,6/8/2016 16:00,24.74
AAPL,6/9/2016 16:00,24.91
AAPL,6/10/2016 16:00,24.71
AAPL,6/13/2016 16:00,24.34
AAPL,6/14/2016 16:00,24.37
AAPL,6/15/2016 16:00,24.29
AAPL,6/16/2016 16:00,24.39
AAPL,6/17/2016 16:00,23.83
AAPL,6/20/2016 16:00,23.78
AAPL,6/21/2016 16:00,23.98
AAPL,6/22/2016 16:00,23.89
AAPL,6/23/2016 16:00,24.03
AAPL,6/24/2016 16:00,23.35
AAPL,6/27/2016 16:00,23.01
AAPL,6/28/2016 16:00,23.4
AAPL,6/29/2016 16:00,23.6
AAPL,6/30/2016 16:00,23.9
AAPL,7/1/2016 16:00,23.97
AAPL,7/5/2016 16:00,23.75
AAPL,7/6/2016 16:00,23.88
AAPL,7/7/2016 16:00,23.99
AAPL,7/8/2016 16:00,24.17
AAPL,7/11/2016 16:00,24.25
AAPL,7/12/2016 16:00,24.36
AAPL,7/13/2016 16:00,24.22
AAPL,7/14/2016 16:00,24.7
AAPL,7/15/2016 16:00,24.7
AAPL,7/18/2016 16:00,24.96
AAPL,7/19/2016 16:00,24.97
AAPL,7/20/2016 16:00,24.99
AAPL,7/21/2016 16:00,24.86
AAPL,7/22/2016 16:00,24.67
AAPL,7/25/2016 16:00,24.34
AAPL,7/26/2016 16:00,24.17
AAPL,7/27/2016 16:00,25.74
AAPL,7/28/2016 16:00,26.09
AAPL,7/29/2016 16:00,26.05
AAPL,8/1/2016 16:00,26.51
AAPL,8/2/2016 16:00,26.12
AAPL,8/3/2016 16:00,26.45
AAPL,8/4/2016 16:00,26.47
AAPL,8/5/2016 16:00,26.87
AAPL,8/8/2016 16:00,27.09
AAPL,8/9/2016 16:00,27.2
AAPL,8/10/2016 16:00,27
AAPL,8/11/2016 16:00,26.98
AAPL,8/12/2016 16:00,27.05
AAPL,8/15/2016 16:00,27.37
AAPL,8/16/2016 16:00,27.35
AAPL,8/17/2016 16:00,27.31
AAPL,8/18/2016 16:00,27.27
AAPL,8/19/2016 16:00,27.34
AAPL,8/22/2016 16:00,27.13
AAPL,8/23/2016 16:00,27.21
AAPL,8/24/2016 16:00,27.01
AAPL,8/25/2016 16:00,26.89
AAPL,8/26/2016 16:00,26.74
AAPL,8/29/2016 16:00,26.71
AAPL,8/30/2016 16:00,26.5
AAPL,8/31/2016 16:00,26.53
AAPL,9/1/2016 16:00,26.68
AAPL,9/2/2016 16:00,26.93
AAPL,9/6/2016 16:00,26.93
AAPL,9/7/2016 16:00,27.09
AAPL,9/8/2016 16:00,26.38
AAPL,9/9/2016 16:00,25.78
AAPL,9/12/2016 16:00,26.36
AAPL,9/13/2016 16:00,26.99
AAPL,9/14/2016 16:00,27.94
AAPL,9/15/2016 16:00,28.89
AAPL,9/16/2016 16:00,28.73
AAPL,9/19/2016 16:00,28.4
AAPL,9/20/2016 16:00,28.39
AAPL,9/21/2016 16:00,28.39
AAPL,9/22/2016 16:00,28.66
AAPL,9/23/2016 16:00,28.18
AAPL,9/26/2016 16:00,28.22
AAPL,9/27/2016 16:00,28.27
AAPL,9/28/2016 16:00,28.49
AAPL,9/29/2016 16:00,28.05
AAPL,9/30/2016 16:00,28.26
AAPL,10/3/2016 16:00,28.13
AAPL,10/4/2016 16:00,28.25
AAPL,10/5/2016 16:00,28.26
AAPL,10/6/2016 16:00,28.47
AAPL,10/7/2016 16:00,28.52
AAPL,10/10/2016 16:00,29.01
AAPL,10/11/2016 16:00,29.08
AAPL,10/12/2016 16:00,29.34
AAPL,10/13/2016 16:00,29.25
AAPL,10/14/2016 16:00,29.41
AAPL,10/17/2016 16:00,29.39
AAPL,10/18/2016 16:00,29.37
AAPL,10/19/2016 16:00,29.28
AAPL,10/20/2016 16:00,29.27
AAPL,10/21/2016 16:00,29.15
AAPL,10/24/2016 16:00,29.41
AAPL,10/25/2016 16:00,29.56
AAPL,10/26/2016 16:00,28.9
AAPL,10/27/2016 16:00,28.62
AAPL,10/28/2016 16:00,28.43
AAPL,10/31/2016 16:00,28.39
AAPL,11/1/2016 16:00,27.87
AAPL,11/2/2016 16:00,27.9
AAPL,11/3/2016 16:00,27.46
AAPL,11/4/2016 16:00,27.21
AAPL,11/7/2016 16:00,27.6
AAPL,11/8/2016 16:00,27.77
AAPL,11/9/2016 16:00,27.72
AAPL,11/10/2016 16:00,26.95
AAPL,11/11/2016 16:00,27.11
AAPL,11/14/2016 16:00,26.43
AAPL,11/15/2016 16:00,26.78
AAPL,11/16/2016 16:00,27.5
AAPL,11/17/2016 16:00,27.49
AAPL,11/18/2016 16:00,27.52
AAPL,11/21/2016 16:00,27.93
AAPL,11/22/2016 16:00,27.95
AAPL,11/23/2016 16:00,27.81
AAPL,11/25/2016 16:00,27.95
AAPL,11/28/2016 16:00,27.89
AAPL,11/29/2016 16:00,27.87
AAPL,11/30/2016 16:00,27.63
AAPL,12/1/2016 16:00,27.37
AAPL,12/2/2016 16:00,27.48
AAPL,12/5/2016 16:00,27.28
AAPL,12/6/2016 16:00,27.49
AAPL,12/7/2016 16:00,27.76
AAPL,12/8/2016 16:00,28.03
AAPL,12/9/2016 16:00,28.49
AAPL,12/12/2016 16:00,28.33
AAPL,12/13/2016 16:00,28.8
AAPL,12/14/2016 16:00,28.8
AAPL,12/15/2016 16:00,28.96
AAPL,12/16/2016 16:00,28.99
AAPL,12/19/2016 16:00,29.16
AAPL,12/20/2016 16:00,29.24
AAPL,12/21/2016 16:00,29.27
AAPL,12/22/2016 16:00,29.07
AAPL,12/23/2016 16:00,29.13
AAPL,12/27/2016 16:00,29.32
AAPL,12/28/2016 16:00,29.19
AAPL,12/29/2016 16:00,29.18
AAPL,12/30/2016 16:00,28.96
AAPL,1/3/2017 16:00,29.04
AAPL,1/4/2017 16:00,29.01
AAPL,1/5/2017 16:00,29.15
AAPL,1/6/2017 16:00,29.48
AAPL,1/9/2017 16:00,29.75
AAPL,1/10/2017 16:00,29.78
AAPL,1/11/2017 16:00,29.94
AAPL,1/12/2017 16:00,29.81
AAPL,1/13/2017 16:00,29.76
AAPL,1/17/2017 16:00,30
AAPL,1/18/2017 16:00,30
AAPL,1/19/2017 16:00,29.95
AAPL,1/20/2017 16:00,30
AAPL,1/23/2017 16:00,30.02
AAPL,1/24/2017 16:00,29.99
AAPL,1/25/2017 16:00,30.47
AAPL,1/26/2017 16:00,30.49
AAPL,1/27/2017 16:00,30.49
AAPL,1/30/2017 16:00,30.41
AAPL,1/31/2017 16:00,30.34
AAPL,2/1/2017 16:00,32.19
AAPL,2/2/2017 16:00,32.13
AAPL,2/3/2017 16:00,32.27
AAPL,2/6/2017 16:00,32.57
AAPL,2/7/2017 16:00,32.88
AAPL,2/8/2017 16:00,33.01
AAPL,2/9/2017 16:00,33.1
AAPL,2/10/2017 16:00,33.03
AAPL,2/13/2017 16:00,33.32
AAPL,2/14/2017 16:00,33.76
AAPL,2/15/2017 16:00,33.88
AAPL,2/16/2017 16:00,33.84
AAPL,2/17/2017 16:00,33.93
AAPL,2/21/2017 16:00,34.17
AAPL,2/22/2017 16:00,34.28
AAPL,2/23/2017 16:00,34.13
AAPL,2/24/2017 16:00,34.17
AAPL,2/27/2017 16:00,34.23
AAPL,2/28/2017 16:00,34.25
AAPL,3/1/2017 16:00,34.95
AAPL,3/2/2017 16:00,34.74
AAPL,3/3/2017 16:00,34.95
AAPL,3/6/2017 16:00,34.84
AAPL,3/7/2017 16:00,34.88
AAPL,3/8/2017 16:00,34.75
AAPL,3/9/2017 16:00,34.67
AAPL,3/10/2017 16:00,34.78
AAPL,3/13/2017 16:00,34.8
AAPL,3/14/2017 16:00,34.75
AAPL,3/15/2017 16:00,35.12
AAPL,3/16/2017 16:00,35.17
AAPL,3/17/2017 16:00,35
AAPL,3/20/2017 16:00,35.37
AAPL,3/21/2017 16:00,34.96
AAPL,3/22/2017 16:00,35.35
AAPL,3/23/2017 16:00,35.23
AAPL,3/24/2017 16:00,35.16
AAPL,3/27/2017 16:00,35.22
AAPL,3/28/2017 16:00,35.95
AAPL,3/29/2017 16:00,36.03
AAPL,3/30/2017 16:00,35.98
AAPL,3/31/2017 16:00,35.92
AAPL,4/3/2017 16:00,35.92
AAPL,4/4/2017 16:00,36.19
AAPL,4/5/2017 16:00,36.01
AAPL,4/6/2017 16:00,35.92
AAPL,4/7/2017 16:00,35.84
AAPL,4/10/2017 16:00,35.79
AAPL,4/11/2017 16:00,35.41
AAPL,4/12/2017 16:00,35.45
AAPL,4/13/2017 16:00,35.26
AAPL,4/17/2017 16:00,35.46
AAPL,4/18/2017 16:00,35.3
AAPL,4/19/2017 16:00,35.17
AAPL,4/20/2017 16:00,35.61
AAPL,4/21/2017 16:00,35.57
AAPL,4/24/2017 16:00,35.91
AAPL,4/25/2017 16:00,36.13
AAPL,4/26/2017 16:00,35.92
AAPL,4/27/2017 16:00,35.95
AAPL,4/28/2017 16:00,35.91
AAPL,5/1/2017 16:00,36.65
AAPL,5/2/2017 16:00,36.88
AAPL,5/3/2017 16:00,36.77
AAPL,5/4/2017 16:00,36.63
AAPL,5/5/2017 16:00,37.24
AAPL,5/8/2017 16:00,38.25
AAPL,5/9/2017 16:00,38.5
AAPL,5/10/2017 16:00,38.32
AAPL,5/11/2017 16:00,38.49
AAPL,5/12/2017 16:00,39.03
AAPL,5/15/2017 16:00,38.92
AAPL,5/16/2017 16:00,38.87
AAPL,5/17/2017 16:00,37.56
AAPL,5/18/2017 16:00,38.14
AAPL,5/19/2017 16:00,38.27
AAPL,5/22/2017 16:00,38.5
AAPL,5/23/2017 16:00,38.45
AAPL,5/24/2017 16:00,38.34
AAPL,5/25/2017 16:00,38.47
AAPL,5/26/2017 16:00,38.4
AAPL,5/30/2017 16:00,38.42
AAPL,5/31/2017 16:00,38.19
AAPL,6/1/2017 16:00,38.3
AAPL,6/2/2017 16:00,38.86
AAPL,6/5/2017 16:00,38.48
AAPL,6/6/2017 16:00,38.61
AAPL,6/7/2017 16:00,38.84
AAPL,6/8/2017 16:00,38.75
AAPL,6/9/2017 16:00,37.24
AAPL,6/12/2017 16:00,36.35
AAPL,6/13/2017 16:00,36.65
AAPL,6/14/2017 16:00,36.29
AAPL,6/15/2017 16:00,36.07
AAPL,6/16/2017 16:00,35.57
AAPL,6/19/2017 16:00,36.59
AAPL,6/20/2017 16:00,36.25
AAPL,6/21/2017 16:00,36.47
AAPL,6/22/2017 16:00,36.41
AAPL,6/23/2017 16:00,36.57
AAPL,6/26/2017 16:00,36.46
AAPL,6/27/2017 16:00,35.93
AAPL,6/28/2017 16:00,36.46
AAPL,6/29/2017 16:00,35.92
AAPL,6/30/2017 16:00,36.01
AAPL,7/3/2017 16:00,35.88
AAPL,7/5/2017 16:00,36.02
AAPL,7/6/2017 16:00,35.68
AAPL,7/7/2017 16:00,36.05
AAPL,7/10/2017 16:00,36.27
AAPL,7/11/2017 16:00,36.38
AAPL,7/12/2017 16:00,36.44
AAPL,7/13/2017 16:00,36.94
AAPL,7/14/2017 16:00,37.26
AAPL,7/17/2017 16:00,37.39
AAPL,7/18/2017 16:00,37.52
AAPL,7/19/2017 16:00,37.76
AAPL,7/20/2017 16:00,37.59
AAPL,7/21/2017 16:00,37.57
AAPL,7/24/2017 16:00,38.02
AAPL,7/25/2017 16:00,38.19
AAPL,7/26/2017 16:00,38.37
AAPL,7/27/2017 16:00,37.64
AAPL,7/28/2017 16:00,37.38
AAPL,7/31/2017 16:00,37.18
AAPL,8/1/2017 16:00,37.51
AAPL,8/2/2017 16:00,39.28
AAPL,8/3/2017 16:00,38.89
AAPL,8/4/2017 16:00,39.1
AAPL,8/7/2017 16:00,39.7
AAPL,8/8/2017 16:00,40.02
AAPL,8/9/2017 16:00,40.27
AAPL,8/10/2017 16:00,38.83
AAPL,8/11/2017 16:00,39.37
AAPL,8/14/2017 16:00,39.96
AAPL,8/15/2017 16:00,40.4
AAPL,8/16/2017 16:00,40.24
AAPL,8/17/2017 16:00,39.47
AAPL,8/18/2017 16:00,39.38
AAPL,8/21/2017 16:00,39.3
AAPL,8/22/2017 16:00,39.95
AAPL,8/23/2017 16:00,39.99
AAPL,8/24/2017 16:00,39.82
AAPL,8/25/2017 16:00,39.97
AAPL,8/28/2017 16:00,40.37
AAPL,8/29/2017 16:00,40.73
AAPL,8/30/2017 16:00,40.84
AAPL,8/31/2017 16:00,41
AAPL,9/1/2017 16:00,41.01
AAPL,9/5/2017 16:00,40.52
AAPL,9/6/2017 16:00,40.48
AAPL,9/7/2017 16:00,40.32
AAPL,9/8/2017 16:00,39.66
AAPL,9/11/2017 16:00,40.38
AAPL,9/12/2017 16:00,40.22
AAPL,9/13/2017 16:00,39.91
AAPL,9/14/2017 16:00,39.57
AAPL,9/15/2017 16:00,39.97
AAPL,9/18/2017 16:00,39.67
AAPL,9/19/2017 16:00,39.68
AAPL,9/20/2017 16:00,39.02
AAPL,9/21/2017 16:00,38.35
AAPL,9/22/2017 16:00,37.97
AAPL,9/25/2017 16:00,37.64
AAPL,9/26/2017 16:00,38.28
AAPL,9/27/2017 16:00,38.56
AAPL,9/28/2017 16:00,38.32
AAPL,9/29/2017 16:00,38.53
AAPL,10/2/2017 16:00,38.45
AAPL,10/3/2017 16:00,38.62
AAPL,10/4/2017 16:00,38.37
AAPL,10/5/2017 16:00,38.85
AAPL,10/6/2017 16:00,38.83
AAPL,10/9/2017 16:00,38.96
AAPL,10/10/2017 16:00,38.98
AAPL,10/11/2017 16:00,39.14
AAPL,10/12/2017 16:00,39
AAPL,10/13/2017 16:00,39.25
AAPL,10/16/2017 16:00,39.97
AAPL,10/17/2017 16:00,40.12
AAPL,10/18/2017 16:00,39.94
AAPL,10/19/2017 16:00,38.99
AAPL,10/20/2017 16:00,39.06
AAPL,10/23/2017 16:00,39.04
AAPL,10/24/2017 16:00,39.28
AAPL,10/25/2017 16:00,39.1
AAPL,10/26/2017 16:00,39.35
AAPL,10/27/2017 16:00,40.76
AAPL,10/30/2017 16:00,41.68
AAPL,10/31/2017 16:00,42.26
AAPL,11/1/2017 16:00,41.72
AAPL,11/2/2017 16:00,42.03
AAPL,11/3/2017 16:00,43.13
AAPL,11/6/2017 16:00,43.56
AAPL,11/7/2017 16:00,43.7
AAPL,11/8/2017 16:00,44.06
AAPL,11/9/2017 16:00,43.97
AAPL,11/10/2017 16:00,43.67
AAPL,11/13/2017 16:00,43.49
AAPL,11/14/2017 16:00,42.84
AAPL,11/15/2017 16:00,42.27
AAPL,11/16/2017 16:00,42.78
AAPL,11/17/2017 16:00,42.54
AAPL,11/20/2017 16:00,42.5
AAPL,11/21/2017 16:00,43.29
AAPL,11/22/2017 16:00,43.74
AAPL,11/24/2017 13:00,43.74
AAPL,11/27/2017 16:00,43.52
AAPL,11/28/2017 16:00,43.27
AAPL,11/29/2017 16:00,42.37
AAPL,11/30/2017 16:00,42.96
AAPL,12/1/2017 16:00,42.76
AAPL,12/4/2017 16:00,42.45
AAPL,12/5/2017 16:00,42.41
AAPL,12/6/2017 16:00,42.25
AAPL,12/7/2017 16:00,42.33
AAPL,12/8/2017 16:00,42.34
AAPL,12/11/2017 16:00,43.17
AAPL,12/12/2017 16:00,42.93
AAPL,12/13/2017 16:00,43.07
AAPL,12/14/2017 16:00,43.06
AAPL,12/15/2017 16:00,43.49
AAPL,12/18/2017 16:00,44.11
AAPL,12/19/2017 16:00,43.64
AAPL,12/20/2017 16:00,43.59
AAPL,12/21/2017 16:00,43.75
AAPL,12/22/2017 16:00,43.75
AAPL,12/26/2017 16:00,42.64
AAPL,12/27/2017 16:00,42.65
AAPL,12/28/2017 16:00,42.77
AAPL,12/29/2017 16:00,42.31
AAPL,1/2/2018 16:00,43.07
AAPL,1/3/2018 16:00,43.06
AAPL,1/4/2018 16:00,43.26
AAPL,1/5/2018 16:00,43.75
AAPL,1/8/2018 16:00,43.59
AAPL,1/9/2018 16:00,43.58
AAPL,1/10/2018 16:00,43.57
AAPL,1/11/2018 16:00,43.82
AAPL,1/12/2018 16:00,44.27
AAPL,1/16/2018 16:00,44.05
AAPL,1/17/2018 16:00,44.78
AAPL,1/18/2018 16:00,44.82
AAPL,1/19/2018 16:00,44.62
AAPL,1/22/2018 16:00,44.25
AAPL,1/23/2018 16:00,44.26
AAPL,1/24/2018 16:00,43.56
AAPL,1/25/2018 16:00,42.78
AAPL,1/26/2018 16:00,42.88
AAPL,1/29/2018 16:00,41.99
AAPL,1/30/2018 16:00,41.74
AAPL,1/31/2018 16:00,41.86
AAPL,2/1/2018 16:00,41.95
AAPL,2/2/2018 16:00,40.13
AAPL,2/5/2018 16:00,39.12
AAPL,2/6/2018 16:00,40.76
AAPL,2/7/2018 16:00,39.89
AAPL,2/8/2018 16:00,38.79
AAPL,2/9/2018 16:00,39.1
AAPL,2/12/2018 16:00,40.68
AAPL,2/13/2018 16:00,41.09
AAPL,2/14/2018 16:00,41.84
AAPL,2/15/2018 16:00,43.25
AAPL,2/16/2018 16:00,43.11
AAPL,2/20/2018 16:00,42.96
AAPL,2/21/2018 16:00,42.77
AAPL,2/22/2018 16:00,43.13
AAPL,2/23/2018 16:00,43.88
AAPL,2/26/2018 16:00,44.74
AAPL,2/27/2018 16:00,44.6
AAPL,2/28/2018 16:00,44.53
AAPL,3/1/2018 16:00,43.75
AAPL,3/2/2018 16:00,44.05
AAPL,3/5/2018 16:00,44.21
AAPL,3/6/2018 16:00,44.17
AAPL,3/7/2018 16:00,43.76
AAPL,3/8/2018 16:00,44.24
AAPL,3/9/2018 16:00,45
AAPL,3/12/2018 16:00,45.43
AAPL,3/13/2018 16:00,44.99
AAPL,3/14/2018 16:00,44.61
AAPL,3/15/2018 16:00,44.66
AAPL,3/16/2018 16:00,44.51
AAPL,3/19/2018 16:00,43.83
AAPL,3/20/2018 16:00,43.81
AAPL,3/21/2018 16:00,42.82
AAPL,3/22/2018 16:00,42.21
AAPL,3/23/2018 16:00,41.24
AAPL,3/26/2018 16:00,43.19
AAPL,3/27/2018 16:00,42.09
AAPL,3/28/2018 16:00,41.62
AAPL,3/29/2018 16:00,41.95
AAPL,4/2/2018 16:00,41.67
AAPL,4/3/2018 16:00,42.1
AAPL,4/4/2018 16:00,42.9
AAPL,4/5/2018 16:00,43.2
AAPL,4/6/2018 16:00,42.1
AAPL,4/9/2018 16:00,42.51
AAPL,4/10/2018 16:00,43.31
AAPL,4/11/2018 16:00,43.11
AAPL,4/12/2018 16:00,43.54
AAPL,4/13/2018 16:00,43.68
AAPL,4/16/2018 16:00,43.96
AAPL,4/17/2018 16:00,44.56
AAPL,4/18/2018 16:00,44.46
AAPL,4/19/2018 16:00,43.2
AAPL,4/20/2018 16:00,41.43
AAPL,4/23/2018 16:00,41.31
AAPL,4/24/2018 16:00,40.74
AAPL,4/25/2018 16:00,40.91
AAPL,4/26/2018 16:00,41.06
AAPL,4/27/2018 16:00,40.58
AAPL,4/30/2018 16:00,41.32
AAPL,5/1/2018 16:00,42.28
AAPL,5/2/2018 16:00,44.14
AAPL,5/3/2018 16:00,44.22
AAPL,5/4/2018 16:00,45.96
AAPL,5/7/2018 16:00,46.29
AAPL,5/8/2018 16:00,46.51
AAPL,5/9/2018 16:00,46.84
AAPL,5/10/2018 16:00,47.51
AAPL,5/11/2018 16:00,47.15
AAPL,5/14/2018 16:00,47.04
AAPL,5/15/2018 16:00,46.61
AAPL,5/16/2018 16:00,47.05
AAPL,5/17/2018 16:00,46.75
AAPL,5/18/2018 16:00,46.58
AAPL,5/21/2018 16:00,46.91
AAPL,5/22/2018 16:00,46.79
AAPL,5/23/2018 16:00,47.09
AAPL,5/24/2018 16:00,47.04
AAPL,5/25/2018 16:00,47.15
AAPL,5/29/2018 16:00,46.98
AAPL,5/30/2018 16:00,46.88
AAPL,5/31/2018 16:00,46.72
AAPL,6/1/2018 16:00,47.56
AAPL,6/4/2018 16:00,47.96
AAPL,6/5/2018 16:00,48.33
AAPL,6/6/2018 16:00,48.5
AAPL,6/7/2018 16:00,48.37
AAPL,6/8/2018 16:00,47.93
AAPL,6/11/2018 16:00,47.81
AAPL,6/12/2018 16:00,48.07
AAPL,6/13/2018 16:00,47.68
AAPL,6/14/2018 16:00,47.7
AAPL,6/15/2018 16:00,47.21
AAPL,6/18/2018 16:00,47.19
AAPL,6/19/2018 16:00,46.42
AAPL,6/20/2018 16:00,46.63
AAPL,6/21/2018 16:00,46.37
AAPL,6/22/2018 16:00,46.23
AAPL,6/25/2018 16:00,45.54
AAPL,6/26/2018 16:00,46.11
AAPL,6/27/2018 16:00,46.04
AAPL,6/28/2018 16:00,46.38
AAPL,6/29/2018 16:00,46.28
AAPL,7/2/2018 16:00,46.8
AAPL,7/3/2018 13:00,45.98
AAPL,7/5/2018 16:00,46.35
AAPL,7/6/2018 16:00,46.99
AAPL,7/9/2018 16:00,47.65
AAPL,7/10/2018 16:00,47.59
AAPL,7/11/2018 16:00,46.97
AAPL,7/12/2018 16:00,47.76
AAPL,7/13/2018 16:00,47.83
AAPL,7/16/2018 16:00,47.73
AAPL,7/17/2018 16:00,47.86
AAPL,7/18/2018 16:00,47.6
AAPL,7/19/2018 16:00,47.97
AAPL,7/20/2018 16:00,47.86
AAPL,7/23/2018 16:00,47.86
AAPL,7/24/2018 16:00,48.25
AAPL,7/25/2018 16:00,48.71
AAPL,7/26/2018 16:00,48.55
AAPL,7/27/2018 16:00,47.75
AAPL,7/30/2018 16:00,47.48
AAPL,7/31/2018 16:00,47.57
AAPL,8/1/2018 16:00,50.38
AAPL,8/2/2018 16:00,51.85
AAPL,8/3/2018 16:00,52
AAPL,8/6/2018 16:00,52.27
AAPL,8/7/2018 16:00,51.78
AAPL,8/8/2018 16:00,51.81
AAPL,8/9/2018 16:00,52.22
AAPL,8/10/2018 16:00,51.88
AAPL,8/13/2018 16:00,52.22
AAPL,8/14/2018 16:00,52.44
AAPL,8/15/2018 16:00,52.56
AAPL,8/16/2018 16:00,53.33
AAPL,8/17/2018 16:00,54.4
AAPL,8/20/2018 16:00,53.87
AAPL,8/21/2018 16:00,53.76
AAPL,8/22/2018 16:00,53.76
AAPL,8/23/2018 16:00,53.87
AAPL,8/24/2018 16:00,54.04
AAPL,8/27/2018 16:00,54.49
AAPL,8/28/2018 16:00,54.93
AAPL,8/29/2018 16:00,55.75
AAPL,8/30/2018 16:00,56.26
AAPL,8/31/2018 16:00,56.91
AAPL,9/4/2018 16:00,57.09
AAPL,9/5/2018 16:00,56.72
AAPL,9/6/2018 16:00,55.78
AAPL,9/7/2018 16:00,55.33
AAPL,9/10/2018 16:00,54.58
AAPL,9/11/2018 16:00,55.96
AAPL,9/12/2018 16:00,55.27
AAPL,9/13/2018 16:00,56.6
AAPL,9/14/2018 16:00,55.96
AAPL,9/17/2018 16:00,54.47
AAPL,9/18/2018 16:00,54.56
AAPL,9/19/2018 16:00,54.59
AAPL,9/20/2018 16:00,55.01
AAPL,9/21/2018 16:00,54.42
AAPL,9/24/2018 16:00,55.2
AAPL,9/25/2018 16:00,55.55
AAPL,9/26/2018 16:00,55.11
AAPL,9/27/2018 16:00,56.24
AAPL,9/28/2018 16:00,56.44
AAPL,10/1/2018 16:00,56.82
AAPL,10/2/2018 16:00,57.32
AAPL,10/3/2018 16:00,58.02
AAPL,10/4/2018 16:00,57
AAPL,10/5/2018 16:00,56.07
AAPL,10/8/2018 16:00,55.94
AAPL,10/9/2018 16:00,56.72
AAPL,10/10/2018 16:00,54.09
AAPL,10/11/2018 16:00,53.61
AAPL,10/12/2018 16:00,55.53
AAPL,10/15/2018 16:00,54.34
AAPL,10/16/2018 16:00,55.54
AAPL,10/17/2018 16:00,55.3
AAPL,10/18/2018 16:00,54.01
AAPL,10/19/2018 16:00,54.83
AAPL,10/22/2018 16:00,55.16
AAPL,10/23/2018 16:00,55.68
AAPL,10/24/2018 16:00,53.77
AAPL,10/25/2018 16:00,54.95
AAPL,10/26/2018 16:00,54.08
AAPL,10/29/2018 16:00,53.06
AAPL,10/30/2018 16:00,53.33
AAPL,10/31/2018 16:00,54.72
AAPL,11/1/2018 16:00,55.56
AAPL,11/2/2018 16:00,51.87
AAPL,11/5/2018 16:00,50.4
AAPL,11/6/2018 16:00,50.94
AAPL,11/7/2018 16:00,52.49
AAPL,11/8/2018 16:00,52.12
AAPL,11/9/2018 16:00,51.12
AAPL,11/12/2018 16:00,48.54
AAPL,11/13/2018 16:00,48.06
AAPL,11/14/2018 16:00,46.7
AAPL,11/15/2018 16:00,47.85
AAPL,11/16/2018 16:00,48.38
AAPL,11/19/2018 16:00,46.47
AAPL,11/20/2018 16:00,44.25
AAPL,11/21/2018 16:00,44.2
AAPL,11/23/2018 13:00,43.07
AAPL,11/26/2018 16:00,43.66
AAPL,11/27/2018 16:00,43.56
AAPL,11/28/2018 16:00,45.24
AAPL,11/29/2018 16:00,44.89
AAPL,11/30/2018 16:00,44.65
AAPL,12/3/2018 16:00,46.21
AAPL,12/4/2018 16:00,44.17
AAPL,12/6/2018 16:00,43.68
AAPL,12/7/2018 16:00,42.12
AAPL,12/10/2018 16:00,42.4
AAPL,12/11/2018 16:00,42.16
AAPL,12/12/2018 16:00,42.28
AAPL,12/13/2018 16:00,42.74
AAPL,12/14/2018 16:00,41.37
AAPL,12/17/2018 16:00,40.99
AAPL,12/18/2018 16:00,41.52
AAPL,12/19/2018 16:00,40.22
AAPL,12/20/2018 16:00,39.21
AAPL,12/21/2018 16:00,37.68
AAPL,12/24/2018 13:00,36.71
AAPL,12/26/2018 16:00,39.29
AAPL,12/27/2018 16:00,39.04
AAPL,12/28/2018 16:00,39.06
AAPL,12/31/2018 16:00,39.44
AAPL,1/2/2019 16:00,39.48
AAPL,1/3/2019 16:00,35.55
AAPL,1/4/2019 16:00,37.07
AAPL,1/7/2019 16:00,36.98
AAPL,1/8/2019 16:00,37.69
AAPL,1/9/2019 16:00,38.33
AAPL,1/10/2019 16:00,38.45
AAPL,1/11/2019 16:00,38.07
AAPL,1/14/2019 16:00,37.5
AAPL,1/15/2019 16:00,38.27
AAPL,1/16/2019 16:00,38.74
AAPL,1/17/2019 16:00,38.97
AAPL,1/18/2019 16:00,39.21
AAPL,1/22/2019 16:00,38.33
AAPL,1/23/2019 16:00,38.48
AAPL,1/24/2019 16:00,38.17
AAPL,1/25/2019 16:00,39.44
AAPL,1/28/2019 16:00,39.08
AAPL,1/29/2019 16:00,38.67
AAPL,1/30/2019 16:00,41.31
AAPL,1/31/2019 16:00,41.61
AAPL,2/1/2019 16:00,41.63
AAPL,2/4/2019 16:00,42.81
AAPL,2/5/2019 16:00,43.55
AAPL,2/6/2019 16:00,43.56
AAPL,2/7/2019 16:00,42.74
AAPL,2/8/2019 16:00,42.6
AAPL,2/11/2019 16:00,42.36
AAPL,2/12/2019 16:00,42.72
AAPL,2/13/2019 16:00,42.55
AAPL,2/14/2019 16:00,42.7
AAPL,2/15/2019 16:00,42.61
AAPL,2/19/2019 16:00,42.73
AAPL,2/20/2019 16:00,43.01
AAPL,2/21/2019 16:00,42.77
AAPL,2/22/2019 16:00,43.24
AAPL,2/25/2019 16:00,43.56
AAPL,2/26/2019 16:00,43.58
AAPL,2/27/2019 16:00,43.72
AAPL,2/28/2019 16:00,43.29
AAPL,3/1/2019 16:00,43.74
AAPL,3/4/2019 16:00,43.96
AAPL,3/5/2019 16:00,43.88
AAPL,3/6/2019 16:00,43.63
AAPL,3/7/2019 16:00,43.13
AAPL,3/8/2019 16:00,43.23
AAPL,3/11/2019 16:00,44.73
AAPL,3/12/2019 16:00,45.23
AAPL,3/13/2019 16:00,45.43
AAPL,3/14/2019 16:00,45.93
AAPL,3/15/2019 16:00,46.53
AAPL,3/18/2019 16:00,47.01
AAPL,3/19/2019 16:00,46.63
AAPL,3/20/2019 16:00,47.04
AAPL,3/21/2019 16:00,48.77
AAPL,3/22/2019 16:00,47.76
AAPL,3/25/2019 16:00,47.19
AAPL,3/26/2019 16:00,46.7
AAPL,3/27/2019 16:00,47.12
AAPL,3/28/2019 16:00,47.18
AAPL,3/29/2019 16:00,47.49
AAPL,4/1/2019 16:00,47.81
AAPL,4/2/2019 16:00,48.51
AAPL,4/3/2019 16:00,48.84
AAPL,4/4/2019 16:00,48.92
AAPL,4/5/2019 16:00,49.25
AAPL,4/8/2019 16:00,50.03
AAPL,4/9/2019 16:00,49.88
AAPL,4/10/2019 16:00,50.16
AAPL,4/11/2019 16:00,49.74
AAPL,4/12/2019 16:00,49.72
AAPL,4/15/2019 16:00,49.81
AAPL,4/16/2019 16:00,49.81
AAPL,4/17/2019 16:00,50.78
AAPL,4/18/2019 16:00,50.97
AAPL,4/22/2019 16:00,51.13
AAPL,4/23/2019 16:00,51.87
AAPL,4/24/2019 16:00,51.79
AAPL,4/25/2019 16:00,51.32
AAPL,4/26/2019 16:00,51.08
AAPL,4/29/2019 16:00,51.15
AAPL,4/30/2019 16:00,50.17
AAPL,5/1/2019 16:00,52.63
AAPL,5/2/2019 16:00,52.29
AAPL,5/3/2019 16:00,52.94
AAPL,5/6/2019 16:00,52.12
AAPL,5/7/2019 16:00,50.72
AAPL,5/8/2019 16:00,50.73
AAPL,5/9/2019 16:00,50.18
AAPL,5/10/2019 16:00,49.3
AAPL,5/13/2019 16:00,46.43
AAPL,5/14/2019 16:00,47.17
AAPL,5/15/2019 16:00,47.73
AAPL,5/16/2019 16:00,47.52
AAPL,5/17/2019 16:00,47.25
AAPL,5/20/2019 16:00,45.77
AAPL,5/21/2019 16:00,46.65
AAPL,5/22/2019 16:00,45.7
AAPL,5/23/2019 16:00,44.92
AAPL,5/24/2019 16:00,44.74
AAPL,5/28/2019 16:00,44.56
AAPL,5/29/2019 16:00,44.35
AAPL,5/30/2019 16:00,44.58
AAPL,5/31/2019 16:00,43.77
AAPL,6/3/2019 16:00,43.33
AAPL,6/4/2019 16:00,44.91
AAPL,6/5/2019 16:00,45.64
AAPL,6/6/2019 16:00,46.31
AAPL,6/7/2019 16:00,47.54
AAPL,6/10/2019 16:00,48.15
AAPL,6/11/2019 16:00,48.7
AAPL,6/12/2019 16:00,48.55
AAPL,6/13/2019 16:00,48.54
AAPL,6/14/2019 16:00,48.19
AAPL,6/17/2019 16:00,48.47
AAPL,6/18/2019 16:00,49.61
AAPL,6/19/2019 16:00,49.47
AAPL,6/20/2019 16:00,49.87
AAPL,6/21/2019 16:00,49.7
AAPL,6/24/2019 16:00,49.65
AAPL,6/25/2019 16:00,48.89
AAPL,6/26/2019 16:00,49.95
AAPL,6/27/2019 16:00,49.94
AAPL,6/28/2019 16:00,49.48
AAPL,7/1/2019 16:00,50.39
AAPL,7/2/2019 16:00,50.68
AAPL,7/3/2019 13:00,51.1
AAPL,7/5/2019 16:00,51.06
AAPL,7/8/2019 16:00,50.01
AAPL,7/9/2019 16:00,50.31
AAPL,7/10/2019 16:00,50.81
AAPL,7/11/2019 16:00,50.44
AAPL,7/12/2019 16:00,50.83
AAPL,7/15/2019 16:00,51.3
AAPL,7/16/2019 16:00,51.13
AAPL,7/17/2019 16:00,50.84
AAPL,7/18/2019 16:00,51.42
AAPL,7/19/2019 16:00,50.65
AAPL,7/22/2019 16:00,51.81
AAPL,7/23/2019 16:00,52.21
AAPL,7/24/2019 16:00,52.17
AAPL,7/25/2019 16:00,51.76
AAPL,7/26/2019 16:00,51.94
AAPL,7/29/2019 16:00,52.42
AAPL,7/30/2019 16:00,52.2
AAPL,7/31/2019 16:00,53.26
AAPL,8/1/2019 16:00,52.11
AAPL,8/2/2019 16:00,51.01
AAPL,8/5/2019 16:00,48.34
AAPL,8/6/2019 16:00,49.25
AAPL,8/7/2019 16:00,49.76
AAPL,8/8/2019 16:00,50.86
AAPL,8/9/2019 16:00,50.25
AAPL,8/12/2019 16:00,50.12
AAPL,8/13/2019 16:00,52.24
AAPL,8/14/2019 16:00,50.69
AAPL,8/15/2019 16:00,50.44
AAPL,8/16/2019 16:00,51.63
AAPL,8/19/2019 16:00,52.59
AAPL,8/20/2019 16:00,52.59
AAPL,8/21/2019 16:00,53.16
AAPL,8/22/2019 16:00,53.12
AAPL,8/23/2019 16:00,50.66
AAPL,8/26/2019 16:00,51.62
AAPL,8/27/2019 16:00,51.04
AAPL,8/28/2019 16:00,51.38
AAPL,8/29/2019 16:00,52.25
AAPL,8/30/2019 16:00,52.19
AAPL,9/3/2019 16:00,51.43
AAPL,9/4/2019 16:00,52.3
AAPL,9/5/2019 16:00,53.32
AAPL,9/6/2019 16:00,53.32
AAPL,9/9/2019 16:00,53.54
AAPL,9/10/2019 16:00,54.18
AAPL,9/11/2019 16:00,55.9
AAPL,9/12/2019 16:00,55.77
AAPL,9/13/2019 16:00,54.69
AAPL,9/16/2019 16:00,54.98
AAPL,9/17/2019 16:00,55.18
AAPL,9/18/2019 16:00,55.69
AAPL,9/19/2019 16:00,55.24
AAPL,9/20/2019 16:00,54.43
AAPL,9/23/2019 16:00,54.68
AAPL,9/24/2019 16:00,54.42
AAPL,9/25/2019 16:00,55.26
AAPL,9/26/2019 16:00,54.97
AAPL,9/27/2019 16:00,54.71
AAPL,9/30/2019 16:00,55.99
AAPL,10/1/2019 16:00,56.15
AAPL,10/2/2019 16:00,54.74
AAPL,10/3/2019 16:00,55.21
AAPL,10/4/2019 16:00,56.75
AAPL,10/7/2019 16:00,56.77
AAPL,10/8/2019 16:00,56.1
AAPL,10/9/2019 16:00,56.76
AAPL,10/10/2019 16:00,57.52
AAPL,10/11/2019 16:00,59.05
AAPL,10/14/2019 16:00,58.97
AAPL,10/15/2019 16:00,58.83
AAPL,10/16/2019 16:00,58.59
AAPL,10/17/2019 16:00,58.82
AAPL,10/18/2019 16:00,59.1
AAPL,10/21/2019 16:00,60.13
AAPL,10/22/2019 16:00,59.99
AAPL,10/23/2019 16:00,60.8
AAPL,10/24/2019 16:00,60.9
AAPL,10/25/2019 16:00,61.65
AAPL,10/28/2019 16:00,62.26
AAPL,10/29/2019 16:00,60.82
AAPL,10/30/2019 16:00,60.82
AAPL,10/31/2019 16:00,62.19
AAPL,11/1/2019 16:00,63.96
AAPL,11/4/2019 16:00,64.38
AAPL,11/5/2019 16:00,64.28
AAPL,11/6/2019 16:00,64.31
AAPL,11/7/2019 16:00,64.86
AAPL,11/8/2019 16:00,65.04
AAPL,11/11/2019 16:00,65.55
AAPL,11/12/2019 16:00,65.49
AAPL,11/13/2019 16:00,66.12
AAPL,11/14/2019 16:00,65.66
AAPL,11/15/2019 16:00,66.44
AAPL,11/18/2019 16:00,66.78
AAPL,11/19/2019 16:00,66.57
AAPL,11/20/2019 16:00,65.8
AAPL,11/21/2019 16:00,65.5
AAPL,11/22/2019 16:00,65.44
AAPL,11/25/2019 16:00,66.59
AAPL,11/26/2019 16:00,66.07
AAPL,11/27/2019 16:00,66.96
AAPL,11/29/2019 13:00,66.81
AAPL,12/2/2019 16:00,66.04
AAPL,12/3/2019 16:00,64.86
AAPL,12/4/2019 16:00,65.44
AAPL,12/5/2019 16:00,66.4
AAPL,12/6/2019 16:00,67.68
AAPL,12/9/2019 16:00,66.73
AAPL,12/10/2019 16:00,67.12
AAPL,12/11/2019 16:00,67.69
AAPL,12/12/2019 16:00,67.86
AAPL,12/13/2019 16:00,68.79
AAPL,12/16/2019 16:00,69.97
AAPL,12/17/2019 16:00,70.1
AAPL,12/18/2019 16:00,69.94
AAPL,12/19/2019 16:00,70.01
AAPL,12/20/2019 16:00,69.86
AAPL,12/23/2019 16:00,71
AAPL,12/24/2019 13:00,71.07
AAPL,12/26/2019 16:00,72.48
AAPL,12/27/2019 16:00,72.45
AAPL,12/30/2019 16:00,72.88
AAPL,12/31/2019 16:00,73.41
AAPL,1/2/2020 16:00,75.09
AAPL,1/3/2020 16:00,74.36
AAPL,1/6/2020 16:00,74.95
AAPL,1/7/2020 16:00,74.6
AAPL,1/8/2020 16:00,75.8
AAPL,1/9/2020 16:00,77.41
AAPL,1/10/2020 16:00,77.58
AAPL,1/13/2020 16:00,79.24
AAPL,1/14/2020 16:00,78.17
AAPL,1/15/2020 16:00,77.83
AAPL,1/16/2020 16:00,78.81
AAPL,1/17/2020 16:00,79.68
AAPL,1/21/2020 16:00,79.14
AAPL,1/22/2020 16:00,79.43
AAPL,1/23/2020 16:00,79.81
AAPL,1/24/2020 16:00,79.58
AAPL,1/27/2020 16:00,77.24
AAPL,1/28/2020 16:00,79.42
AAPL,1/29/2020 16:00,81.08
AAPL,1/30/2020 16:00,80.97
AAPL,1/31/2020 16:00,77.38
AAPL,2/3/2020 16:00,77.17
AAPL,2/4/2020 16:00,79.71
AAPL,2/5/2020 16:00,80.36
AAPL,2/6/2020 16:00,81.3
AAPL,2/7/2020 16:00,80.01
AAPL,2/10/2020 16:00,80.39
AAPL,2/11/2020 16:00,79.9
AAPL,2/12/2020 16:00,81.8
AAPL,2/13/2020 16:00,81.22
AAPL,2/14/2020 16:00,81.24
AAPL,2/18/2020 16:00,79.75
AAPL,2/19/2020 16:00,80.91
AAPL,2/20/2020 16:00,80.08
AAPL,2/21/2020 16:00,78.26
AAPL,2/24/2020 16:00,74.55
AAPL,2/25/2020 16:00,72.02
AAPL,2/26/2020 16:00,73.16
AAPL,2/27/2020 16:00,68.38
AAPL,2/28/2020 16:00,68.34
AAPL,3/2/2020 16:00,74.7
AAPL,3/3/2020 16:00,72.33
AAPL,3/4/2020 16:00,75.69
AAPL,3/5/2020 16:00,73.23
AAPL,3/6/2020 16:00,72.26
AAPL,3/9/2020 16:00,66.54
AAPL,3/10/2020 16:00,71.33
AAPL,3/11/2020 16:00,68.86
AAPL,3/12/2020 16:00,62.06
AAPL,3/13/2020 16:00,69.49
AAPL,3/16/2020 16:00,60.55
AAPL,3/17/2020 16:00,63.22
AAPL,3/18/2020 16:00,61.67
AAPL,3/19/2020 16:00,61.2
AAPL,3/20/2020 16:00,57.31
AAPL,3/23/2020 16:00,56.09
AAPL,3/24/2020 16:00,61.72
AAPL,3/25/2020 16:00,61.38
AAPL,3/26/2020 16:00,64.61
AAPL,3/27/2020 16:00,61.94
AAPL,3/30/2020 16:00,63.7
AAPL,3/31/2020 16:00,63.57
AAPL,4/1/2020 16:00,60.23
AAPL,4/2/2020 16:00,61.23
AAPL,4/3/2020 16:00,60.35
AAPL,4/6/2020 16:00,65.62
AAPL,4/7/2020 16:00,64.86
AAPL,4/8/2020 16:00,66.52
AAPL,4/9/2020 16:00,67
AAPL,4/13/2020 16:00,68.31
AAPL,4/14/2020 16:00,71.76
AAPL,4/15/2020 16:00,71.11
AAPL,4/16/2020 16:00,71.67
AAPL,4/17/2020 16:00,70.7
AAPL,4/20/2020 16:00,69.23
AAPL,4/21/2020 16:00,67.09
AAPL,4/22/2020 16:00,69.03
AAPL,4/23/2020 16:00,68.76
AAPL,4/24/2020 16:00,70.74
AAPL,4/27/2020 16:00,70.79
AAPL,4/28/2020 16:00,69.65
AAPL,4/29/2020 16:00,71.93
AAPL,4/30/2020 16:00,73.45
AAPL,5/1/2020 16:00,72.27
AAPL,5/4/2020 16:00,73.29
AAPL,5/5/2020 16:00,74.39
AAPL,5/6/2020 16:00,75.16
AAPL,5/7/2020 16:00,75.94
AAPL,5/8/2020 16:00,77.53
AAPL,5/11/2020 16:00,78.75
AAPL,5/12/2020 16:00,77.85
AAPL,5/13/2020 16:00,76.91
AAPL,5/14/2020 16:00,77.39
AAPL,5/15/2020 16:00,76.93
AAPL,5/18/2020 16:00,78.74
AAPL,5/19/2020 16:00,78.29
AAPL,5/20/2020 16:00,79.81
AAPL,5/21/2020 16:00,79.21
AAPL,5/22/2020 16:00,79.72
AAPL,5/26/2020 16:00,79.18
AAPL,5/27/2020 16:00,79.53
AAPL,5/28/2020 16:00,79.56
AAPL,5/29/2020 16:00,79.49
AAPL,6/1/2020 16:00,80.46
AAPL,6/2/2020 16:00,80.83
AAPL,6/3/2020 16:00,81.28
AAPL,6/4/2020 16:00,80.58
AAPL,6/5/2020 16:00,82.88
AAPL,6/8/2020 16:00,83.37
AAPL,6/9/2020 16:00,86
AAPL,6/10/2020 16:00,88.21
AAPL,6/11/2020 16:00,83.98
AAPL,6/12/2020 16:00,84.7
AAPL,6/15/2020 16:00,85.75
AAPL,6/16/2020 16:00,88.02
AAPL,6/17/2020 16:00,87.9
AAPL,6/18/2020 16:00,87.93
AAPL,6/19/2020 16:00,87.43
AAPL,6/22/2020 16:00,89.72
AAPL,6/23/2020 16:00,91.63
AAPL,6/24/2020 16:00,90.02
AAPL,6/25/2020 16:00,91.21
AAPL,6/26/2020 16:00,88.41
AAPL,6/29/2020 16:00,90.45
AAPL,6/30/2020 16:00,91.2
AAPL,7/1/2020 16:00,91.03
AAPL,7/2/2020 16:00,91.03
AAPL,7/6/2020 16:00,93.46
AAPL,7/7/2020 16:00,93.17
AAPL,7/8/2020 16:00,95.34
AAPL,7/9/2020 16:00,95.68
AAPL,7/10/2020 16:00,95.92
AAPL,7/13/2020 16:00,95.48
AAPL,7/14/2020 16:00,97.06
AAPL,7/15/2020 16:00,97.73
AAPL,7/16/2020 16:00,96.52
AAPL,7/17/2020 16:00,96.33
AAPL,7/20/2020 16:00,98.36
AAPL,7/21/2020 16:00,97
AAPL,7/22/2020 16:00,97.27
AAPL,7/23/2020 16:00,92.85
AAPL,7/24/2020 16:00,92.62
AAPL,7/27/2020 16:00,94.81
AAPL,7/28/2020 16:00,93.25
AAPL,7/29/2020 16:00,95.04
AAPL,7/30/2020 16:00,96.19
AAPL,7/31/2020 16:00,106.26
AAPL,8/3/2020 16:00,108.94
AAPL,8/4/2020 16:00,109.67
AAPL,8/5/2020 16:00,110.06
AAPL,8/6/2020 16:00,113.9
AAPL,8/7/2020 16:00,111.11
AAPL,8/10/2020 16:00,112.73
AAPL,8/11/2020 16:00,109.38
AAPL,8/12/2020 16:00,113.01
AAPL,8/13/2020 16:00,115.01
AAPL,8/14/2020 16:00,114.91
AAPL,8/17/2020 16:00,114.61
AAPL,8/18/2020 16:00,115.56
AAPL,8/19/2020 16:00,115.71
AAPL,8/20/2020 16:00,118.28
AAPL,8/21/2020 16:00,124.37
AAPL,8/24/2020 16:00,125.86
AAPL,8/25/2020 16:00,124.83
AAPL,8/26/2020 16:00,126.52
AAPL,8/27/2020 16:00,125.01
AAPL,8/28/2020 16:00,124.81
AAPL,8/31/2020 16:00,129.04
AAPL,9/1/2020 16:00,134.18
AAPL,9/2/2020 16:00,131.4
AAPL,9/3/2020 16:00,120.88
AAPL,9/4/2020 16:00,120.96
AAPL,9/8/2020 16:00,112.82
AAPL,9/9/2020 16:00,117.32
AAPL,9/10/2020 16:00,113.49
AAPL,9/11/2020 16:00,112
AAPL,9/14/2020 16:00,115.36
AAPL,9/15/2020 16:00,115.54
AAPL,9/16/2020 16:00,112.13
AAPL,9/17/2020 16:00,110.34
AAPL,9/18/2020 16:00,106.84
AAPL,9/21/2020 16:00,110.08
AAPL,9/22/2020 16:00,111.81
AAPL,9/23/2020 16:00,107.12
AAPL,9/24/2020 16:00,108.22
AAPL,9/25/2020 16:00,112.28
AAPL,9/28/2020 16:00,114.96
AAPL,9/29/2020 16:00,114.09
AAPL,9/30/2020 16:00,115.81
AAPL,10/1/2020 16:00,116.79
AAPL,10/2/2020 16:00,113.02
AAPL,10/5/2020 16:00,116.5
AAPL,10/6/2020 16:00,113.16
AAPL,10/7/2020 16:00,115.08
AAPL,10/8/2020 16:00,114.97
AAPL,10/9/2020 16:00,116.97
AAPL,10/12/2020 16:00,124.4
AAPL,10/13/2020 16:00,121.1
AAPL,10/14/2020 16:00,121.19
AAPL,10/15/2020 16:00,120.71
AAPL,10/16/2020 16:00,119.02
AAPL,10/19/2020 16:00,115.98
AAPL,10/20/2020 16:00,117.51
AAPL,10/21/2020 16:00,116.87
AAPL,10/22/2020 16:00,115.75
AAPL,10/23/2020 16:00,115.04
AAPL,10/26/2020 16:00,115.05
AAPL,10/27/2020 16:00,116.6
AAPL,10/28/2020 16:00,111.2
AAPL,10/29/2020 16:00,115.32
AAPL,10/30/2020 16:00,108.86
AAPL,11/2/2020 16:00,108.77
AAPL,11/3/2020 16:00,110.44
AAPL,11/4/2020 16:00,114.95
AAPL,11/5/2020 16:00,119.03
AAPL,11/6/2020 16:00,118.69
AAPL,11/9/2020 16:00,116.32
AAPL,11/10/2020 16:00,115.97
AAPL,11/11/2020 16:00,119.49
AAPL,11/12/2020 16:00,119.21
AAPL,11/13/2020 16:00,119.26
AAPL,11/16/2020 16:00,120.3
AAPL,11/17/2020 16:00,119.39
AAPL,11/18/2020 16:00,118.03
AAPL,11/19/2020 16:00,118.64
AAPL,11/20/2020 16:00,117.34
AAPL,11/23/2020 16:00,113.85
AAPL,11/24/2020 16:00,115.17
AAPL,11/25/2020 16:00,116.03
AAPL,11/27/2020 13:00,116.59
AAPL,11/30/2020 16:00,119.05
AAPL,12/1/2020 16:00,122.72
AAPL,12/2/2020 16:00,123.08
AAPL,12/3/2020 16:00,122.94
AAPL,12/4/2020 16:00,122.25
AAPL,12/7/2020 16:00,123.75
AAPL,12/8/2020 16:00,124.38
AAPL,12/9/2020 16:00,121.78
AAPL,12/10/2020 16:00,123.24
AAPL,12/11/2020 16:00,122.41
AAPL,12/14/2020 16:00,121.78
AAPL,12/15/2020 16:00,127.88
AAPL,12/16/2020 16:00,127.81
AAPL,12/17/2020 16:00,128.7
AAPL,12/18/2020 16:00,126.66
AAPL,12/21/2020 16:00,128.23
AAPL,12/22/2020 16:00,131.88
AAPL,12/23/2020 16:00,130.96
AAPL,12/24/2020 13:00,131.97
AAPL,12/28/2020 16:00,136.69
AAPL,12/29/2020 16:00,134.87
AAPL,12/30/2020 16:00,133.72
AAPL,12/31/2020 16:00,132.69
AAPL,1/4/2021 16:00,129.41
AAPL,1/5/2021 16:00,131.01
AAPL,1/6/2021 16:00,126.6
AAPL,1/7/2021 16:00,130.92
AAPL,1/8/2021 16:00,132.05
AAPL,1/11/2021 16:00,128.98
AAPL,1/12/2021 16:00,128.8
AAPL,1/13/2021 16:00,130.89
AAPL,1/14/2021 16:00,128.91
AAPL,1/15/2021 16:00,127.14
AAPL,1/19/2021 16:00,127.83
AAPL,1/20/2021 16:00,132.03
AAPL,1/21/2021 16:00,136.87
AAPL,1/22/2021 16:00,139.07
AAPL,1/25/2021 16:00,142.92
AAPL,1/26/2021 16:00,143.16
AAPL,1/27/2021 16:00,142.06
AAPL,1/28/2021 16:00,137.09
AAPL,1/29/2021 16:00,131.96
AAPL,2/1/2021 16:00,134.14
AAPL,2/2/2021 16:00,134.99
AAPL,2/3/2021 16:00,133.94
AAPL,2/4/2021 16:00,137.39
AAPL,2/5/2021 16:00,136.76
AAPL,2/8/2021 16:00,136.91
AAPL,2/9/2021 16:00,136.01
AAPL,2/10/2021 16:00,135.39
AAPL,2/11/2021 16:00,135.13
AAPL,2/12/2021 16:00,135.37
AAPL,2/16/2021 16:00,133.19
AAPL,2/17/2021 16:00,130.84
AAPL,2/18/2021 16:00,129.71
AAPL,2/19/2021 16:00,129.87
AAPL,2/22/2021 16:00,126
AAPL,2/23/2021 16:00,125.86
AAPL,2/24/2021 16:00,125.35
AAPL,2/25/2021 16:00,120.99
AAPL,2/26/2021 16:00,121.26
AAPL,3/1/2021 16:00,127.79
AAPL,3/2/2021 16:00,125.12
AAPL,3/3/2021 16:00,122.06
AAPL,3/4/2021 16:00,120.13
AAPL,3/5/2021 16:00,121.42
AAPL,3/8/2021 16:00,116.36
AAPL,3/9/2021 16:00,121.09
AAPL,3/10/2021 16:00,119.98
AAPL,3/11/2021 16:00,121.96
AAPL,3/12/2021 16:00,121.03
AAPL,3/15/2021 16:00,123.99
AAPL,3/16/2021 16:00,125.57
AAPL,3/17/2021 16:00,124.76
AAPL,3/18/2021 16:00,120.53
AAPL,3/19/2021 16:00,119.99
AAPL,3/22/2021 16:00,123.39
AAPL,3/23/2021 16:00,122.54
AAPL,3/24/2021 16:00,120.09
AAPL,3/25/2021 16:00,120.59
AAPL,3/26/2021 16:00,121.21
AAPL,3/29/2021 16:00,121.39
AAPL,3/30/2021 16:00,119.9
AAPL,3/31/2021 16:00,122.15
AAPL,4/1/2021 16:00,123
AAPL,4/5/2021 16:00,125.9
AAPL,4/6/2021 16:00,126.21
AAPL,4/7/2021 16:00,127.9
AAPL,4/8/2021 16:00,130.36
AAPL,4/9/2021 16:00,133
AAPL,4/12/2021 16:00,131.24
AAPL,4/13/2021 16:00,134.43
AAPL,4/14/2021 16:00,132.03
AAPL,4/15/2021 16:00,134.5
AAPL,4/16/2021 16:00,134.16
AAPL,4/19/2021 16:00,134.84
AAPL,4/20/2021 16:00,133.11
AAPL,4/21/2021 16:00,133.5
AAPL,4/22/2021 16:00,131.94
AAPL,4/23/2021 16:00,134.32
AAPL,4/26/2021 16:00,134.72
AAPL,4/27/2021 16:00,134.39
AAPL,4/28/2021 16:00,133.58
AAPL,4/29/2021 16:00,133.48
AAPL,4/30/2021 16:00,131.46
AAPL,5/3/2021 16:00,132.54
AAPL,5/4/2021 16:00,127.85
AAPL,5/5/2021 16:00,128.1
AAPL,5/6/2021 16:00,129.74
AAPL,5/7/2021 16:00,130.21
AAPL,5/10/2021 16:00,126.85
AAPL,5/11/2021 16:00,125.91
AAPL,5/12/2021 16:00,122.77
AAPL,5/13/2021 16:00,124.97
AAPL,5/14/2021 16:00,127.45
AAPL,5/17/2021 16:00,126.27
AAPL,5/18/2021 16:00,124.85
AAPL,5/19/2021 16:00,124.69
AAPL,5/20/2021 16:00,127.31
AAPL,5/21/2021 16:00,125.43
AAPL,5/24/2021 16:00,127.1
AAPL,5/25/2021 16:00,126.9
AAPL,5/26/2021 16:00,126.85
AAPL,5/27/2021 16:00,125.28
AAPL,5/28/2021 16:00,124.61
AAPL,6/1/2021 16:00,124.28
AAPL,6/2/2021 16:00,125.06
AAPL,6/3/2021 16:00,123.54
AAPL,6/4/2021 16:00,125.89
AAPL,6/7/2021 16:00,125.9
AAPL,6/8/2021 16:00,126.74
AAPL,6/9/2021 16:00,127.13
AAPL,6/10/2021 16:00,126.11
AAPL,6/11/2021 16:00,127.35
AAPL,6/14/2021 16:00,130.48
AAPL,6/15/2021 16:00,129.64
AAPL,6/16/2021 16:00,130.15
AAPL,6/17/2021 16:00,131.79
AAPL,6/18/2021 16:00,130.46
AAPL,6/21/2021 16:00,132.3
AAPL,6/22/2021 16:00,133.98
AAPL,6/23/2021 16:00,133.7
AAPL,6/24/2021 16:00,133.41
AAPL,6/25/2021 16:00,133.11
AAPL,6/28/2021 16:00,134.78
AAPL,6/29/2021 16:00,136.33
AAPL,6/30/2021 16:00,136.96
AAPL,7/1/2021 16:00,137.27
AAPL,7/2/2021 16:00,139.96
AAPL,7/6/2021 16:00,142.02
AAPL,7/7/2021 16:00,144.57
AAPL,7/8/2021 16:00,143.24
AAPL,7/9/2021 16:00,145.11
AAPL,7/12/2021 16:00,144.5
AAPL,7/13/2021 16:00,145.64
AAPL,7/14/2021 16:00,149.15
AAPL,7/15/2021 16:00,148.48
AAPL,7/16/2021 16:00,146.39
AAPL,7/19/2021 16:00,142.45
AAPL,7/20/2021 16:00,146.15
AAPL,7/21/2021 16:00,145.4
AAPL,7/22/2021 16:00,146.8
AAPL,7/23/2021 16:00,148.56
AAPL,7/26/2021 16:00,148.99
AAPL,7/27/2021 16:00,146.77
AAPL,7/28/2021 16:00,144.98
AAPL,7/29/2021 16:00,145.64
AAPL,7/30/2021 16:00,145.86
AAPL,8/2/2021 16:00,145.52
AAPL,8/3/2021 16:00,147.36
AAPL,8/4/2021 16:00,146.95
AAPL,8/5/2021 16:00,147.06
AAPL,8/6/2021 16:00,146.14
AAPL,8/9/2021 16:00,146.09
AAPL,8/10/2021 16:00,145.6
AAPL,8/11/2021 16:00,145.86
AAPL,8/12/2021 16:00,148.89
AAPL,8/13/2021 16:00,149.1
AAPL,8/16/2021 16:00,151.12
AAPL,8/17/2021 16:00,150.19
AAPL,8/18/2021 16:00,146.36
AAPL,8/19/2021 16:00,146.7
AAPL,8/20/2021 16:00,148.19
AAPL,8/23/2021 16:00,149.71
AAPL,8/24/2021 16:00,149.62
AAPL,8/25/2021 16:00,148.36
AAPL,8/26/2021 16:00,147.54
AAPL,8/27/2021 16:00,148.6
AAPL,8/30/2021 16:00,153.12
AAPL,8/31/2021 16:00,151.83
AAPL,9/1/2021 16:00,152.51
AAPL,9/2/2021 16:00,153.65
AAPL,9/3/2021 16:00,154.3
AAPL,9/7/2021 16:00,156.69
AAPL,9/8/2021 16:00,155.11
AAPL,9/9/2021 16:00,154.07
AAPL,9/10/2021 16:00,148.97
AAPL,9/13/2021 16:00,149.55
AAPL,9/14/2021 16:00,148.12
AAPL,9/15/2021 16:00,149.03
AAPL,9/16/2021 16:00,148.79
AAPL,9/17/2021 16:00,146.06
AAPL,9/20/2021 16:00,142.94
AAPL,9/21/2021 16:00,143.43
AAPL,9/22/2021 16:00,145.85
AAPL,9/23/2021 16:00,146.83
AAPL,9/24/2021 16:00,146.92
AAPL,9/27/2021 16:00,145.37
AAPL,9/28/2021 16:00,141.91
AAPL,9/29/2021 16:00,142.83
AAPL,9/30/2021 16:00,141.5
AAPL,10/1/2021 16:00,142.65
AAPL,10/4/2021 16:00,139.14
AAPL,10/5/2021 16:00,141.11
AAPL,10/6/2021 16:00,142
AAPL,10/7/2021 16:00,143.29
AAPL,10/8/2021 16:00,142.9
AAPL,10/11/2021 16:00,142.81
AAPL,10/12/2021 16:00,141.51
AAPL,10/13/2021 16:00,140.91
AAPL,10/14/2021 16:00,143.76
AAPL,10/15/2021 16:00,144.84
AAPL,10/18/2021 16:00,146.55
AAPL,10/19/2021 16:00,148.76
AAPL,10/20/2021 16:00,149.26
AAPL,10/21/2021 16:00,149.48
AAPL,10/22/2021 16:00,148.69
AAPL,10/25/2021 16:00,148.64
AAPL,10/26/2021 16:00,149.32
AAPL,10/27/2021 16:00,148.85
AAPL,10/28/2021 16:00,152.57
AAPL,10/29/2021 16:00,149.8
AAPL,11/1/2021 16:00,148.96
AAPL,11/2/2021 16:00,150.02
AAPL,11/3/2021 16:00,151.49
AAPL,11/4/2021 16:00,150.96
AAPL,11/5/2021 16:00,151.28
AAPL,11/8/2021 16:00,150.44
AAPL,11/9/2021 16:00,150.81
AAPL,11/10/2021 16:00,147.92
AAPL,11/11/2021 16:00,147.87
AAPL,11/12/2021 16:00,149.99
AAPL,11/15/2021 16:00,150
AAPL,11/16/2021 16:00,151
AAPL,11/17/2021 16:00,153.49
AAPL,11/18/2021 16:00,157.87
AAPL,11/19/2021 16:00,160.55
AAPL,11/22/2021 16:00,161.02
AAPL,11/23/2021 16:00,161.41
AAPL,11/24/2021 16:00,161.94
AAPL,11/26/2021 13:00,156.81
AAPL,11/29/2021 16:00,160.24
AAPL,11/30/2021 16:00,165.3
AAPL,12/1/2021 16:00,164.77
AAPL,12/2/2021 16:00,163.76
AAPL,12/3/2021 16:00,161.84
AAPL,12/6/2021 16:00,165.32
AAPL,12/7/2021 16:00,171.18
AAPL,12/8/2021 16:00,175.08
AAPL,12/9/2021 16:00,174.56
AAPL,12/10/2021 16:00,179.45
AAPL,12/13/2021 16:00,175.74
AAPL,12/14/2021 16:00,174.33
AAPL,12/15/2021 16:00,179.3
AAPL,12/16/2021 16:00,172.26
AAPL,12/17/2021 16:00,171.14
AAPL,12/20/2021 16:00,169.75
AAPL,12/21/2021 16:00,172.99
AAPL,12/22/2021 16:00,175.64
AAPL,12/23/2021 16:00,176.28
AAPL,12/27/2021 16:00,180.33
AAPL,12/28/2021 16:00,179.29
AAPL,12/29/2021 16:00,179.38
AAPL,12/30/2021 16:00,178.2
AAPL,12/31/2021 16:00,177.57
AAPL,1/3/2022 16:00,182.01
AAPL,1/4/2022 16:00,179.7
AAPL,1/5/2022 16:00,174.92
AAPL,1/6/2022 16:00,172
AAPL,1/7/2022 16:00,172.17
AAPL,1/10/2022 16:00,172.19
AAPL,1/11/2022 16:00,175.08
AAPL,1/12/2022 16:00,175.53
AAPL,1/13/2022 16:00,172.19
AAPL,1/14/2022 16:00,173.07
AAPL,1/18/2022 16:00,169.8
AAPL,1/19/2022 16:00,166.23
AAPL,1/20/2022 16:00,164.51
AAPL,1/21/2022 16:00,162.41
AAPL,1/24/2022 16:00,161.62
AAPL,1/25/2022 16:00,159.78
AAPL,1/26/2022 16:00,159.69
AAPL,1/27/2022 16:00,159.22
AAPL,1/28/2022 16:00,170.33
AAPL,1/31/2022 16:00,174.78
AAPL,2/1/2022 16:00,174.61
AAPL,2/2/2022 16:00,175.84
AAPL,2/3/2022 16:00,172.9
AAPL,2/4/2022 16:00,172.39
AAPL,2/7/2022 16:00,171.66
AAPL,2/8/2022 16:00,174.83
AAPL,2/9/2022 16:00,176.28
AAPL,2/10/2022 16:00,172.12
AAPL,2/11/2022 16:00,168.64
AAPL,2/14/2022 16:00,168.88
AAPL,2/15/2022 16:00,172.79
AAPL,2/16/2022 16:00,172.55
AAPL,2/17/2022 16:00,168.88
AAPL,2/18/2022 16:00,167.3
AAPL,2/22/2022 16:00,164.32
AAPL,2/23/2022 16:00,160.07
AAPL,2/24/2022 16:00,162.74
AAPL,2/25/2022 16:00,164.85
AAPL,2/28/2022 16:00,165.12
AAPL,3/1/2022 16:00,163.2
AAPL,3/2/2022 16:00,166.56
AAPL,3/3/2022 16:00,166.23
AAPL,3/4/2022 16:00,163.17
AAPL,3/7/2022 16:00,159.3
AAPL,3/8/2022 16:00,157.44
AAPL,3/9/2022 16:00,162.95
AAPL,3/10/2022 16:00,158.52
AAPL,3/11/2022 16:00,154.73
AAPL,3/14/2022 16:00,150.62
AAPL,3/15/2022 16:00,155.09
AAPL,3/16/2022 16:00,159.59
AAPL,3/17/2022 16:00,160.62
AAPL,3/18/2022 16:00,163.98
AAPL,3/21/2022 16:00,165.38
AAPL,3/22/2022 16:00,168.82
AAPL,3/23/2022 16:00,170.21
AAPL,3/24/2022 16:00,174.07
AAPL,3/25/2022 16:00,174.72
AAPL,3/28/2022 16:00,175.6
AAPL,3/29/2022 16:00,178.96
AAPL,3/30/2022 16:00,177.77
AAPL,3/31/2022 16:00,174.61
AAPL,4/1/2022 16:00,174.31
AAPL,4/4/2022 16:00,178.44
AAPL,4/5/2022 16:00,175.06
AAPL,4/6/2022 16:00,171.83
AAPL,4/7/2022 16:00,172.14
AAPL,4/8/2022 16:00,170.09
AAPL,4/11/2022 16:00,165.75
AAPL,4/12/2022 16:00,167.66
AAPL,4/13/2022 16:00,170.4
AAPL,4/14/2022 16:00,165.29
AAPL,4/18/2022 16:00,165.07
AAPL,4/19/2022 16:00,167.4
AAPL,4/20/2022 16:00,167.23
AAPL,4/21/2022 16:00,166.42
AAPL,4/22/2022 16:00,161.79
AAPL,4/25/2022 16:00,162.88
AAPL,4/26/2022 16:00,156.8
AAPL,4/27/2022 16:00,156.57
AAPL,4/28/2022 16:00,163.64
AAPL,4/29/2022 16:00,157.65
AAPL,5/2/2022 16:00,157.96
AAPL,5/3/2022 16:00,159.48
AAPL,5/4/2022 16:00,166.02
AAPL,5/5/2022 16:00,156.77
AAPL,5/6/2022 16:00,157.28
AAPL,5/9/2022 16:00,152.06
AAPL,5/10/2022 16:00,154.51
AAPL,5/11/2022 16:00,146.5
AAPL,5/12/2022 16:00,142.56
AAPL,5/13/2022 16:00,147.11
AAPL,5/16/2022 16:00,145.54
AAPL,5/17/2022 16:00,149.24
AAPL,5/18/2022 16:00,140.82
AAPL,5/19/2022 16:00,137.35
AAPL,5/20/2022 16:00,137.59
AAPL,5/23/2022 16:00,143.11
AAPL,5/24/2022 16:00,140.36
AAPL,5/25/2022 16:00,140.52
AAPL,5/26/2022 16:00,143.78
AAPL,5/27/2022 16:00,149.64
AAPL,5/31/2022 16:00,148.84
AAPL,6/1/2022 16:00,148.71
AAPL,6/2/2022 16:00,151.21
AAPL,6/3/2022 16:00,145.38
AAPL,6/6/2022 16:00,146.14
AAPL,6/7/2022 16:00,148.71
AAPL,6/8/2022 16:00,147.96
AAPL,6/9/2022 16:00,142.64
AAPL,6/10/2022 16:00,137.13
AAPL,6/13/2022 16:00,131.88
AAPL,6/14/2022 16:00,132.76
AAPL,6/15/2022 16:00,135.43
AAPL,6/16/2022 16:00,130.06
AAPL,6/17/2022 16:00,131.56
AAPL,6/21/2022 16:00,135.87
AAPL,6/22/2022 16:00,135.35
AAPL,6/23/2022 16:00,138.27
AAPL,6/24/2022 16:00,141.66
AAPL,6/27/2022 16:00,141.66
AAPL,6/28/2022 16:00,137.44
AAPL,6/29/2022 16:00,139.23
AAPL,6/30/2022 16:00,136.72
AAPL,7/1/2022 16:00,138.93
AAPL,7/5/2022 16:00,141.56
AAPL,7/6/2022 16:00,142.92
AAPL,7/7/2022 16:00,146.35
AAPL,7/8/2022 16:00,147.04
AAPL,7/11/2022 16:00,144.87
AAPL,7/12/2022 16:00,145.86
AAPL,7/13/2022 16:00,145.49
AAPL,7/14/2022 16:00,148.47
AAPL,7/15/2022 16:00,150.17
AAPL,7/18/2022 16:00,147.07
AAPL,7/19/2022 16:00,151
AAPL,7/20/2022 16:00,153.04
AAPL,7/21/2022 16:00,155.35
AAPL,7/22/2022 16:00,154.09
AAPL,7/25/2022 16:00,152.95
AAPL,7/26/2022 16:00,151.6
AAPL,7/27/2022 16:00,156.79
AAPL,7/28/2022 16:00,157.35
AAPL,7/29/2022 16:00,162.51
AAPL,8/1/2022 16:00,161.51
AAPL,8/2/2022 16:00,160.01
AAPL,8/3/2022 16:00,166.13
AAPL,8/4/2022 16:00,165.81
AAPL,8/5/2022 16:00,165.35
AAPL,8/8/2022 16:00,164.87
AAPL,8/9/2022 16:00,164.92
AAPL,8/10/2022 16:00,169.24
AAPL,8/11/2022 16:00,168.49
AAPL,8/12/2022 16:00,172.1
AAPL,8/15/2022 16:00,173.19
AAPL,8/16/2022 16:00,173.03
AAPL,8/17/2022 16:00,174.55
AAPL,8/18/2022 16:00,174.15
AAPL,8/19/2022 16:00,171.52
AAPL,8/22/2022 16:00,167.57
AAPL,8/23/2022 16:00,167.23
AAPL,8/24/2022 16:00,167.53
AAPL,8/25/2022 16:00,170.03
AAPL,8/26/2022 16:00,163.62
AAPL,8/29/2022 16:00,161.38
AAPL,8/30/2022 16:00,158.91
AAPL,8/31/2022 16:00,157.22
AAPL,9/1/2022 16:00,157.96
AAPL,9/2/2022 16:00,155.81
AAPL,9/6/2022 16:00,154.53
AAPL,9/7/2022 16:00,155.96
AAPL,9/8/2022 16:00,154.46
AAPL,9/9/2022 16:00,157.37
AAPL,9/12/2022 16:00,163.43
AAPL,9/13/2022 16:00,153.84
AAPL,9/14/2022 16:00,155.31
AAPL,9/15/2022 16:00,152.37
AAPL,9/16/2022 16:00,150.7
AAPL,9/19/2022 16:00,154.48
AAPL,9/20/2022 16:00,156.9
AAPL,9/21/2022 16:00,153.72
AAPL,9/22/2022 16:00,152.74
AAPL,9/23/2022 16:00,150.43
AAPL,9/26/2022 16:00,150.77
AAPL,9/27/2022 16:00,151.76
AAPL,9/28/2022 16:00,149.84
AAPL,9/29/2022 16:00,142.48
AAPL,9/30/2022 16:00,138.2
AAPL,10/3/2022 16:00,142.45
AAPL,10/4/2022 16:00,146.1
AAPL,10/5/2022 16:00,146.4
AAPL,10/6/2022 16:00,145.43
AAPL,10/7/2022 16:00,140.09
AAPL,10/10/2022 16:00,140.42
AAPL,10/11/2022 16:00,138.98
AAPL,10/12/2022 16:00,138.34
AAPL,10/13/2022 16:00,142.99
AAPL,10/14/2022 16:00,138.38
AAPL,10/17/2022 16:00,142.41
AAPL,10/18/2022 16:00,143.75
AAPL,10/19/2022 16:00,143.86
AAPL,10/20/2022 16:00,143.39
AAPL,10/21/2022 16:00,147.27
AAPL,10/24/2022 16:00,149.45
AAPL,10/25/2022 16:00,152.34
AAPL,10/26/2022 16:00,149.35
AAPL,10/27/2022 16:00,144.8
AAPL,10/28/2022 16:00,155.74
AAPL,10/31/2022 16:00,153.34
AAPL,11/1/2022 16:00,150.65
AAPL,11/2/2022 16:00,145.03
AAPL,11/3/2022 16:00,138.88
AAPL,11/4/2022 16:00,138.38
AAPL,11/7/2022 16:00,138.92
AAPL,11/8/2022 16:00,139.5
AAPL,11/9/2022 16:00,134.87
AAPL,11/10/2022 16:00,146.87
AAPL,11/11/2022 16:00,149.7
AAPL,11/14/2022 16:00,148.28
AAPL,11/15/2022 16:00,150.04
AAPL,11/16/2022 16:00,148.79
AAPL,11/17/2022 16:00,150.72
AAPL,11/18/2022 16:00,151.29
AAPL,11/21/2022 16:00,148.01
AAPL,11/22/2022 16:00,150.18
AAPL,11/23/2022 16:00,151.07
AAPL,11/25/2022 13:05,148.11
AAPL,11/28/2022 16:00,144.22
AAPL,11/29/2022 16:00,141.17
AAPL,11/30/2022 16:00,148.03
AAPL,12/1/2022 16:00,148.31
AAPL,12/2/2022 16:00,147.81
AAPL,12/5/2022 16:00,146.63
AAPL,12/6/2022 16:00,142.91
AAPL,12/7/2022 16:00,140.94
AAPL,12/8/2022 16:00,142.65
AAPL,12/9/2022 16:00,142.16
AAPL,12/12/2022 16:00,144.49
AAPL,12/13/2022 16:00,145.47
AAPL,12/14/2022 16:00,143.21
AAPL,12/15/2022 16:00,136.5
AAPL,12/16/2022 16:00,134.51
AAPL,12/19/2022 16:00,132.37
AAPL,12/20/2022 16:00,132.3
AAPL,12/21/2022 16:00,135.45
AAPL,12/22/2022 16:00,132.23
AAPL,12/23/2022 16:00,131.86
AAPL,12/27/2022 16:00,130.03
AAPL,12/28/2022 16:00,126.04
AAPL,12/29/2022 16:00,129.61
AAPL,12/30/2022 16:00,129.93
